年,月,日,時,分,縣市,區,死,受傷,2-30,天候,光線,道路類別,速限,道路型態,事故位置,路面鋪裝,路面狀態,路面缺陷,障礙物,視距,號誌種類,號誌動作,分向設施,快車道或一般車道間,快慢車道間,路面邊線,事故類型及型態,主要肇因,受傷程度,主要傷處,保護裝備,行動電話,當事者區分_類別,車輛用途,當事者行動狀態,駕駛資格情形,駕駛執照種類,飲酒情形,車輛撞擊部位最初,車輛撞擊部位其他,肇事因素個別,肇事因素主要,肇事逃逸,職業,旅次目的,車種,GPS座標_緯度,GPS座標_經度,事故類別
2018,9,2,14,14,臺中市,太平區,0,2,0,8,1,5,40,4,1,1,5,4,5,7,4,4,10,5,5,1,15,6,2,9,3,4,C03,7,9,1,10,2,14,  ,6,6,1,9,8,C03,24.141542,120.727024,2
2018,9,2,14,17,臺中市,清水區,0,0,,8,,,70,,,,,,,,,,,,,,,,,,,,A12,,,1,,2,,,7,,1,10,,A12,24.297141,120.564336,3
2018,9,2,14,19,臺中市,大雅區,0,1,0,8,1,5,50,14,8,1,5,4,5,7,4,4,9,4,5,1,12,40,3,10,1,1,B12,7,13,1,8,2,8,  ,40,40,1,22,9,B12,24.22714,120.65239,2
2018,9,2,14,25,臺中市,和平區,0,0,0,6,1,7,25,11,9,1,4,4,5,1,4,4,10,5,5,1,13,16,3,10,3,4,B12,7,12,1,7,2,1,  ,16,16,1,22,9,B12,24.243718,120.913143,4
2018,9,2,14,30,臺中市,神岡區,0,0,,8,,,50,,,,,,,,,,,,,,,,,,,,B03,,,1,,2,,,23,,1,21,,B03,24.248921,120.698719,3
2018,9,2,14,32,臺中市,大安區,0,1,0,8,1,5,40,3,1,1,5,4,5,7,4,4,10,5,5,2,17,6,3,10,1,1,B03,7,6,1,8,2,7,  ,6,6,1,22,8,B03,24.354297,120.57657,2
2018,9,2,14,34,臺中市,南屯區,0,1,0,8,1,5,40,14,9,1,5,4,5,7,4,4,10,5,5,2,17,42,2,9,1,1,C03,7,9,1,10,2,11,  ,42,42,1,22,8,C03,24.14943,120.64777,2
2018,9,2,14,50,臺中市,太平區,0,1,0,8,1,5,40,4,1,1,5,4,5,7,4,4,10,5,5,2,15,6,2,9,1,1,C03,7,9,1,10,2,11,  ,6,6,1,18,8,C03,24.142204,120.725543,2
2018,9,2,14,52,臺中市,西區,0,1,0,8,1,5,50,4,2,1,5,4,5,7,1,1,1,3,4,2,17,10,2,9,1,1,C03,7,11,1,10,2,12,  ,10,10,1,22,9,C03,24.140085,120.663641,2
2018,9,2,14,52,臺中市,北屯區,0,0,,8,,,40,,,,,,,,,,,,,,,,,,,,C03,,,6,,1,,,43,,1,  ,,C03,24.163929,120.693707,3
2018,9,2,15,0,臺中市,南屯區,0,0,0,8,1,5,50,14,9,1,5,4,5,7,4,4,10,5,5,2,13,23,3,10,1,1,B03,7,9,1,8,2,1,1,23,23,1,3,3,B03,24.141466,120.638478,3
2018,9,2,15,3,臺中市,北區,0,0,0,8,,,50,,,,,,,,,,,,,,,16,  ,  ,  ,  ,B03,  ,  ,1,  ,2,  ,  ,16,16,1,  ,  ,B03,24.15539,120.669162,3
2018,9,2,15,20,臺中市,霧峰區,0,0,,8,,,50,,,,,,,,,,,,,,,12,,,,,   ,,,7,,11,,,60,12,1,  ,,   ,24.065226,120.696741,3
2018,9,2,15,30,臺中市,龍井區,0,0,,8,,,40,,,,,,,,,,,,,,,,,,,,A41,,,1,,2,,,23,,1,10,,A41,24.199103,120.511491,3
2018,9,2,15,30,臺中市,大甲區,0,0,,8,,,70,,,,,,,,,,,,,,,,,,,,B03,,,1,,2,,,10,,1,20,,B03,24.367585,120.642895,3
2018,9,2,15,35,臺中市,西屯區,0,2,0,8,1,5,50,14,7,1,5,4,5,7,4,4,5,5,4,2,12,7,3,10,1,1,C03,7,7,1,10,2,14,  ,7,7,1,22,8,C03,24.178553,120.643581,2
2018,9,2,15,35,臺中市,大里區,0,1,0,8,1,5,50,3,1,1,5,4,5,7,4,4,10,5,5,2,16,6,3,10,1,1,B03,7,11,1,8,2,6,  ,6,6,1,9,8,B03,24.091545,120.711203,2
2018,9,2,15,46,臺中市,南屯區,0,0,,8,,,50,,,,,,,,,,,,,,,,,,,,B02,,,1,,2,,,23,,1,5,,B02,24.154511,120.63589,3
2018,9,2,15,50,臺中市,北屯區,0,0,0,8,,,50,,,,,,,,,,,,,,,23,  ,  ,  ,  ,B03,  ,  ,1,  ,2,  ,  ,23,23,1,21,  ,B03,24.177193,120.734925,3
2018,9,2,16,0,臺中市,南區,0,1,0,8,1,5,50,3,1,1,5,4,5,7,4,4,10,5,5,2,17,6,3,10,1,1,B03,7,11,1,8,2,5,  ,6,6,1,21,8,B03,24.120571,120.669981,2
2018,9,2,16,0,臺中市,南屯區,0,1,0,8,1,5,50,3,1,1,5,4,5,7,1,1,10,5,5,2,16,6,3,10,1,1,B03,7,6,1,8,2,2,  ,6,6,1,21,8,B03,24.153768,120.638394,2
2018,9,2,16,8,臺中市,大里區,0,0,,8,,,30,,,,,,,,,,,,,,,,,,,,B02,,,1,,2,,,6,,1,3,,B02,24.104224,120.69569,3
2018,9,2,16,9,臺中市,大里區,0,0,,8,,,40,,,,,,,,,,,,,,,,,,,,C03,,,1,,2,,,23,,1,3,,C03,24.100968,120.691795,3
2018,9,2,16,10,臺中市,西屯區,0,0,,8,,,50,,,,,,,,,,,,,,,,,,,,B03,,,1,,2,,,43,,1,  ,,B03,24.173996,120.647746,3
2018,9,2,16,10,臺中市,大里區,0,0,,8,,,50,,,,,,,,,,,,,,,,,,,,C03,,,1,,2,,,42,,1,12,,C03,24.089058,120.700096,3
2018,9,2,16,14,臺中市,大里區,0,0,,8,,,50,,,,,,,,,,,,,,,,,,,,B02,,,1,,2,,,23,,1,22,,B02,24.093912,120.703273,3
2018,9,2,16,15,臺中市,太平區,0,2,0,8,1,5,50,4,1,1,5,4,5,7,2,1,10,5,5,2,16,26,2,9,3,4,C03,7,5,3,18,2,13,  ,26,26,1,20,8,C03,24.128799,120.717924,2
2018,9,2,16,18,臺中市,太平區,0,0,0,8,,,50,,,,,,,,,,,,,,,6,  ,  ,  ,  ,C03,  ,  ,1,  ,2,  ,  ,6,6,1,18,  ,C03,24.104598,120.720733,3
2018,9,2,16,23,臺中市,中區,0,1,0,8,1,5,50,3,1,1,5,4,5,7,4,4,9,4,5,2,16,43,2,8,1,1,C03,7,5,1,10,2,14,  ,43,43,1,21,8,C03,24.141657,120.676545,2
2018,9,2,16,23,臺中市,北屯區,0,1,0,8,1,5,50,4,1,1,5,4,5,7,2,1,10,5,5,2,16,25,2,9,1,1,C03,7,9,1,10,2,11,14,25,25,1,18,8,C03,24.181865,120.721226,2
2018,9,2,16,29,臺中市,北屯區,0,1,0,8,1,5,50,4,2,1,5,4,5,7,2,1,1,2,5,2,13,16,2,9,1,1,C03,7,9,3,18,2,11,  ,16,16,1,21,8,C03,24.178969,120.686172,2
2018,9,2,16,30,臺中市,霧峰區,0,0,,8,,,50,,,,,,,,,,,,,,,,,,,,B03,,,1,,2,,,23,,1,22,,B03,24.065181,120.696766,3
2018,9,2,16,31,臺中市,大甲區,0,0,,8,,,50,,,,,,,,,,,,,,,,,,,,B12,,,1,,2,,,6,,1,21,,B12,24.352038,120.622225,3
2018,9,2,16,36,臺中市,清水區,0,0,,8,,,40,,,,,,,,,,,,,,,,,,,,B12,,,1,,2,,,12,,1,21,,B12,24.311651,120.551634,3
2018,9,2,16,38,臺中市,南屯區,0,0,,8,,,60,,,,,,,,,,,,,,,,,,,,B03,,,1,,2,,,23,,1,22,,B03,24.139897,120.622951,3
2018,9,2,16,40,臺中市,南區,0,1,0,8,1,5,50,4,1,1,5,4,5,6,1,1,10,5,5,2,16,26,3,10,1,1,B03,7,6,1,8,2,5,  ,26,26,1,22,5,B03,24.128806,120.668718,2
2018,9,2,16,40,臺中市,大里區,0,2,0,8,1,5,50,14,7,1,5,4,5,7,4,4,5,5,5,1,13,16,2,9,1,1,C03,7,9,1,10,2,11,  ,16,16,1,9,8,C03,24.096386,120.699866,2
2018,9,2,16,55,臺中市,清水區,0,0,0,8,,,70,,,,,,,,,,,,,,,9,  ,  ,  ,  ,B03,  ,  ,1,  ,2,  ,  ,9,9,1,21,  ,B03,24.29729,120.564533,3
2018,9,2,17,6,臺中市,西區,0,1,0,8,1,5,50,4,1,1,5,4,5,7,2,1,10,5,5,2,17,40,3,10,1,1,B01,7,14,1,4,2,4,  ,40,40,1,10,1,B01,24.150891,120.662967,2
2018,9,2,17,11,臺中市,東區,0,0,0,8,,,50,,,,,,,,,,,,,,,23,  ,  ,  ,  ,B03,  ,  ,1,8,2,  ,  ,23,23,1,  ,  ,B03,24.134656,120.700654,3
2018,9,2,17,15,臺中市,南區,0,0,,8,,,50,,,,,,,,,,,,,,,,,,,,B03,,,1,,2,,,23,,1,4,,B03,24.111765,120.670148,3
2018,9,2,17,15,臺中市,西屯區,0,0,,8,,,50,,,,,,,,,,,,,,,,,,,,B03,,,1,,2,,,7,,1,  ,,B03,24.165808,120.639742,3
2018,9,2,17,20,臺中市,梧棲區,0,1,0,8,1,5,70,3,1,1,5,4,5,7,1,1,10,5,5,2,16,6,2,9,3,4,C03,7,9,1,10,2,11,  ,14,6,1,21,8,C03,24.233354,120.547155,2
2018,9,2,17,28,臺中市,潭子區,0,1,0,8,1,5,50,14,8,1,5,4,5,7,4,4,1,4,4,1,13,16,2,9,1,1,C03,7,9,1,10,2,15,  ,16,16,1,22,9,C03,24.215945,120.693348,2
2018,9,2,17,35,臺中市,南區,0,2,0,8,1,5,50,4,1,1,5,4,5,7,4,4,10,5,5,2,15,6,3,10,1,1,B03,7,9,1,8,2,1,  ,6,6,1,21,8,B03,24.124484,120.675156,2
2018,9,2,17,51,臺中市,北屯區,0,0,,8,,,40,,,,,,,,,,,,,,,,,,,,B03,,,1,,2,,,23,,1,22,,B03,24.173465,120.690541,3
2018,9,2,17,57,臺中市,西屯區,0,0,,8,,,50,,,,,,,,,,,,,,,,,,,,C03,,,1,,2,,,43,,1,  ,,C03,24.186598,120.626913,3
2018,9,2,18,1,臺中市,清水區,0,0,0,8,,,40,,,,,,,,,,,,,,,23,  ,  ,  ,  ,B03,  ,  ,1,  ,2,  ,  ,23,23,1,21,  ,B03,24.31084,120.55735,3
2018,9,2,18,5,臺中市,沙鹿區,0,1,0,8,3,5,50,3,1,1,5,4,5,7,4,4,10,5,5,2,17,26,3,10,1,1,B12,7,9,1,8,1,4,  ,26,26,1,20,5,B12,24.214758,120.571806,2
2018,9,2,18,10,臺中市,中區,0,0,,8,,,50,,,,,,,,,,,,,,,,,,,,B03,,,1,,2,,,18,,  ,  ,,B03,24.146032,120.677587,3
2018,9,2,18,12,臺中市,石岡區,0,1,0,8,1,5,40,4,1,1,5,4,5,7,4,4,5,5,5,1,15,6,3,10,1,1,C03,7,9,1,10,2,14,  ,14,6,1,22,8,C03,24.269969,120.805011,2
2018,9,2,18,30,臺中市,霧峰區,0,0,,8,,,70,,,,,,,,,,,,,,,,,,,,   ,,,7,,11,,,43,,  ,  ,,   ,24.062916,120.695341,3
2018,9,2,18,39,臺中市,北區,0,1,0,8,1,5,40,4,4,1,5,4,5,7,1,1,1,4,4,2,16,23,3,10,1,1,B03,7,9,3,18,9,5,  ,23,23,2,21,8,B03,24.162832,120.674684,2
2018,9,2,18,41,臺中市,北屯區,0,0,,8,,,50,,,,,,,,,,,,,,,,,,,,B03,,,1,,2,,,2,,1,21,,B03,24.181471,120.722222,3
2018,9,2,18,50,臺中市,北屯區,0,0,,8,,,50,,,,,,,,,,,,,,,,,,,,C03,,,1,,2,,,43,,1,5,,C03,24.174411,120.694511,3
2018,9,2,18,50,臺中市,西屯區,0,0,,8,,,50,,,,,,,,,,,,,,,,,,,,B03,,,1,,2,,,23,,1,22,,B03,24.11111,120.6666,3
2018,9,2,18,50,臺中市,龍井區,0,1,0,8,3,5,50,14,9,1,5,4,5,7,4,4,5,4,5,1,13,23,2,9,1,1,C03,7,9,1,10,2,11,  ,23,23,1,22,8,C03,24.176981,120.582236,2
2018,9,2,18,52,臺中市,南區,0,1,0,8,3,5,50,4,1,1,5,4,5,7,2,1,10,5,5,2,17,25,2,9,1,1,C03,7,6,1,10,2,14,  ,25,25,1,21,8,C03,24.112435,120.657796,2
2018,9,2,18,55,臺中市,北屯區,0,2,0,8,3,5,40,14,7,1,5,4,5,6,4,4,5,5,4,2,16,19,2,9,1,1,C03,7,1,1,10,2,14,  ,19,19,1,20,8,C03,24.176336,120.680091,2
2018,9,2,18,59,臺中市,東勢區,0,0,,8,1,5,60,5,1,5,5,4,5,7,1,1,1,3,4,1,13,23,,,,,B03,,,1,,2,,,44,23,1,22,,B03,24.246956,120.831802,3
2018,9,2,19,4,臺中市,龍井區,0,1,0,8,3,5,70,14,7,1,5,4,5,7,4,4,1,3,4,1,23,23,2,1,1,1,B03,7,9,1,7,8,8,  ,23,23,1,1,8,B03,24.17439,120.543035,2
2018,9,2,19,10,臺中市,南屯區,0,0,,8,,,50,,,,,,,,,,,,,,,,,,,,B03,,,1,,2,,,23,,1,21,,B03,24.139276,120.64676,3
2018,9,2,19,38,臺中市,北屯區,0,0,0,8,,,50,,,,,,,,,,,,,,,6,  ,  ,  ,  ,B12,  ,  ,1,  ,2,  ,  ,6,6,1,  ,  ,B12,24.184718,120.70219,3
2018,9,2,19,38,臺中市,西屯區,0,0,,8,,,50,,,,,,,,,,,,,,,,,,,,B12,,,1,,2,,,23,,1,22,,B12,24.180315,120.621792,3
2018,9,2,19,51,臺中市,西屯區,0,0,,8,,,50,,,,,,,,,,,,,,,,,,,,B03,,,1,,2,,,42,,1,  ,,B03,24.183206,120.616803,3
2018,9,2,19,54,臺中市,南區,0,0,0,8,,,50,,,,,,,,,,,,,,,6,3,  ,  ,  ,B03,  ,  ,1,  ,2,  ,  ,6,6,  ,22,  ,B03,24.121646,120.683878,3
2018,9,2,19,59,臺中市,南屯區,0,0,,8,,,50,,,,,,,,,,,,,,,,,,,,B12,,,1,,2,,,23,,1,22,,B12,24.124672,120.647283,3
2018,9,2,20,5,臺中市,大雅區,0,1,0,8,3,5,50,5,1,1,5,4,5,7,2,1,10,4,5,1,15,19,3,10,1,1,C03,7,1,1,10,2,11,  ,19,19,1,22,9,C03,24.229289,120.646927,2
2018,9,2,20,10,臺中市,北屯區,0,0,,8,,,50,,,,,,,,,,,,,,,,,,,,B03,,,1,,11,,,23,,1,21,,B03,24.19026,120.680913,3
2018,9,2,20,11,臺中市,大雅區,0,1,0,8,4,5,50,4,1,1,5,4,5,7,2,1,5,4,4,1,16,25,3,10,1,1,B03,7,5,3,18,2,6,  ,25,25,2,22,9,B03,24.22939,120.654352,2
2018,9,2,20,24,臺中市,西區,0,0,,8,,,50,,,,,,,,,,,,,,,,,,,,B03,,,1,,2,,,7,,1,22,,B03,24.145428,120.671317,3
2018,9,2,20,30,臺中市,大甲區,0,0,,8,,,50,,,,,,,,,,,,,,,,,,,,B03,,,1,,2,,,12,,1,20,,B03,24.404038,120.646796,3
2018,9,2,20,36,臺中市,西屯區,0,0,,8,,,50,,,,,,,,,,,,,,,,,,,,C03,,,1,,2,,,6,,1,5,,C03,24.167692,120.637002,3
2018,9,2,20,45,臺中市,南屯區,0,1,0,8,3,5,40,14,8,1,5,4,5,7,4,4,1,2,1,2,18,21,2,9,1,1,C03,7,9,1,10,8,11,12,21,21,1,21,5,C03,24.140496,120.620801,2
2018,9,2,20,52,臺中市,東區,0,0,0,7,3,5,50,4,1,1,5,4,5,7,1,1,9,4,4,2,15,25,  ,  ,  ,  ,B03,  ,9,1,8,2,2,  ,25,25,1,5,  ,B03,24.139065,120.702216,3
2018,9,2,20,55,臺中市,南區,0,0,,8,,,50,,,,,,,,,,,,,,,,,,,,B03,,,1,,2,,,19,,1,4,,B03,24.122357,120.679415,3
2018,9,2,20,55,臺中市,西屯區,0,0,,8,,,50,,,,,,,,,,,,,,,,,,,,B03,,,1,,2,,,7,,1,  ,,B03,24.167842,120.640804,3
2018,9,2,20,57,臺中市,南區,0,0,0,8,3,5,50,14,9,1,5,4,5,7,4,4,10,5,5,2,17,23,3,10,1,1,B03,7,15,1,8,2,2,6,23,23,1,21,8,B03,24.128149,120.682862,3
2018,9,2,21,0,臺中市,沙鹿區,0,0,,8,,,50,,,,,,,,,,,,,,,,,,,,B03,,,1,,7,,,23,,1,21,,B03,24.24196,120.614764,3
2018,9,2,21,17,臺中市,西屯區,0,3,0,8,3,5,50,4,1,1,5,4,5,7,1,1,10,5,5,2,16,8,2,9,1,1,C03,7,5,1,10,2,12,  ,8,8,1,18,8,C03,24.202937,120.644485,2
2018,9,2,21,24,臺中市,潭子區,0,2,0,8,3,5,50,5,1,1,5,4,5,7,1,1,10,5,5,2,16,43,4,11,3,4,   ,7,21,7,19,11,15,  ,43,43,2,22,9,   ,24.202342,120.706202,2
2018,9,2,21,30,臺中市,西區,0,1,0,8,3,5,50,14,9,1,5,4,5,7,4,4,1,5,5,2,16,23,2,9,1,1,C04,7,9,6,18,2,11,  ,23,23,1,20,8,C04,24.153492,120.662937,2
2018,9,2,21,34,臺中市,后里區,0,0,,8,,,50,,,,,,,,,,,,,,,,,,,,B03,,,1,,2,,,18,,1,5,,B03,24.309193,120.720361,3
2018,9,2,21,45,臺中市,中區,0,1,0,8,3,5,50,4,1,1,5,4,5,7,4,4,10,5,5,2,16,6,2,9,1,1,C03,7,5,3,18,2,11,  ,6,6,1,22,8,C03,24.139095,120.684889,2
2018,9,2,22,17,臺中市,南區,0,1,0,8,3,5,50,4,1,1,5,4,5,7,1,1,10,4,5,2,18,23,2,9,1,1,C03,7,9,1,10,2,12,  ,23,23,1,5,5,C03,24.132101,120.683883,2
2018,9,2,22,24,臺中市,北區,0,3,0,8,3,5,50,4,1,1,5,4,5,7,2,1,10,5,5,2,15,25,2,9,1,1,C03,7,9,3,18,2,13,  ,25,25,1,22,8,C03,24.155312,120.694362,2
2018,9,2,22,51,臺中市,西屯區,0,0,,8,,,40,,,,,,,,,,,,,,,,,,,,B03,,,1,,2,,,6,,1,  ,,B03,24.182881,120.645761,3
2018,9,2,23,1,臺中市,北區,0,0,0,8,,,50,,,,,,,,,,,,,,,12,3,  ,  ,  ,B03,  ,  ,1,  ,2,  ,  ,12,12,1,21,  ,B03,24.165304,120.675476,3
2018,9,2,23,5,臺中市,北屯區,0,1,0,8,3,5,50,4,1,1,5,4,5,7,3,1,10,5,5,2,15,6,2,8,1,1,C03,7,9,1,10,2,11,  ,6,6,1,21,8,C03,24.171251,120.718673,2
2018,9,2,23,35,臺中市,南屯區,0,1,0,8,3,5,50,4,2,1,5,4,5,7,2,1,1,4,5,2,13,13,2,8,3,4,C03,7,9,1,10,2,11,  ,13,13,1,22,9,C03,24.151013,120.651285,2
2018,9,2,23,52,臺中市,北屯區,0,1,0,8,3,5,60,3,2,1,5,4,5,7,2,1,10,5,5,2,16,26,3,10,1,1,B02,7,6,1,8,2,6,  ,26,26,1,5,8,B02,24.162108,120.722918,2
2018,9,3,1,35,臺中市,沙鹿區,0,0,,8,,,60,,,,,,,,,,,,,,,,,,,,B03,,,1,,2,,,23,,1,5,,B03,24.20202,120.581057,3
2018,9,3,4,10,臺中市,中區,0,0,0,8,1,5,50,4,1,1,5,4,4,7,3,4,10,5,5,2,14,12,3,10,1,1,B03,7,2,1,8,2,3,  ,12,12,1,20,8,B03,24.142868,120.675869,3
2018,9,3,5,59,臺中市,北區,0,1,0,8,2,5,50,4,2,1,5,4,5,7,4,4,10,5,5,2,18,23,2,9,1,1,C03,7,9,1,10,2,14,  ,23,23,1,22,8,C03,24.149528,120.685158,2
2018,9,3,6,25,臺中市,烏日區,0,1,0,8,2,5,60,11,8,1,5,4,5,7,4,4,1,4,4,1,16,9,3,10,1,1,B03,7,6,1,8,9,6,  ,9,9,1,22,8,B03,24.1109,120.583613,2
2018,9,3,6,50,臺中市,大里區,0,0,,8,,,50,,,,,,,,,,,,,,,,,,,,B03,,,1,,10,,,38,,1,5,,B03,24.12314,120.68788,3
2018,9,3,6,50,臺中市,大雅區,0,2,0,8,1,5,50,5,2,1,5,4,5,7,1,1,1,4,4,1,16,16,2,7,1,1,C03,7,9,1,10,2,14,  ,16,16,1,22,8,C03,24.21797,120.648938,2
2018,9,3,6,56,臺中市,西屯區,0,0,0,8,,,50,,,,,,,,,,,,,,,19,  ,  ,  ,  ,B03,  ,  ,1,  ,2,  ,  ,19,19,1,21,  ,B03,24.177751,120.614415,3
2018,9,3,7,0,臺中市,后里區,0,0,,8,,,40,,,,,,,,,,,,,,,,,,,,B03,,,1,,2,,,5,,1,  ,,B03,24.301086,120.658446,3
2018,9,3,7,2,臺中市,烏日區,0,0,,8,,,30,,,,,,,,,,,,,,,,,,,,B03,,,1,,2,,,7,,1,  ,,B03,24.10995,120.617223,3
2018,9,3,7,3,臺中市,南屯區,0,0,,8,,,40,,,,,,,,,,,,,,,,,,,,B03,,,1,,2,,,17,,1,22,,B03,24.149839,120.623181,3
2018,9,3,7,9,臺中市,大里區,0,1,0,8,1,5,50,4,2,1,5,4,5,7,1,1,10,5,5,2,12,40,3,10,1,1,B03,7,14,1,8,2,6,  ,40,40,1,2,8,B03,24.109267,120.676953,2
2018,9,3,7,10,臺中市,潭子區,0,1,0,8,1,5,50,3,1,1,5,4,5,7,4,4,5,5,5,2,17,23,2,9,1,1,C03,7,6,1,10,2,12,  ,23,23,1,22,9,C03,24.212683,120.706481,2
2018,9,3,7,17,臺中市,西屯區,0,2,0,8,1,5,50,3,1,1,5,4,5,7,4,4,10,5,5,2,12,43,2,9,1,1,C03,7,6,1,10,2,12,  ,43,43,1,21,8,C03,24.17899,120.636812,2
2018,9,3,7,21,臺中市,沙鹿區,0,0,,8,,,50,,,,,,,,,,,,,,,,,,,,A12,,,1,,2,,,19,,1,10,,A12,24.258506,120.601397,3
2018,9,3,7,23,臺中市,太平區,0,1,0,8,1,5,50,3,2,1,5,4,5,7,4,4,5,5,5,1,17,43,3,10,1,1,B03,7,9,1,8,2,5,  ,43,43,1,5,2,B03,24.138397,120.732412,2
2018,9,3,7,29,臺中市,大里區,0,2,0,8,1,5,80,14,7,1,5,4,5,7,4,4,1,4,5,1,13,23,3,10,1,1,B03,7,12,1,8,2,3,  ,44,23,1,4,5,B03,24.123436,120.701966,2
2018,9,3,7,30,臺中市,大里區,0,1,0,8,1,5,50,14,9,1,5,4,5,7,4,4,9,5,5,1,17,23,2,9,1,1,C03,7,9,1,10,2,11,  ,23,23,1,9,8,C03,24.072745,120.689645,2
2018,9,3,7,31,臺中市,東區,0,0,0,8,1,5,80,14,7,1,5,4,5,7,4,4,9,4,5,2,13,23,  ,  ,  ,  ,B03,  ,9,5,18,2,1,  ,23,23,1,5,  ,B03,24.124301,120.702911,3
2018,9,3,7,33,臺中市,大甲區,0,0,0,8,,,50,,,,,,,,,,,,,,,6,  ,  ,  ,  ,B03,  ,  ,1,  ,2,  ,  ,6,6,1,9,  ,B03,24.352575,120.620978,3
2018,9,3,7,35,臺中市,大里區,0,2,0,8,1,5,50,4,1,1,5,4,5,7,3,1,10,5,5,2,16,6,2,9,4,5,F01,7,5,8,20,2,16,  ,6,6,1,12,1,F01,24.083343,120.691176,2
2018,9,3,7,37,臺中市,北區,,,,8,,,50,,,,,,,,,,,,,,,,,,,,   ,,,7,,11,,,43,,1,  ,,   ,24.165382,120.673664,3
2018,9,3,7,42,臺中市,烏日區,0,1,0,8,1,5,50,4,1,1,5,4,5,7,2,1,10,5,5,2,16,8,3,10,1,1,B03,7,5,1,1,2,2,  ,8,8,1,11,1,B03,24.102271,120.628486,2
2018,9,3,7,43,臺中市,西屯區,0,1,0,8,1,5,50,3,2,1,5,4,5,7,1,1,1,4,4,2,13,16,2,9,1,1,C03,7,9,1,10,2,12,  ,16,16,1,22,8,C03,24.204233,120.653093,2
2018,9,3,7,45,臺中市,烏日區,0,3,0,8,1,5,50,4,1,1,5,4,5,7,2,1,5,4,5,1,15,43,2,9,1,1,C03,7,9,1,10,2,11,  ,43,43,1,21,8,C03,24.106273,120.625009,2
2018,9,3,7,45,臺中市,梧棲區,0,1,0,8,1,5,50,3,2,1,5,4,5,7,4,4,10,5,5,2,16,42,2,9,4,5,F03,7,6,8,20,2,16,  ,42,42,1,16,1,F03,24.256772,120.542418,2
2018,9,3,7,48,臺中市,西屯區,0,0,,8,,,50,,,,,,,,,,,,,,,,,,,,B03,,,1,,2,,,7,,1,22,,B03,24.179656,120.622419,3
2018,9,3,7,49,臺中市,北屯區,0,0,,8,,,50,,,,,,,,,,,,,,,,,,,,B03,,,1,,2,,,23,,1,  ,,B03,24.181986,120.687915,3
2018,9,3,7,51,臺中市,太平區,0,0,,8,,,40,,,,,,,,,,,,,,,,,,,,C03,,,1,,2,,,6,,1,20,,C03,24.116465,120.712638,3
2018,9,3,7,53,臺中市,龍井區,0,2,0,8,1,5,50,4,1,1,5,4,5,7,1,1,10,5,5,2,17,43,2,9,1,1,C03,7,5,4,8,2,14,  ,43,43,1,21,8,C03,24.210266,120.540013,2
2018,9,3,7,55,臺中市,北屯區,0,2,0,8,1,5,50,4,1,1,5,4,5,7,1,1,10,5,5,2,15,25,2,9,1,1,C03,7,9,1,10,2,11,  ,25,25,1,21,8,C03,24.167019,120.686497,2
2018,9,3,7,56,臺中市,西屯區,0,0,,8,,,40,,,,,,,,,,,,,,,,,,,,B12,,,1,,2,,,19,,1,22,,B12,24.18403,120.615352,3
2018,9,3,8,0,臺中市,西屯區,0,0,,8,,,50,,,,,,,,,,,,,,,,,,,,B03,,,1,,2,,,12,,1,21,,B03,24.171035,120.647308,3
2018,9,3,8,6,臺中市,大里區,0,1,0,8,1,5,50,3,2,1,5,4,5,7,4,4,5,5,4,2,12,40,3,10,1,1,B02,7,15,1,8,2,4,  ,40,40,1,21,8,B02,24.097588,120.676451,2
2018,9,3,8,7,臺中市,西屯區,0,0,,8,,,60,,,,,,,,,,,,,,,,,,,,A04,,,1,,2,,,23,,1,21,,A04,24.16012,120.654339,3
2018,9,3,8,8,臺中市,大雅區,0,2,0,8,1,5,50,3,1,1,5,4,5,7,1,1,10,5,5,1,15,25,2,9,1,1,C03,7,9,1,10,2,11,  ,25,25,1,22,8,C03,24.215226,120.614025,2
2018,9,3,8,9,臺中市,石岡區,0,1,0,8,1,5,50,5,1,1,4,4,5,7,1,1,1,4,4,1,17,23,3,10,1,1,A12,7,14,1,5,3,3,  ,38,23,1,22,8,A12,24.260124,120.816521,2
2018,9,3,8,10,臺中市,太平區,0,1,0,8,1,5,50,14,9,1,5,4,5,7,4,4,5,5,5,1,16,26,3,10,1,1,B03,7,11,1,8,2,1,  ,26,26,1,3,8,B03,24.112526,120.730553,2
2018,9,3,8,10,臺中市,大雅區,0,1,0,8,1,5,50,14,9,1,5,4,5,7,4,4,10,5,5,1,16,44,2,9,1,1,C03,7,9,1,10,2,11,  ,23,44,1,21,8,C03,24.219064,120.63756,2
2018,9,3,8,11,臺中市,南區,0,0,0,8,1,5,50,14,9,1,5,4,5,7,4,4,3,4,5,2,13,23,3,10,1,1,B11,7,9,1,8,2,1,  ,23,23,1,21,8,B11,24.11462,120.65601,3
2018,9,3,8,15,臺中市,西屯區,0,1,0,8,1,5,50,3,1,1,5,4,5,7,1,1,10,5,5,2,13,16,2,9,1,1,C03,7,6,1,10,2,11,  ,16,16,1,21,8,C03,24.187601,120.6048,2
2018,9,3,8,19,臺中市,西屯區,0,2,0,8,1,5,50,14,7,1,5,4,5,7,4,4,1,4,4,2,17,16,2,9,1,1,C04,7,12,1,10,2,13,  ,44,16,1,22,8,C04,24.194724,120.6586,2
2018,9,3,8,20,臺中市,大雅區,0,0,,,,,,,,,,,,,,,,,,,,,,,,,B03,,,1,,2,,,16,,1,22,,B03,24.219337,120.66246,3