年,月,日,時,分,縣市,區,死,受傷,2-30,天候,光線,道路類別,速限,道路型態,事故位置,路面鋪裝,路面狀態,路面缺陷,障礙物,視距,號誌種類,號誌動作,分向設施,快車道或一般車道間,快慢車道間,路面邊線,事故類型及型態,主要肇因,受傷程度,主要傷處,保護裝備,行動電話,當事者區分_類別,車輛用途,當事者行動狀態,駕駛資格情形,駕駛執照種類,飲酒情形,車輛撞擊部位最初,車輛撞擊部位其他,肇事因素個別,肇事因素主要,肇事逃逸,職業,旅次目的,車種,GPS座標_緯度,GPS座標_經度,事故類別
2018,9,3,8,26,臺中市,梧棲區,0,2,0,8,1,5,50,4,1,1,5,4,5,7,1,1,10,5,5,2,15,25,2,9,1,1,C03,7,9,3,18,2,12,  ,25,25,1,20,8,C03,24.257215,120.541379,2
2018,9,3,8,27,臺中市,南區,0,0,,8,,,50,,,,,,,,,,,,,,,,,,,,B03,,,1,,2,,,16,,1,22,,B03,24.129801,120.65639,3
2018,9,3,8,28,臺中市,烏日區,0,0,,8,,,60,,,,,,,,,,,,,,,,,,,,B12,,,1,,2,,,7,,1,  ,,B12,24.106219,120.631599,3
2018,9,3,8,30,臺中市,南屯區,0,0,,8,,,50,,,,,,,,,,,,,,,,,,,,B03,,,1,,2,,,23,,1,22,,B03,24.14092,120.630957,3
2018,9,3,8,30,臺中市,神岡區,0,0,,8,,,50,,,,,,,,,,,,,,,,,,,,A12,,,1,,2,,,42,,1,10,,A12,24.277933,120.706635,3
2018,9,3,8,35,臺中市,潭子區,0,1,0,8,1,5,50,14,7,1,5,4,5,7,4,4,5,5,5,1,12,6,3,10,1,1,C03,7,11,7,19,9,14,  ,6,6,2,22,9,C03,24.209138,120.70699,2
2018,9,3,8,36,臺中市,梧棲區,0,1,0,8,1,5,50,4,2,1,5,4,5,7,4,4,10,5,5,2,15,6,3,10,1,1,B03,7,9,1,8,2,6,  ,6,6,1,9,8,B03,24.255932,120.535632,2
2018,9,3,8,40,臺中市,大里區,0,0,,8,,,50,,,,,,,,,,,,,,,,,,,,B03,,,1,,2,,,12,,1,21,,B03,24.100829,120.676712,3
2018,9,3,8,43,臺中市,南區,0,1,0,8,1,5,50,4,1,1,5,4,5,7,1,1,10,5,5,2,16,6,3,10,1,1,B03,7,6,1,8,2,2,  ,6,6,1,21,8,B03,24.126221,120.681098,2
2018,9,3,8,45,臺中市,南屯區,0,0,,8,,,50,,,,,,,,,,,,,,,,,,,,B12,,,1,,2,,,23,,1,5,,B12,24.125366,120.646415,3
2018,9,3,8,47,臺中市,南屯區,0,0,,8,,,50,,,,,,,,,,,,,,,,,,,,B03,,,1,,2,,,26,,1,22,,B03,24.12288,120.648413,3
2018,9,3,8,47,臺中市,霧峰區,0,1,0,8,1,5,50,4,1,1,5,4,5,7,1,1,10,5,5,2,16,6,3,10,1,1,B03,7,6,1,8,2,2,  ,6,6,1,7,8,B03,24.050896,120.684621,2
2018,9,3,8,50,臺中市,大里區,0,2,0,8,1,5,50,4,1,1,5,4,5,7,2,1,10,5,5,2,17,43,2,7,1,1,C03,7,9,3,18,2,15,  ,43,43,1,19,5,C03,24.083614,120.694101,2
2018,9,3,8,53,臺中市,大里區,0,1,0,8,1,5,50,14,9,1,5,4,5,7,4,4,9,5,5,1,16,10,3,10,1,1,B03,7,11,1,8,2,8,  ,10,10,1,21,8,B03,24.113968,120.693846,2
2018,9,3,8,57,臺中市,西屯區,0,0,,8,,,50,,,,,,,,,,,,,,,,,,,,B03,,,1,,2,,,1,,1,22,,B03,24.183428,120.618362,3
2018,9,3,9,0,臺中市,南屯區,0,0,,8,,,50,,,,,,,,,,,,,,,,,,,,C03,,,1,,2,,,23,,1,5,,C03,24.137803,120.646651,3
2018,9,3,9,3,臺中市,太平區,0,0,0,8,,,50,,,,,,,,,,,,,,,12,  ,  ,  ,  ,B03,  ,  ,1,  ,2,  ,  ,12,12,1,  ,  ,B03,24.155845,120.715182,3
2018,9,3,9,4,臺中市,南區,0,1,0,8,1,5,50,3,8,1,5,4,5,7,1,1,5,4,4,2,17,16,2,9,1,1,C03,7,9,1,10,2,11,  ,16,16,1,21,8,C03,24.116796,120.653947,2
2018,9,3,9,10,臺中市,南區,0,1,0,8,1,5,50,4,2,1,5,4,5,7,1,1,1,2,4,2,13,19,3,10,1,1,B03,7,1,1,8,2,1,  ,19,19,1,22,8,B03,24.126314,120.669715,2
2018,9,3,9,10,臺中市,沙鹿區,0,0,,8,,,50,,,,,,,,,,,,,,,19,,,,,B03,,,1,,2,,,4,19,1,4,,B03,24.259433,120.600881,3
2018,9,3,9,20,臺中市,南屯區,0,1,0,8,1,5,50,4,1,1,5,4,5,7,2,1,10,5,5,2,16,9,3,10,3,4,B03,7,6,1,8,2,5,  ,9,9,1,21,8,B03,24.15357,120.616643,2
2018,9,3,9,20,臺中市,北屯區,0,0,,8,,,40,,,,,,,,,,,,,,,,,,,,B12,,,1,,2,,,10,,1,5,,B12,24.177215,120.727493,3
2018,9,3,9,24,臺中市,大雅區,0,0,,8,,,50,,,,,,,,,,,,,,,,,,,,B12,,,1,,2,,,5,,1,  ,,B12,24.229755,120.661115,3
2018,9,3,9,30,臺中市,中區,0,1,0,8,1,5,40,14,8,1,5,4,5,7,1,1,5,5,4,2,17,43,2,8,1,1,B01,7,9,1,4,2,1,  ,43,43,1,21,8,B01,24.145403,120.680839,2
2018,9,3,9,31,臺中市,大里區,0,0,,8,,,50,,,,,,,,,,,,,,,,,,,,B03,,,5,,2,,,6,,1,21,,B03,24.115685,120.674269,3
2018,9,3,9,44,臺中市,大雅區,0,0,,8,,,50,,,,,,,,,,,,,,,,,,,,A06,,,1,,2,,,16,,1,  ,,A06,24.231859,120.613737,3
2018,9,3,9,48,臺中市,大里區,0,0,,8,,,40,,,,,,,,,,,,,,,,,,,,A11,,,1,,2,,,19,,1,10,,A11,24.091915,120.707098,3
2018,9,3,9,50,臺中市,北屯區,0,1,0,8,1,5,50,14,7,1,5,4,5,7,4,4,5,5,5,2,16,26,2,9,1,1,C03,7,11,1,10,2,11,  ,26,26,1,22,8,C03,24.188812,120.662893,2
2018,9,3,9,55,臺中市,潭子區,0,0,,8,,,40,,,,,,,,,,,,,,,,,,,,B12,,,1,,2,,,5,,1,22,,B12,24.227649,120.710126,3
2018,9,3,9,58,臺中市,大里區,0,1,0,8,1,5,50,14,12,1,5,4,5,7,4,4,1,4,4,1,13,23,3,10,1,1,B03,7,9,1,8,2,5,  ,23,23,1,21,3,B03,24.104543,120.680663,2
2018,9,3,10,1,臺中市,龍井區,0,0,,8,,,50,,,,,,,,,,,,,,,,,,,,B03,,,1,,2,,,26,,1,20,,B03,24.193641,120.545985,4
2018,9,3,10,5,臺中市,南屯區,0,0,,8,,,50,,,,,,,,,,,,,,,,,,,,B03,,,1,,2,,,6,,1,21,,B03,24.140264,120.611973,3
2018,9,3,10,7,臺中市,西屯區,0,0,,8,,,50,,,,,,,,,,,,,,,,,,,,B03,,,1,,2,,,9,,1,22,,B03,24.180413,120.615,3
2018,9,3,10,8,臺中市,北屯區,0,1,0,8,1,5,50,4,18,1,5,4,5,7,2,1,10,5,5,2,3,15,3,10,1,1,B03,7,5,1,8,2,1,  ,15,15,1,5,8,B03,24.182948,120.695186,2
2018,9,3,10,10,臺中市,東區,0,0,,8,,,50,,,,,,,,,,,,,,,,,,,,B12,,,1,,2,,,42,,1,22,,B12,24.144543,120.70227,3
2018,9,3,10,12,臺中市,北區,0,1,0,8,1,5,50,14,7,1,5,4,5,7,4,4,1,4,4,2,17,7,3,10,1,1,C03,7,7,1,10,2,15,  ,7,7,1,21,8,C03,24.165701,120.685158,2
2018,9,3,10,15,臺中市,大里區,0,0,,8,,,60,,,,,,,,,,,,,,,,,,,,B03,,,1,,2,,,23,,1,5,,B03,24.102413,120.67437,3
2018,9,3,10,27,臺中市,霧峰區,0,1,0,8,1,5,70,3,1,1,5,4,5,7,1,1,10,5,5,2,12,6,3,10,1,1,A41,7,6,1,1,2,15,  ,6,6,1,10,8,A41,24.044665,120.69011,2
2018,9,3,10,37,臺中市,烏日區,0,0,,8,,,70,,,,,,,,,,,,,,,,,,,,A12,,,1,,2,,,16,,1,10,,A12,24.108495,120.607639,3
2018,9,3,10,44,臺中市,西屯區,0,1,0,8,1,5,40,14,8,1,5,4,5,7,4,4,1,4,1,2,17,7,2,9,1,1,C03,7,9,1,10,2,11,  ,23,7,1,21,8,C03,24.165339,120.644285,2
2018,9,3,10,46,臺中市,西區,0,1,0,8,1,5,50,3,1,1,5,4,5,7,1,1,10,5,5,2,15,42,2,9,1,1,C03,7,9,1,10,2,11,  ,42,42,1,20,8,C03,24.155936,120.659,2
2018,9,3,11,0,臺中市,神岡區,0,0,,8,,,40,,,,,,,,,,,,,,,,,,,,B12,,,1,,2,,,40,,1,21,,B12,24.247492,120.696208,3
2018,9,3,11,2,臺中市,龍井區,0,1,0,8,1,5,40,4,1,1,5,4,5,7,4,4,10,5,5,2,15,6,2,9,1,1,C03,7,9,1,10,2,14,  ,6,6,1,19,8,C03,24.213821,120.54813,2
2018,9,3,11,15,臺中市,南區,0,1,0,8,1,5,50,3,2,1,5,4,5,7,4,4,1,4,4,2,17,23,3,10,1,1,B03,7,6,1,8,2,8,  ,23,23,1,22,8,B03,24.12686,120.669885,2
2018,9,3,11,23,臺中市,南屯區,0,0,,8,,,50,,,,,,,,,,,,,,,,,,,,B12,,,6,,3,,,9,,1,5,,B12,24.141193,120.641575,3
2018,9,3,11,36,臺中市,清水區,0,0,0,8,,,50,,,,,,,,,,,,,,,6,  ,  ,  ,  ,B03,  ,  ,1,  ,2,  ,  ,6,6,1,21,  ,B03,24.277018,120.557716,3
2018,9,3,11,50,臺中市,西屯區,0,0,0,8,,,40,,,,,,,,,,,,,,,26,  ,  ,  ,  ,B03,  ,  ,1,  ,2,  ,  ,26,26,1,21,  ,B03,24.196274,120.647689,3
2018,9,3,12,0,臺中市,西區,0,0,0,8,,,50,,,,,,,,,,,,,,,23,3,  ,  ,  ,C03,  ,  ,1,10,2,11,  ,23,23,1,21,8,C03,24.14725,120.655137,3
2018,9,3,12,0,臺中市,北屯區,0,0,0,8,,,50,,,,,,,,,,,,,,,12,  ,  ,  ,  ,B03,  ,  ,1,  ,2,  ,  ,12,12,  ,5,  ,B03,24.168201,120.700008,3
2018,9,3,12,6,臺中市,大雅區,0,1,0,8,1,5,40,4,1,1,5,4,5,7,4,4,10,5,5,2,16,6,3,10,1,1,B03,7,5,1,8,2,6,  ,6,6,1,22,9,B03,24.218099,120.65395,2
2018,9,3,12,15,臺中市,西屯區,0,1,0,8,1,5,50,4,1,1,5,4,5,7,1,1,10,5,5,2,16,6,3,10,1,1,B03,7,5,1,8,2,5,  ,6,6,1,21,8,B03,24.179653,120.614728,2
2018,9,3,12,15,臺中市,潭子區,0,0,,8,1,5,50,4,1,1,5,4,5,7,3,1,10,5,5,1,15,,,,,,B03,,,1,,2,,,6,,1,22,,B03,24.200751,120.726966,3
2018,9,3,12,16,臺中市,霧峰區,0,1,0,8,1,5,50,14,9,1,5,4,5,7,4,4,1,4,5,1,13,23,3,10,1,1,A12,7,9,1,7,2,1,  ,23,23,1,21,8,A12,24.071192,120.662766,2
2018,9,3,12,16,臺中市,清水區,0,1,0,8,1,5,50,5,1,1,5,4,5,7,1,1,10,5,5,2,16,25,3,10,1,1,B03,7,6,1,8,2,1,  ,25,25,1,19,8,B03,24.266533,120.556746,2
2018,9,3,12,20,臺中市,潭子區,0,1,0,7,1,5,60,14,8,1,5,4,5,7,4,4,1,4,4,1,16,9,3,10,1,1,B03,7,6,1,8,2,6,  ,9,9,1,22,9,B03,24.197837,120.702786,2
2018,9,3,12,23,臺中市,北屯區,0,0,,8,,,50,,,,,,,,,,,,,,,,,,,,B03,,,1,,2,,,23,,1,22,,B03,24.178053,120.683776,3
2018,9,3,12,26,臺中市,西屯區,0,0,,8,,,1,,,,,,,,,,,,,,,,,,,,A12,,,1,,2,,,12,,1,22,,A12,24.202576,120.64814,3
2018,9,3,12,27,臺中市,北區,0,1,0,8,1,5,50,4,2,1,5,4,5,7,1,1,1,4,4,2,16,7,2,9,1,1,C03,7,7,1,10,2,14,  ,7,7,1,21,8,C03,24.152776,120.677354,2
2018,9,3,12,40,臺中市,西屯區,0,0,0,8,1,5,50,,,,,,,,,,,,,,,17,  ,  ,  ,  ,A12,  ,  ,1,  ,9,2,  ,17,17,2,22,  ,A12,24.172339,120.587251,3
2018,9,3,12,44,臺中市,大里區,0,2,0,8,1,5,40,4,1,1,5,4,5,7,4,4,10,5,5,2,16,6,2,8,1,1,C03,7,9,1,10,2,12,  ,6,6,1,20,8,C03,24.114386,120.680422,2
2018,9,3,12,49,臺中市,北區,0,1,0,8,1,5,50,4,1,1,5,4,5,7,1,1,10,5,5,2,16,6,3,10,1,1,B03,7,6,1,8,2,5,  ,6,6,1,4,8,B03,24.143199,120.685741,2
2018,9,3,12,49,臺中市,北屯區,0,0,,8,,,50,,,,,,,,,,,,,,,,,,,,B03,,,1,,2,,,19,,1,22,,B03,24.174769,120.715892,3
2018,9,3,12,49,臺中市,西屯區,0,1,0,8,1,5,50,3,1,1,5,4,5,7,4,4,10,5,5,2,17,9,3,10,1,1,C03,7,6,1,10,2,12,  ,9,9,1,21,8,C03,24.186185,120.621756,2
2018,9,3,12,54,臺中市,西屯區,0,0,,8,,,50,,,,,,,,,,,,,,,,,,,,B03,,,1,,2,,,23,,1,22,,B03,24.157717,120.641931,3
2018,9,3,12,57,臺中市,西區,0,1,0,8,1,5,50,4,1,1,5,4,5,7,4,4,10,5,5,2,15,6,2,9,1,1,C03,7,9,1,10,2,11,  ,6,6,1,5,9,C03,24.149579,120.668188,2
2018,9,3,13,8,臺中市,西屯區,0,0,0,8,,,50,,,,,,,,,,,,,,,43,  ,  ,  ,  ,B03,  ,  ,1,  ,2,  ,  ,43,43,1,  ,  ,B03,24.178608,120.624471,3
2018,9,3,13,10,臺中市,南區,0,0,0,8,,,50,,,,,,,,,,,,,,,,3,  ,  ,  ,B03,  ,  ,1,  ,2,  ,  ,23,  ,1,21,  ,B03,24.114611,120.654454,3
2018,9,3,13,27,臺中市,西屯區,0,1,0,8,1,5,40,14,8,1,5,4,5,7,4,4,3,4,1,2,12,42,3,10,3,4,B01,7,14,1,2,2,2,  ,42,42,1,22,8,B01,24.163693,120.647176,2
2018,9,3,13,29,臺中市,北區,0,1,0,8,1,5,50,3,1,1,5,4,5,7,1,1,10,5,5,2,16,6,3,10,1,1,B03,7,5,1,8,2,1,  ,6,6,1,21,8,B03,24.168817,120.672704,2
2018,9,3,13,30,臺中市,南屯區,0,0,,,,,,,,,,,,,,,,,,,,,,,,,B12,,,1,,2,,,23,,1,12,,B12,24.1481,120.640154,3
2018,9,3,13,34,臺中市,西屯區,0,0,0,8,1,5,50,,,,,,,,,,,,,,,16,  ,  ,  ,  ,A12,  ,  ,1,  ,2,1,  ,16,16,1,22,  ,A12,24.17394,120.622843,3
2018,9,3,13,45,臺中市,清水區,0,0,0,8,,,40,,,,,,,,,,,,,,,23,  ,  ,  ,  ,B12,  ,  ,1,  ,2,  ,  ,23,23,1,21,  ,B12,24.288916,120.583748,3
2018,9,3,13,48,臺中市,沙鹿區,0,0,,8,,,50,,,,,,,,,,,,,,,,,,,,B03,,,1,,2,,,23,,1,21,,B03,24.253356,120.567581,4
2018,9,3,13,49,臺中市,西區,0,1,0,8,1,5,50,4,1,1,5,4,5,7,4,4,10,5,5,2,16,6,3,10,1,1,B12,7,6,1,8,2,4,  ,6,6,1,21,5,B12,24.135786,120.668064,2
2018,9,3,14,0,臺中市,清水區,0,0,,,,,70,,,,,,,,,,,,,,,,,,,,B11,,,1,,2,,,37,,1,5,,B11,24.271586,120.568007,3
2018,9,3,14,5,臺中市,北屯區,0,0,,8,,,50,,,,,,,,,,,,,,,,,,,,A12,,,1,,2,,,42,,1,  ,,A12,24.184193,120.689623,3
2018,9,3,14,10,臺中市,大里區,0,0,,8,,,60,,,,,,,,,,,,,,,,,,,,B02,,,1,,2,,,44,,1,21,,B02,24.08589,120.676473,3
2018,9,3,14,12,臺中市,后里區,0,0,,8,,,50,,,,,,,,,,,,,,,,,,,,A41,,,1,,2,,,34,,1,10,,A41,24.299565,120.737485,3
2018,9,3,14,14,臺中市,霧峰區,0,0,,8,,,50,,,,,,,,,,,,,,,,,,,,B03,,,1,,2,,,16,,1,21,,B03,24.060026,120.664526,3
2018,9,3,14,15,臺中市,北屯區,0,0,,8,,,50,,,,,,,,,,,,,,,,,,,,B03,,,1,,2,,,23,,1,3,,B03,24.1784,120.738,3
2018,9,3,14,21,臺中市,西屯區,0,0,,8,,,50,,,,,,,,,,,,,,,12,,,,,B03,,,1,,2,,,44,12,1,21,,B03,24.18694,120.620669,3
2018,9,3,14,32,臺中市,南區,0,1,0,8,1,5,50,14,7,1,5,4,5,7,4,4,1,4,4,2,12,7,2,9,1,1,C04,7,7,1,8,2,14,  ,7,7,1,20,5,C04,24.130121,120.660288,2
2018,9,3,14,40,臺中市,北區,0,1,0,8,1,5,40,14,8,1,5,4,5,7,4,4,5,5,4,2,16,19,3,10,3,4,C03,7,1,1,10,2,14,  ,19,19,1,5,8,C03,24.151974,120.691484,2
2018,9,3,14,48,臺中市,潭子區,0,2,0,8,1,5,60,14,8,1,5,4,5,7,4,4,1,4,4,2,13,23,2,7,1,1,C03,7,9,2,18,2,11,  ,23,23,1,22,9,C03,24.221243,120.689478,2
2018,9,3,14,51,臺中市,西屯區,0,1,0,8,1,5,40,3,1,1,5,4,5,7,4,4,10,5,5,2,16,6,3,10,1,4,B03,7,6,1,8,2,6,  ,6,6,1,22,8,B03,24.177403,120.626411,2
2018,9,3,14,54,臺中市,北屯區,0,0,,8,,,40,,,,,,,,,,,,,,,,,,,,B12,,,1,,2,,,23,,1,21,,B12,24.201254,120.684265,3
2018,9,3,14,54,臺中市,潭子區,0,0,,8,,,50,,,,,,,,,,,,,,,,,,,,A12,,,1,,2,,,43,,1,22,,A12,24.216106,120.688275,3
2018,9,3,14,55,臺中市,北區,0,0,0,8,,,50,,,,,,,,,,,,,,,6,  ,  ,  ,  ,B03,  ,  ,1,  ,2,  ,  ,6,6,1,  ,  ,B03,24.163498,120.67053,3
2018,9,3,14,55,臺中市,北區,0,0,0,8,,,50,,,,,,,,,,,,,,,7,  ,  ,  ,  ,B03,  ,  ,1,  ,2,  ,  ,7,7,1,22,  ,B03,24.1631,120.6784,3
2018,9,3,14,58,臺中市,太平區,0,1,0,8,1,5,50,5,1,1,5,4,5,7,1,1,10,5,5,1,16,6,3,10,1,1,B03,7,5,1,8,2,4,  ,6,6,1,21,8,B03,24.143473,120.713096,2
2018,9,3,15,0,臺中市,南屯區,0,0,,8,,,50,,,,,,,,,,,,,,,,,,,,B12,,,1,,2,,,7,,1,21,,B12,24.142092,120.639382,3
2018,9,3,15,0,臺中市,西屯區,0,0,,8,,,50,,,,,,,,,,,,,,,,,,,,B03,,,1,,2,,,23,,1,  ,,B03,24.168446,120.657038,3
2018,9,3,15,6,臺中市,西區,0,0,,8,,,40,,,,,,,,,,,,,,,,,,,,B11,,,1,,2,,,19,,1,22,,B11,24.141967,120.665867,3
2018,9,3,15,10,臺中市,北屯區,0,1,0,8,1,5,50,4,1,1,5,4,5,7,1,1,10,5,5,2,15,25,4,11,1,1,C03,7,9,7,19,2,15,  ,25,25,1,22,8,C03,24.195163,120.682448,2
2018,9,3,15,10,臺中市,大雅區,0,1,0,8,1,5,50,4,1,1,5,4,5,7,3,1,10,4,5,1,16,6,2,9,1,1,B03,7,5,1,8,2,5,  ,6,6,1,22,9,B03,24.22029,120.662523,2
2018,9,3,15,20,臺中市,南屯區,0,0,0,8,,,60,,,,,,,,4,,,,,,,23,3,  ,  ,  ,B12,  ,  ,1,  ,2,  ,  ,23,23,1,21,  ,B12,24.151304,120.608615,3
2018,9,3,15,22,臺中市,大里區,0,2,0,8,1,5,50,3,9,1,5,4,5,7,4,4,9,4,5,2,16,8,2,8,1,1,C03,7,5,1,10,2,12,  ,8,8,1,22,8,C03,24.084923,120.698535,2
2018,9,3,15,23,臺中市,東區,0,0,,8,,,50,,,,,,,,,,,,,,,,,,,,B03,,,1,,2,,,23,,1,22,,B03,24.127476,120.694696,3
2018,9,3,15,23,臺中市,大里區,0,1,0,8,1,5,50,3,1,1,5,4,5,7,4,4,10,5,5,2,17,8,3,10,1,1,C03,7,5,1,10,2,15,  ,8,8,1,18,8,C03,24.108052,120.67763,2
2018,9,3,15,37,臺中市,西區,0,0,0,8,,,50,,,,,,,,,,,,,,,26,  ,  ,  ,  ,C03,  ,  ,1,  ,2,  ,  ,26,26,1,5,  ,C03,24.136244,120.673141,3
2018,9,3,15,38,臺中市,烏日區,0,0,,8,,,60,,,,,,,,,,,,,,,,,,,,B03,,,1,,2,,,16,,1,21,,B03,24.10434,120.628866,3
2018,9,3,15,40,臺中市,龍井區,0,0,,8,,,60,,,,,,,,,,,,,,,,,,,,B03,,,1,,2,,,23,,1,22,,B03,24.188353,120.578868,3
2018,9,3,15,47,臺中市,北屯區,0,1,0,8,1,5,50,4,1,1,5,4,5,7,1,1,5,5,4,2,15,25,3,10,1,1,B02,7,9,1,8,2,2,  ,25,25,1,22,8,B02,24.17805,120.688449,2
2018,9,3,15,55,臺中市,南屯區,0,0,0,8,,,50,,,,,,,,,,,,,,,23,  ,  ,  ,  ,B12,  ,  ,1,3,2,  ,  ,23,23,1,11,  ,B12,24.145082,120.625646,3
2018,9,3,15,55,臺中市,西屯區,0,0,,8,,,50,,,,,,,,,,,,,,,,,,,,B03,,,1,,2,,,25,,1,22,,B03,24.199575,120.655613,3
2018,9,3,16,5,臺中市,神岡區,0,0,0,8,,,40,,,,,,,,,,,,,,,8,  ,  ,  ,  ,B03,  ,  ,1,  ,2,  ,  ,8,8,1,21,  ,B03,24.276243,120.707504,3
2018,9,3,16,11,臺中市,北屯區,0,1,0,8,1,5,50,14,8,1,5,4,5,7,4,4,1,5,4,2,12,21,3,10,3,4,B03,7,15,1,8,7,5,  ,21,21,1,22,8,B03,24.1789,120.7285,2
2018,9,3,16,15,臺中市,西屯區,0,1,0,8,1,5,50,3,1,1,5,4,5,7,4,4,10,5,5,2,16,9,3,10,1,1,B02,7,6,1,4,2,2,  ,9,9,1,10,4,B02,24.198283,120.656701,2
2018,9,3,16,22,臺中市,神岡區,0,0,,8,,,50,,,,,,,,,,,,,,,,,,,,B12,,,1,,2,,,16,,1,10,,B12,24.246691,120.685426,3
2018,9,3,16,23,臺中市,南屯區,0,0,,8,,,50,,,,,,,,,,,,,,,,,,,,C03,,,1,,2,,,6,,1,21,,C03,24.150032,120.644635,4
2018,9,3,16,30,臺中市,龍井區,0,1,0,8,1,5,40,4,1,1,5,4,5,7,4,4,10,5,5,2,15,6,2,9,1,1,C03,7,9,1,10,2,12,  ,6,6,1,19,8,C03,24.175806,120.533646,2
2018,9,3,16,33,臺中市,北區,0,3,0,8,1,5,50,14,9,1,5,4,5,7,4,4,1,4,5,2,13,26,2,8,1,1,C03,7,9,1,10,2,11,  ,26,26,1,21,8,C03,24.153921,120.685566,2
2018,9,3,16,40,臺中市,南區,0,1,0,8,1,5,50,4,1,1,5,4,5,7,1,1,9,5,4,2,16,8,3,10,1,1,C03,6,5,1,10,2,13,  ,8,8,1,21,8,C03,24.122141,120.684151,2
2018,9,3,16,45,臺中市,梧棲區,0,0,,8,,,70,,,,,,,,,,,,,,,,,,,,A41,,,1,,2,,,7,,1,10,,A41,24.267481,120.530596,3
2018,9,3,16,45,臺中市,梧棲區,0,0,,8,,,40,,,,,,,,,,,,,,,,,,,,B12,,,1,,2,,,16,,1,9,,B12,24.224345,120.52577,4
2018,9,3,16,47,臺中市,南屯區,0,0,0,8,,,50,,,,,,,,,,,,,,,23,  ,  ,  ,  ,B03,  ,  ,1,7,2,  ,  ,23,23,1,12,  ,B03,24.153511,120.617256,3
2018,9,3,16,49,臺中市,東區,0,2,0,8,1,5,40,4,1,1,5,4,5,7,2,1,10,5,5,2,12,7,2,9,1,1,C03,7,8,1,10,2,13,  ,7,7,1,21,8,C03,24.138913,120.700105,2
2018,9,3,16,50,臺中市,南區,0,1,0,8,1,5,30,14,8,1,5,4,5,7,4,4,9,5,4,2,16,10,3,10,1,1,B03,7,11,1,8,2,5,  ,10,10,1,5,8,B03,24.12377,120.655204,2
2018,9,3,16,52,臺中市,大雅區,0,3,0,8,1,5,40,4,1,1,5,4,5,7,3,1,10,5,5,2,15,6,2,9,1,1,C03,7,9,1,8,2,11,  ,6,6,1,22,9,C03,24.239458,120.667246,2
2018,9,3,16,55,臺中市,北區,0,1,0,8,1,5,50,4,2,1,5,4,5,7,3,1,1,2,4,2,17,16,3,10,1,1,C03,7,9,1,10,2,11,  ,16,16,1,22,8,C03,24.1628,120.6677,2
2018,9,3,16,55,臺中市,南區,0,0,,8,,,50,,,,,,,,,,,,,,,,,,,,B03,,,1,,2,,,23,,1,18,,B03,24.125649,120.658557,3
2018,9,3,17,0,臺中市,霧峰區,0,2,0,8,1,5,50,4,1,1,5,4,5,7,1,1,5,2,4,1,16,8,2,9,1,1,C03,7,5,1,10,2,13,  ,8,8,1,22,8,C03,24.067683,120.698944,2
2018,9,3,17,2,臺中市,北屯區,0,1,0,8,1,5,50,14,7,1,5,4,5,7,4,4,5,4,4,2,17,40,3,10,1,1,B03,7,14,1,8,2,4,  ,40,40,1,21,5,B03,24.170123,120.694151,2
2018,9,3,17,5,臺中市,西區,0,0,0,8,,,40,,,,,,,,,,,,,,,42,  ,  ,  ,  ,B12,  ,  ,1,  ,2,  ,  ,42,42,1,22,  ,B12,24.15187,120.65386,3
2018,9,3,17,6,臺中市,烏日區,0,1,0,8,1,5,40,11,8,1,5,4,5,1,4,4,10,5,5,2,2,23,3,10,3,4,C03,7,9,1,10,2,12,  ,23,23,1,21,8,C03,24.113034,120.602086,2
2018,9,3,17,10,臺中市,西屯區,0,4,0,8,1,5,50,14,9,1,5,4,5,7,4,4,5,4,5,2,16,6,2,8,1,1,C03,7,5,1,10,2,12,  ,6,6,1,9,1,C03,24.170621,120.611452,2
2018,9,3,17,16,臺中市,西屯區,0,1,0,8,1,5,40,3,1,1,5,4,5,7,1,1,10,5,5,2,13,42,3,10,1,1,C03,7,5,1,10,2,11,  ,42,42,2,20,9,C03,24.172325,120.633668,2
2018,9,3,17,19,臺中市,梧棲區,0,1,0,8,1,5,40,3,1,1,5,4,5,7,4,4,10,5,5,2,16,6,3,10,1,1,B03,7,6,6,8,2,8,  ,6,6,1,20,8,B03,24.247515,120.525985,2
2018,9,3,17,20,臺中市,北屯區,0,1,0,8,1,5,50,14,8,1,5,4,5,7,4,4,1,4,4,2,12,23,3,10,1,1,B03,7,9,1,8,2,5,  ,23,23,1,21,8,B03,24.18526,120.702068,2
2018,9,3,17,20,臺中市,龍井區,0,0,0,8,,,40,,,,,,,,,,,,,,,17,  ,  ,  ,  ,A05,  ,  ,1,  ,2,  ,  ,17,17,1,10,  ,A05,24.185865,120.586019,3
2018,9,3,17,20,臺中市,后里區,0,1,0,8,1,5,50,4,1,1,5,4,5,7,1,1,1,5,4,1,16,6,3,10,1,1,B03,7,6,1,8,2,2,  ,6,6,1,21,8,B03,24.314411,120.718331,2
2018,9,3,17,21,臺中市,南屯區,0,0,,8,,,50,,,,,,,,,,,,,,,,,,,,C03,,,1,,2,,,23,,1,5,,C03,24.138861,120.639682,3
2018,9,3,17,25,臺中市,南屯區,0,0,,8,,,50,,,,,,,,,,,,,,,,,,,,B02,,,1,,2,,,12,,1,22,,B02,24.148807,120.649841,3
2018,9,3,17,27,臺中市,東區,0,0,,8,,,50,,,,,,,,,,,,,,,,,,,,C03,,,1,,2,,,23,,1,  ,,C03,24.133135,120.698568,3