年,月,日,時,分,縣市,區,死,受傷,2-30,天候,光線,道路類別,速限,道路型態,事故位置,路面鋪裝,路面狀態,路面缺陷,障礙物,視距,號誌種類,號誌動作,分向設施,快車道或一般車道間,快慢車道間,路面邊線,事故類型及型態,主要肇因,受傷程度,主要傷處,保護裝備,行動電話,當事者區分_類別,車輛用途,當事者行動狀態,駕駛資格情形,駕駛執照種類,飲酒情形,車輛撞擊部位最初,車輛撞擊部位其他,肇事因素個別,肇事因素主要,肇事逃逸,職業,旅次目的,車種,GPS座標_緯度,GPS座標_經度,事故類別
2018,9,3,17,30,臺中市,北屯區,0,0,0,8,,,50,,,,,,,,,,,,,,,19,  ,  ,  ,  ,B03,  ,  ,1,  ,2,  ,  ,19,19,1,21,  ,B03,24.170711,120.681558,3
2018,9,3,17,30,臺中市,后里區,0,1,0,8,1,5,40,14,7,1,5,4,5,7,4,4,10,5,4,2,27,66,  ,  ,  ,  ,   ,  ,  ,  ,  ,  ,  ,  ,66,66,1,  ,  ,   ,24.294051,120.718081,2
2018,9,3,17,34,臺中市,梧棲區,0,0,,8,,,50,,,,,,,,,,,,,,,,,,,,C03,,,1,,2,,,8,,1,9,,C03,24.260443,120.536999,4
2018,9,3,17,35,臺中市,大甲區,0,1,0,8,1,5,50,4,1,1,5,4,5,7,4,4,10,5,5,2,15,6,2,7,1,1,C03,7,9,1,10,2,12,  ,6,6,1,18,8,C03,24.344756,120.622153,2
2018,9,3,17,38,臺中市,北屯區,0,1,0,8,2,5,40,14,8,1,5,4,5,6,4,4,1,4,4,2,20,13,2,9,1,1,C03,7,9,1,10,2,11,  ,13,13,1,20,8,C03,24.182,120.6816,2
2018,9,3,17,40,臺中市,大肚區,0,0,,8,,,50,,,,,,,,,,,,,,,,,,,,B12,,,1,,2,,,23,,1,  ,,B12,24.121024,120.570368,3
2018,9,3,17,40,臺中市,沙鹿區,0,1,0,8,1,5,60,14,7,1,5,4,5,7,4,4,1,4,4,1,13,23,3,10,1,1,B03,7,9,1,8,2,1,  ,23,23,1,3,5,B03,24.250066,120.600077,2
2018,9,3,17,45,臺中市,西屯區,0,1,0,8,1,5,40,3,1,1,5,4,5,7,1,1,5,4,4,2,16,6,3,10,1,4,C03,7,6,1,10,2,13,  ,6,6,1,21,8,C03,24.179172,120.592723,2
2018,9,3,17,50,臺中市,大里區,0,1,0,8,2,5,40,4,1,1,5,4,5,7,1,1,10,5,5,2,16,6,3,10,1,1,B03,7,5,1,8,2,8,  ,6,6,1,19,8,B03,24.105317,120.667247,2
2018,9,3,17,55,臺中市,北屯區,0,1,0,8,2,5,50,5,1,1,5,4,1,7,1,1,10,5,5,2,12,17,3,10,3,4,B12,7,9,1,8,2,2,  ,17,17,1,21,8,B12,24.17714,120.676808,2
2018,9,3,17,56,臺中市,梧棲區,0,0,0,8,,,50,,,,,,,,,,,,,,,43,  ,  ,  ,  ,C03,  ,  ,1,  ,2,  ,  ,43,43,1,5,  ,C03,24.249126,120.534281,3
2018,9,3,18,0,臺中市,清水區,0,0,,8,,,50,,,,,,,,,,,,,,,,,,,,B03,,,1,,2,,,23,,1,21,,B03,24.264086,120.562511,4
2018,9,3,18,1,臺中市,北屯區,0,1,0,8,1,5,50,4,2,1,5,4,5,7,1,1,1,4,4,2,12,26,2,8,1,1,C03,7,11,1,10,2,14,  ,26,26,1,20,5,C03,24.169848,120.694083,2
2018,9,3,18,1,臺中市,大肚區,0,0,,8,,,50,,,,,,,,,,,,,,,,,,,,A12,,,1,,2,,,23,,1,  ,,A12,24.1,120.6,3
2018,9,3,18,5,臺中市,南屯區,0,2,0,8,2,5,40,3,1,1,5,4,5,7,4,4,10,5,5,2,16,11,2,7,4,1,F03,7,11,8,20,2,16,  ,11,11,1,21,8,F03,24.15471,120.616732,2
2018,9,3,18,5,臺中市,北屯區,0,0,0,8,1,5,50,14,9,1,5,4,5,7,4,4,9,5,4,2,16,19,3,10,1,1,B03,7,1,1,8,2,1,  ,19,19,1,21,8,B03,24.175986,120.697431,3
2018,9,3,18,5,臺中市,太平區,0,0,,8,,,40,,,,,,,,,,,,,,,,,,,,B03,,,1,,2,,,38,,1,21,,B03,24.130214,120.725081,3
2018,9,3,18,7,臺中市,潭子區,0,0,,8,,,50,,,,,,,,,,,,,,,,,,,,B12,,,1,,2,,,23,,1,22,,B12,24.211662,120.70696,3
2018,9,3,18,8,臺中市,南屯區,0,0,,8,,,50,,,,,,,,,,,,,,,,,,,,B03,,,1,,2,,,7,,1,22,,B03,24.154601,120.646719,3
2018,9,3,18,9,臺中市,梧棲區,0,0,,8,,,50,,,,,,,,,,,,,,,,,,,,B03,,,1,,2,,,23,,1,9,,B03,24.252473,120.528135,4
2018,9,3,18,11,臺中市,大雅區,0,0,,8,,,50,,,,,,,,,,,,,,,,,,,,B03,,,1,,2,,,19,,1,22,,B03,24.213994,120.647446,3
2018,9,3,18,20,臺中市,大里區,0,2,0,8,3,5,50,14,9,1,5,4,5,7,4,4,10,5,5,2,17,8,2,9,4,5,F01,7,5,8,20,2,16,  ,8,8,1,22,5,F01,24.113228,120.684634,2
2018,9,3,18,24,臺中市,西屯區,0,0,0,8,,,80,,,,,,,,,,,,,,,7,  ,  ,  ,  ,B03,  ,  ,1,  ,2,  ,  ,7,7,1,17,  ,B03,24.171921,120.633526,3
2018,9,3,18,25,臺中市,南屯區,0,0,,8,,,60,,,,,,,,,,,,,,,,,,,,B12,,,1,,2,,,23,,1,22,,B12,24.123846,120.633372,3
2018,9,3,18,29,臺中市,潭子區,0,0,,8,,,50,,,,,,,,,,,,,,,,,,,,B03,,,1,,2,,,23,,1,22,,B03,24.216013,120.6871,3
2018,9,3,18,32,臺中市,西屯區,0,1,0,8,2,5,40,4,1,1,5,4,5,7,2,1,1,4,1,2,13,23,3,10,3,4,B03,7,9,1,8,2,1,  ,23,23,1,21,8,B03,24.157581,120.641887,2
2018,9,3,18,33,臺中市,烏日區,0,0,,8,,,50,,,,,,,,,,,,,,,,,,,,B03,,,1,,2,,,23,,1,21,,B03,24.111906,120.618524,3
2018,9,3,18,34,臺中市,南屯區,0,0,,8,,,50,,,,,,,,,,,,,,,,,,,,B03,,,1,,2,,,8,,1,22,,B03,24.136623,120.628616,3
2018,9,3,18,35,臺中市,中區,0,0,,8,,,50,,,,,,,,,,,,,,,,,,,,B03,,,1,,11,,,23,,2,  ,,B03,24.141688,120.675547,3
2018,9,3,18,35,臺中市,西區,0,0,,8,,,50,,,,,,,,,,,,,,,,,,,,B03,,,1,,2,,,23,,1,5,,B03,24.130873,120.667777,4
2018,9,3,18,36,臺中市,西屯區,0,0,,8,,,80,,,,,,,,,,,,,,,,,,,,B02,,,1,,2,,,16,,1,  ,,B02,24.153788,120.624373,3
2018,9,3,18,40,臺中市,西屯區,0,2,0,8,3,5,40,14,9,1,5,4,5,7,4,4,10,5,5,2,3,23,2,9,1,1,C03,7,9,1,10,2,14,  ,23,23,1,22,9,C03,24.175636,120.644456,2
2018,9,3,18,40,臺中市,大雅區,0,1,0,8,4,5,40,4,1,1,5,4,5,7,4,4,10,5,5,2,15,6,2,9,1,1,C03,7,9,1,8,2,12,  ,6,6,1,22,9,C03,24.228653,120.649074,2
2018,9,3,18,46,臺中市,南區,0,0,,8,2,5,50,4,2,1,5,4,5,7,1,1,5,2,4,2,13,,,,,,B02,,,1,,2,,,23,,1,5,,B02,24.116862,120.665728,3
2018,9,3,18,50,臺中市,南區,0,0,,8,,,50,,,,,,,,,,,,,,,,,,,,B03,,,1,,2,,,7,,1,4,,B03,24.125935,120.659049,3
2018,9,3,18,50,臺中市,太平區,0,0,,8,,,50,,,,,,,,,,,,,,,,,,,,B01,,,1,,2,,,23,,1,10,,B01,24.150009,120.727686,3
2018,9,3,18,55,臺中市,南區,0,0,,8,,,50,,,,,,,,,,,,,,,,,,,,B03,,,1,,2,,,23,,1,4,,B03,24.130091,120.659772,3
2018,9,3,18,55,臺中市,清水區,0,1,0,8,3,5,50,4,1,1,5,4,5,7,1,1,5,5,5,2,16,6,2,9,1,1,C03,7,5,1,10,2,12,  ,6,6,1,21,8,C03,24.267825,120.573839,2
2018,9,3,19,0,臺中市,南區,0,0,0,8,,,40,,,,,,,,,,,,,,,23,3,  ,  ,  ,C03,  ,  ,1,10,2,  ,  ,23,23,  ,21,  ,C03,24.120036,120.666904,3
2018,9,3,19,2,臺中市,北區,0,1,0,8,3,5,50,3,2,1,5,4,5,7,4,4,5,4,4,2,17,16,2,1,1,1,C03,7,9,1,10,2,12,  ,16,16,1,22,8,C03,24.162,120.6809,2
2018,9,3,19,5,臺中市,太平區,0,0,,8,,,50,,,,,,,,,,,,,,,,,,,,B03,,,1,,2,,,26,,1,  ,,B03,24.149416,120.723203,3
2018,9,3,19,6,臺中市,太平區,0,0,,8,,,40,,,,,,,,,,,,,,,,,,,,B03,,,1,,2,,,23,,1,21,,B03,24.152619,120.717681,3
2018,9,3,19,10,臺中市,大里區,0,0,0,8,3,5,50,4,2,1,5,4,5,7,4,4,5,5,4,2,17,67,  ,  ,  ,  ,   ,  ,  ,7,  ,10,  ,  ,67,67,1,  ,  ,   ,24.109375,120.676631,3
2018,9,3,19,16,臺中市,北屯區,0,0,,8,,,50,,,,,,,,,,,,,,,,,,,,B12,,,1,,2,,,42,,1,21,,B12,24.164321,120.70542,3
2018,9,3,19,16,臺中市,烏日區,0,1,0,8,3,5,50,3,1,1,5,4,5,7,1,1,10,5,5,2,17,25,2,9,1,1,C03,7,5,3,18,2,12,  ,25,25,1,21,8,C03,24.113473,120.610533,2
2018,9,3,19,20,臺中市,西區,0,1,0,8,3,5,50,4,2,1,5,4,5,7,4,4,3,2,5,2,17,26,3,10,1,1,B03,7,6,1,8,2,2,  ,26,26,1,5,5,B03,24.140021,120.65686,2
2018,9,3,19,25,臺中市,大里區,0,0,,8,,,50,,,,,,,,,,,,,,,,,,,,C03,,,1,,2,,,23,,1,22,,C03,24.115091,120.679971,3
2018,9,3,19,25,臺中市,太平區,0,1,0,8,3,5,50,14,9,1,5,4,5,7,4,4,5,5,5,1,13,23,2,9,1,1,C03,7,9,1,10,2,11,  ,23,23,1,21,8,C03,24.121789,120.71919,2
2018,9,3,19,27,臺中市,梧棲區,0,0,,8,,,70,,,,,,,,,,,,,,,,,,,,B03,,,1,,2,,,23,,1,18,,B03,24.252621,120.52821,3
2018,9,3,19,35,臺中市,西屯區,0,0,,8,,,50,,,,,,,,,,,,,,,,,,,,C03,,,1,,2,,,17,,1,22,,C03,24.172602,120.645779,3
2018,9,3,19,50,臺中市,北區,0,1,0,7,3,5,50,4,1,1,5,4,5,7,2,1,10,5,5,2,3,15,3,10,1,1,B03,7,5,1,8,2,4,  ,15,15,1,5,8,B03,24.157488,120.676292,2
2018,9,3,19,50,臺中市,南屯區,0,2,0,8,3,5,50,14,9,1,5,4,5,7,4,4,5,4,5,2,18,43,2,9,1,1,C03,7,9,1,10,2,15,  ,43,43,1,22,9,C03,24.153722,120.637988,2
2018,9,3,20,5,臺中市,西區,0,0,0,8,1,5,50,14,8,1,5,4,5,7,4,4,5,5,5,2,14,,3,  ,  ,  ,B03,  ,  ,7,  ,9,  ,  ,12,  ,2,21,  ,B03,24.150841,120.661005,3
2018,9,3,20,6,臺中市,西屯區,0,0,,8,,,50,,,,,,,,,,,,,,,,,,,,B03,,,1,,2,,,6,,1,22,,B03,24.166799,120.66317,3
2018,9,3,20,12,臺中市,沙鹿區,0,1,0,8,3,5,50,4,1,1,5,4,5,7,4,4,10,5,5,2,15,6,2,8,1,1,C03,7,9,3,18,2,12,  ,6,6,1,5,5,C03,24.245352,120.561486,2
2018,9,3,20,15,臺中市,烏日區,0,1,0,8,3,5,50,14,7,1,5,4,5,7,4,4,7,4,4,2,16,26,3,10,1,1,B03,7,11,1,8,2,6,  ,26,26,1,21,8,B03,24.11185,120.63829,2
2018,9,3,20,30,臺中市,豐原區,0,0,,,,,,,,,,,,,,,,,,,,,,,,,B03,,,1,,2,,,12,,  ,  ,,B03,,,3
2018,9,3,20,36,臺中市,豐原區,0,0,,8,,,50,,,,,,,,,,,,,,,,,,,,B03,,,1,,2,,,12,,  ,  ,,B03,24.250959,120.712027,3
2018,9,3,20,38,臺中市,南屯區,0,0,,8,,,50,,,,,,,,,,,,,,,,,,,,B03,,,1,,2,,,19,,1,20,,B03,24.154325,120.64975,3
2018,9,3,20,45,臺中市,神岡區,0,2,0,8,3,5,50,3,1,1,5,4,5,7,4,4,5,5,5,1,13,6,2,9,1,1,C03,7,9,1,10,2,11,  ,23,6,1,21,8,C03,24.252036,120.699639,2
2018,9,3,20,56,臺中市,西屯區,0,0,,8,,,50,,,,,,,,,,,,,,,,,,,,B03,,,1,,2,,,26,,1,4,,B03,24.179165,120.624743,3
2018,9,3,21,0,臺中市,沙鹿區,0,2,0,8,3,5,50,4,1,1,5,4,5,7,1,1,10,5,5,2,16,26,2,7,1,1,B03,7,6,1,9,2,2,  ,26,26,1,3,5,B03,24.240148,120.562341,2
2018,9,3,21,10,臺中市,南區,0,2,0,8,3,5,50,4,2,1,5,4,5,7,1,1,5,5,5,2,12,23,3,10,1,1,B03,7,9,1,8,2,1,  ,23,23,1,4,8,B03,24.127389,120.662532,2
2018,9,3,21,40,臺中市,北屯區,0,1,0,8,3,5,50,3,2,1,5,4,4,6,4,4,1,4,5,2,29,23,2,9,1,1,C03,7,9,1,10,2,11,  ,23,23,1,21,8,C03,24.17099,120.692918,2
2018,9,3,22,3,臺中市,西屯區,0,0,,8,,,50,,,,,,,,,,,,,,,,,,,,C03,,,1,,2,,,16,,1,  ,,C03,24.176323,120.643653,3
2018,9,3,22,7,臺中市,外埔區,0,0,0,8,3,5,40,14,9,4,5,4,5,7,4,4,10,5,5,2,17,42,3,10,1,1,B03,7,15,1,8,9,6,2,42,42,2,21,8,B03,24.343774,120.640473,3
2018,9,4,0,42,臺中市,南區,0,1,0,8,3,5,50,14,7,1,5,4,5,7,4,4,5,3,4,2,29,67,  ,  ,  ,  ,   ,  ,  ,  ,  ,  ,  ,  ,67,67,1,  ,  ,   ,24.133077,120.679838,2
2018,9,4,0,56,臺中市,清水區,0,1,0,8,3,5,40,11,9,1,5,4,5,7,4,4,10,5,5,2,17,5,3,10,1,1,B03,7,5,1,8,2,8,  ,5,5,1,18,6,B03,24.267995,120.58086,2
2018,9,4,1,10,臺中市,北屯區,0,1,0,8,3,5,50,14,22,1,5,4,5,7,4,4,10,5,5,2,16,6,3,10,3,4,B03,7,5,1,8,2,2,  ,6,6,1,21,8,B03,24.176001,120.687125,2
2018,9,4,2,27,臺中市,西屯區,0,0,,8,,,50,,,,,,,,,,,,,,,,,,,,   ,,,7,,11,,,67,,1,  ,,   ,24.176187,120.622677,3
2018,9,4,5,47,臺中市,太平區,0,1,0,8,1,5,50,14,9,1,5,4,5,7,4,4,5,5,5,2,16,43,2,9,1,1,C04,7,7,1,11,2,14,  ,43,43,1,21,8,C04,24.126894,120.710968,2
2018,9,4,6,8,臺中市,北屯區,0,1,0,8,2,5,50,14,7,1,5,4,5,7,2,1,5,2,4,2,13,23,3,10,1,1,B12,7,9,1,8,2,1,  ,23,23,1,5,8,B12,24.17851,120.670703,2
2018,9,4,6,44,臺中市,西屯區,0,3,0,8,1,5,50,4,1,1,5,4,5,7,4,4,10,5,5,2,16,6,2,9,3,4,C03,7,5,1,10,2,11,  ,6,6,1,22,9,C03,24.185988,120.609947,2
2018,9,4,7,4,臺中市,東區,0,0,,8,,,50,,,,,,,,,,,,,,,,,,,,B03,,,1,,2,,,25,,1,22,,B03,24.131701,120.69022,3
2018,9,4,7,5,臺中市,清水區,0,0,,,,,50,,,,,,,,,,,,,,,,,,,,B03,,,1,,2,,,40,,1,21,,B03,24.269701,120.577264,3
2018,9,4,7,18,臺中市,神岡區,0,0,,8,,,50,,,,,,,,,,,,,,,,,,,,B03,,,6,,2,,,16,,1,21,,B03,24.262214,120.70309,3
2018,9,4,7,20,臺中市,北屯區,0,0,,8,,,50,,,,,,,,,,,,,,,,,,,,C03,,,1,,9,,,43,,1,22,,C03,24.183967,120.678647,3
2018,9,4,7,20,臺中市,龍井區,0,1,0,8,1,5,40,14,8,1,5,4,5,7,4,4,1,4,1,1,17,7,2,9,3,4,C03,7,9,1,9,2,11,  ,23,7,1,9,1,C03,24.208458,120.505338,2
2018,9,4,7,20,臺中市,大甲區,0,1,0,8,1,5,50,8,7,1,5,4,5,7,4,4,1,4,5,1,17,42,2,9,1,1,C03,7,9,1,10,2,11,  ,42,42,1,22,9,C03,24.372691,120.645964,2
2018,9,4,7,20,臺中市,大雅區,0,2,0,8,1,5,50,4,1,1,5,4,5,7,1,1,5,5,5,2,17,6,2,8,1,1,C03,7,5,1,10,2,12,  ,6,6,1,21,8,C03,24.223018,120.647991,2
2018,9,4,7,21,臺中市,大里區,0,0,,8,,,50,,,,,,,,,,,,,,,,,,,,B03,,,1,,2,,,23,,1,21,,B03,24.102362,120.687243,3
2018,9,4,7,24,臺中市,梧棲區,0,0,,8,,,50,,,,,,,,,,,,,,,,,,,,B03,,,1,,2,,,25,,1,4,,B03,24.222496,120.527136,3
2018,9,4,7,25,臺中市,太平區,0,0,,8,,,50,,,,,,,,,,,,,,,,,,,,B03,,,1,,2,,,23,,1,3,,B03,24.140965,120.711456,3
2018,9,4,7,25,臺中市,潭子區,0,3,0,8,1,5,50,4,1,1,5,4,5,7,4,4,5,5,5,2,11,23,2,9,1,1,C03,7,9,1,10,2,11,  ,23,23,1,22,9,C03,24.192179,120.699612,2
2018,9,4,7,30,臺中市,大里區,0,0,,8,,,40,,,,,,,,,,,,,,,,,,,,B03,,,1,,2,,,23,,1,4,,B03,24.102056,120.672626,3
2018,9,4,7,33,臺中市,大肚區,0,1,0,8,1,5,40,11,8,1,5,4,5,7,4,4,10,5,1,2,17,23,2,9,1,1,C03,7,9,1,10,2,11,  ,23,23,1,22,8,C03,24.168061,120.583056,2
2018,9,4,7,35,臺中市,西屯區,0,1,0,8,1,5,50,3,2,1,5,4,5,7,1,1,9,4,5,2,12,7,2,9,1,1,C03,7,8,1,8,2,12,  ,7,7,1,21,8,C03,24.182852,120.615244,2
2018,9,4,7,35,臺中市,潭子區,0,0,,8,1,5,80,14,7,1,5,4,5,7,4,4,1,3,5,1,13,23,,,,,B03,,,1,,2,,,23,23,1,22,,B03,24.201168,120.696041,3
2018,9,4,7,36,臺中市,西區,0,0,,8,,,50,,,,,,,,,,,,,,,,,,,,B03,,,1,,2,,,23,,1,5,,B03,24.150894,120.668037,3
2018,9,4,7,36,臺中市,中區,0,0,,8,,,50,,,,,,,,,,,,,,,,,,,,B03,,,1,,2,,,16,,1,5,,B03,24.144663,120.680061,4
2018,9,4,7,38,臺中市,新社區,0,0,,8,,,50,,,,,,,,,,,,,,,,,,,,B03,,,1,,2,,,23,,1,22,,B03,24.214576,120.782799,3
2018,9,4,7,40,臺中市,大里區,0,0,,,,,,,,,,,,,,,,,,,,,,,,,C03,,,1,,2,,,6,,1,3,,C03,24.08678,120.689118,3
2018,9,4,7,40,臺中市,大里區,0,0,,8,,,50,,,,,,,,,,,,,,,,,,,,B03,,,1,,2,,,42,,1,21,,B03,24.109364,120.677653,3
2018,9,4,7,40,臺中市,沙鹿區,0,0,,8,,,40,,,,,,,,,,,,,,,,,,,,C03,,,1,,2,,,6,,1,21,,C03,24.220624,120.599118,3
2018,9,4,7,42,臺中市,潭子區,0,0,,8,,,80,,,,,,,,,,,,,,,,,,,,A12,,,1,,2,,,23,,1,22,,A12,24.201114,120.697652,3
2018,9,4,7,43,臺中市,潭子區,0,0,0,8,1,5,50,4,1,1,5,4,5,7,1,1,5,4,5,2,13,16,  ,  ,  ,  ,C03,  ,  ,  ,  ,  ,  ,  ,16,16,1,  ,  ,C03,24.20691,120.711379,3
2018,9,4,7,45,臺中市,沙鹿區,0,1,0,8,1,5,50,14,8,1,5,4,5,7,4,4,4,5,4,2,16,26,3,10,1,1,B03,7,11,1,8,2,6,  ,26,26,1,8,9,B03,24.245818,120.585554,2
2018,9,4,7,46,臺中市,大里區,0,0,,,,,,,,,,,,,,,,,,,,,,,,,C03,,,1,,2,,,6,,1,6,,C03,24.086335,120.692935,3
2018,9,4,7,50,臺中市,南屯區,0,0,,8,,,50,,,,,,,,,,,,,,,,,,,,B03,,,1,,2,,,23,,1,22,,B03,24.1465,120.6407,3
2018,9,4,7,50,臺中市,西屯區,0,1,0,8,1,5,50,3,1,1,5,4,5,7,1,1,10,5,5,2,16,25,2,9,1,1,C03,7,5,1,10,2,12,  ,25,25,1,21,8,C03,24.198959,120.654722,2
2018,9,4,7,55,臺中市,梧棲區,0,2,0,8,1,5,50,4,1,1,5,4,5,7,1,1,10,5,5,2,17,42,2,9,1,1,C03,7,5,1,10,2,14,  ,42,42,1,4,5,C03,24.254518,120.528844,2
2018,9,4,7,56,臺中市,太平區,0,1,0,8,1,5,50,14,7,1,5,4,5,7,4,4,5,4,4,1,13,16,3,10,1,1,B12,7,9,1,8,2,1,3,16,16,1,21,8,B12,24.133997,120.725244,2
2018,9,4,7,57,臺中市,南區,0,1,0,8,1,5,50,4,1,1,5,4,5,7,1,1,10,5,5,2,16,6,3,10,1,1,B03,7,5,1,8,2,2,  ,6,6,1,5,8,B03,24.117156,120.669975,2
2018,9,4,8,0,臺中市,潭子區,0,0,0,8,1,5,35,14,7,1,5,4,5,7,4,4,1,4,4,1,13,23,3,10,1,1,B03,7,9,3,18,9,8,  ,23,23,2,2,1,B03,24.21553,120.707322,3
2018,9,4,8,1,臺中市,南屯區,0,1,0,8,1,5,50,3,1,1,5,4,5,7,4,4,10,5,5,2,16,26,2,8,1,1,C03,7,9,1,10,2,12,  ,26,26,1,21,1,C03,24.148646,120.615479,2
2018,9,4,8,2,臺中市,西屯區,0,2,0,8,1,5,40,3,1,1,5,4,5,7,4,4,9,5,5,2,16,6,2,9,3,4,C03,7,5,1,10,2,14,  ,6,6,1,22,8,C03,24.171635,120.64627,2
2018,9,4,8,6,臺中市,沙鹿區,0,1,0,8,1,5,50,14,7,1,5,4,5,7,4,4,5,5,4,2,13,23,2,9,1,1,C03,7,9,1,10,2,11,  ,23,23,1,21,8,C03,24.210772,120.578112,2
2018,9,4,8,7,臺中市,南屯區,0,1,0,8,1,5,50,4,1,1,5,4,5,6,1,1,10,5,5,2,16,9,3,10,1,1,B03,7,6,1,7,2,5,  ,9,9,1,5,8,B03,24.151204,120.628913,2
2018,9,4,8,15,臺中市,大甲區,0,0,0,8,,,40,,,,,,,,,,,,,,,6,  ,  ,  ,  ,B12,  ,  ,1,  ,2,  ,  ,6,6,1,21,  ,B12,24.360195,120.648108,3
2018,9,4,8,22,臺中市,大里區,0,1,0,8,1,5,50,4,1,1,5,4,5,7,4,4,10,5,5,2,13,23,3,10,1,1,B03,7,9,1,8,2,1,  ,23,23,1,20,5,B03,24.105823,120.683809,2
2018,9,4,8,25,臺中市,清水區,0,0,0,8,,,70,,,,,,,,,,,,,,,9,  ,  ,  ,  ,B12,  ,  ,1,  ,2,  ,  ,9,9,1,21,  ,B12,24.30399,120.596399,3
2018,9,4,8,28,臺中市,北屯區,0,0,,8,,,50,,,,,,,,,,,,,,,,,,,,C03,,,1,,2,,,42,,1,22,,C03,24.176233,120.68824,3
2018,9,4,8,30,臺中市,梧棲區,0,0,,8,,,50,,,,,,,,,,,,,,,,,,,,B11,,,1,,2,,,23,,1,10,,B11,24.249785,120.540854,3
2018,9,4,8,41,臺中市,太平區,0,0,,8,,,50,,,,,,,,,,,,,,,,,,,,B12,,,1,,2,,,26,,1,9,,B12,24.130359,120.733121,3
2018,9,4,8,45,臺中市,南區,0,1,0,8,1,5,50,4,1,1,5,4,5,7,1,1,10,5,5,2,13,16,2,7,1,1,C03,7,9,1,10,2,11,  ,16,16,1,5,8,C03,24.131,120.661894,2
2018,9,4,8,46,臺中市,北區,0,2,0,8,1,5,50,4,1,1,5,4,5,7,1,1,10,5,5,2,17,23,2,9,1,1,C03,7,9,1,10,2,11,  ,23,23,1,5,8,C03,24.15028,120.676172,2
2018,9,4,8,46,臺中市,潭子區,0,1,0,8,1,5,50,14,9,1,5,4,5,7,4,4,5,4,5,1,12,1,2,9,1,1,C03,7,4,1,10,2,14,  ,1,1,1,22,8,C03,24.208999,120.710274,2
2018,9,4,8,47,臺中市,霧峰區,0,0,,8,,,50,,,,,,,,,,,,,,,16,,,,,B12,,,1,,2,,,23,16,1,  ,,B12,24.013189,120.695709,3
2018,9,4,8,53,臺中市,霧峰區,0,1,0,8,1,5,50,14,13,1,5,4,5,7,4,4,10,5,5,2,17,23,2,9,1,1,C03,7,9,1,10,2,14,  ,23,23,1,21,5,C03,24.05704,120.697662,2
2018,9,4,9,0,臺中市,西屯區,0,0,,8,,,40,,,,,,,,,,,,,,,,,,,,B12,,,1,,2,,,23,,2,22,,B12,24.167476,120.665546,3
2018,9,4,9,3,臺中市,西屯區,0,2,0,8,1,5,50,4,1,1,5,4,5,7,4,4,10,5,5,2,16,19,2,9,1,1,C03,7,1,1,10,2,14,  ,19,19,1,21,8,C03,24.181927,120.646344,2
2018,9,4,9,5,臺中市,西區,0,0,0,8,,,50,,,,,,,,,,,,,,,,3,  ,  ,  ,B03,  ,  ,1,  ,2,  ,  ,6,  ,  ,21,  ,B03,24.13254,120.67185,3
2018,9,4,9,34,臺中市,南區,0,0,,8,1,5,50,4,2,1,5,4,5,7,2,1,1,2,5,2,13,,,,,,B03,,,1,,2,,,23,,1,5,,B03,24.128519,120.669056,3
2018,9,4,9,34,臺中市,西屯區,0,2,0,8,1,5,40,5,1,1,5,4,5,7,4,4,5,5,5,1,16,1,3,10,1,1,B03,7,11,1,8,2,8,  ,1,1,1,21,8,B03,24.184432,120.646183,2
2018,9,4,9,35,臺中市,太平區,0,0,0,8,,,50,,,,,,,,,,,,,,,42,  ,  ,  ,  ,B12,  ,  ,1,  ,2,  ,  ,42,42,1,5,  ,B12,24.136064,120.71553,3
2018,9,4,9,40,臺中市,太平區,0,0,,8,,,50,,,,,,,,,,,,,,,,,,,,B03,,,1,,2,,,18,,1,9,,B03,24.104546,120.713123,3
2018,9,4,9,45,臺中市,北區,0,2,0,8,1,5,50,14,9,1,5,4,5,7,4,4,5,4,5,2,16,26,2,9,1,1,C03,7,11,1,10,2,11,  ,26,26,1,5,8,C03,24.153399,120.680787,2
2018,9,4,9,53,臺中市,太平區,,,,8,,,40,,,,,,,,,,,,,,,,,,,,B03,,,1,,2,,,16,,1,9,,B03,24.123822,120.714123,3
2018,9,4,9,56,臺中市,西區,0,0,,8,1,5,50,14,9,1,5,4,5,7,4,4,5,4,5,2,13,,,,,,B03,,,1,,2,,,23,,1,5,,B03,24.14672,120.656163,4
2018,9,4,10,0,臺中市,西區,0,0,,8,,,40,,,,,,,,,,,,,,,,,,,,B03,,,3,,2,,,42,,1,5,,B03,24.140192,120.662365,3
2018,9,4,10,19,臺中市,西區,0,0,0,8,,,50,,,,,,,,,,,,,,,7,3,  ,  ,  ,B03,  ,  ,1,8,2,5,  ,7,7,1,21,8,B03,24.157634,120.659908,3
2018,9,4,10,21,臺中市,北區,0,1,0,8,1,5,50,4,1,1,5,4,5,7,1,1,2,4,5,2,12,43,3,10,1,1,B03,7,9,1,8,2,2,  ,43,43,1,21,8,B03,24.165193,120.677175,2
2018,9,4,10,26,臺中市,太平區,0,1,0,8,1,5,50,4,1,1,5,4,5,7,4,4,10,5,5,2,16,6,3,10,1,1,B11,7,5,1,3,2,1,  ,6,6,1,21,8,B11,24.155013,120.704414,2
2018,9,4,10,35,臺中市,西區,0,2,0,8,1,5,50,5,1,1,5,4,5,7,1,1,10,5,5,2,16,42,2,9,1,1,C03,7,9,1,10,2,14,  ,44,42,1,21,5,C03,24.150888,120.669658,2
2018,9,4,10,41,臺中市,龍井區,0,1,0,8,1,5,40,4,1,1,5,4,5,7,4,4,10,5,5,2,15,6,2,9,1,1,C03,7,9,1,10,2,11,  ,6,6,1,5,1,C03,24.209626,120.545535,2