年,月,日,時,分,縣市,區,死,受傷,2-30,天候,光線,道路類別,速限,道路型態,事故位置,路面鋪裝,路面狀態,路面缺陷,障礙物,視距,號誌種類,號誌動作,分向設施,快車道或一般車道間,快慢車道間,路面邊線,事故類型及型態,主要肇因,受傷程度,主要傷處,保護裝備,行動電話,當事者區分_類別,車輛用途,當事者行動狀態,駕駛資格情形,駕駛執照種類,飲酒情形,車輛撞擊部位最初,車輛撞擊部位其他,肇事因素個別,肇事因素主要,肇事逃逸,職業,旅次目的,車種,GPS座標_緯度,GPS座標_經度,事故類別
2018,9,4,10,53,臺中市,北區,0,0,0,8,,,50,,,,,,,,,,,,,,,23,  ,  ,  ,  ,B03,  ,  ,1,  ,2,  ,  ,23,23,1,19,  ,B03,24.159145,120.665768,3
2018,9,4,11,2,臺中市,西屯區,0,0,,8,,,50,,,,,,,,,,,,,,,,,,,,B03,,,1,,2,,,42,,1,  ,,B03,24.176124,120.65903,3
2018,9,4,11,6,臺中市,南屯區,0,0,,8,,,50,,,,,,,,,,,,,,,,,,,,B03,,,1,,2,,,6,,1,  ,,B03,24.127871,120.640238,3
2018,9,4,11,10,臺中市,北屯區,0,1,0,8,1,5,50,3,1,1,5,4,5,7,4,4,4,3,5,2,12,6,3,10,1,1,B03,7,6,1,8,2,2,  ,6,6,1,21,8,B03,24.175531,120.683758,2
2018,9,4,11,15,臺中市,潭子區,0,2,0,8,1,5,60,14,8,1,5,4,5,7,4,4,1,4,4,1,13,23,2,9,1,1,C03,7,9,1,10,2,11,  ,23,23,1,22,9,C03,24.198829,120.702973,2
2018,9,4,11,26,臺中市,南區,0,0,,,,,,,,,,,,,,,,,,,,,,,,,C03,,,1,,2,,,23,,1,21,,C03,24.128693,120.669059,3
2018,9,4,11,28,臺中市,清水區,0,0,,8,,,70,,,,,,,,,,,,,,,,,,,,B12,,,1,,2,,,42,,1,12,,B12,24.275341,120.571375,3
2018,9,4,11,29,臺中市,東區,0,1,0,8,1,5,50,14,7,1,5,4,5,7,4,4,9,4,4,2,14,12,3,10,1,1,B03,7,2,1,8,2,15,  ,12,12,1,5,8,B03,24.143176,120.70609,2
2018,9,4,11,30,臺中市,南區,0,0,0,8,,,40,,,,,,,,,,,,,,,12,  ,  ,  ,  ,B03,  ,  ,1,  ,2,  ,  ,44,12,1,2,  ,B03,24.117391,120.664108,3
2018,9,4,11,30,臺中市,大雅區,0,1,0,8,1,5,50,14,9,1,5,4,5,7,4,4,5,4,5,1,16,19,3,10,1,1,C03,7,1,6,18,2,11,  ,19,19,1,22,9,C03,24.226984,120.64934,2
2018,9,4,11,37,臺中市,西屯區,0,0,,8,,,40,,,,,,,,,,,,,,,,,,,,B03,,,1,,2,,,16,,1,22,,B03,24.183571,120.604734,3
2018,9,4,11,50,臺中市,北屯區,0,0,,8,,,50,,,,,,,,,,,,,,,,,,,,   ,,,7,,11,,,43,,1,  ,,   ,24.189338,120.6875,3
2018,9,4,12,4,臺中市,霧峰區,0,0,,8,,,50,,,,,,,,,,,,,,,,,,,,B03,,,1,,2,,,42,,1,4,,B03,24.077076,120.697579,3
2018,9,4,12,15,臺中市,南屯區,0,0,,8,,,50,,,,,,,,,,,,,,,,,,,,B03,,,1,,2,,,10,,1,21,,B03,24.146576,120.614991,3
2018,9,4,12,19,臺中市,西屯區,0,1,0,8,1,5,50,14,9,1,5,4,5,7,4,4,10,5,5,2,14,12,2,9,1,1,C03,7,2,1,10,2,12,  ,12,12,1,21,8,C03,24.163052,120.652863,2
2018,9,4,12,20,臺中市,北屯區,0,0,,8,,,40,,,,,,,,,,,,,,,,,,,,B03,,,1,,2,,,23,,1,  ,,B03,24.18217,120.666908,3
2018,9,4,12,20,臺中市,大雅區,0,0,,8,,,40,,,,,,,,,,,,,,,,,,,,B03,,,1,,2,,,23,,1,21,,B03,24.216788,120.677863,3
2018,9,4,12,27,臺中市,北區,0,1,0,8,1,5,50,14,9,1,5,4,5,7,4,4,5,5,5,2,16,19,3,10,1,1,B03,7,1,1,8,2,1,  ,19,19,1,4,8,B03,24.152255,120.68624,2
2018,9,4,12,45,臺中市,北屯區,0,0,,8,,,50,,,,,,,,,,,,,,,,,,,,B12,,,1,,2,,,6,,1,21,,B12,24.171076,120.723473,3
2018,9,4,12,45,臺中市,沙鹿區,0,0,,8,,,50,,,,,,,,,,,,,,,,,,,,B03,,,1,,2,,,19,,1,21,,B03,24.203253,120.566982,3
2018,9,4,12,50,臺中市,北屯區,0,0,0,8,1,5,50,14,9,1,5,4,5,7,4,4,5,5,5,2,14,12,3,10,1,1,B12,7,2,1,8,2,3,  ,12,12,1,21,8,B12,24.193061,120.743998,3
2018,9,4,12,50,臺中市,大甲區,0,1,0,8,1,5,50,5,1,1,5,4,5,7,1,1,10,5,5,2,16,6,2,9,1,1,C03,7,9,1,10,2,14,  ,42,6,1,21,8,C03,24.344278,120.621932,2
2018,9,4,12,54,臺中市,西屯區,0,0,,8,,,50,,,,,,,,,,,,,,,,,,,,B03,,,1,,2,,,6,,1,22,,B03,24.164836,120.63458,3
2018,9,4,12,57,臺中市,北屯區,0,0,,8,,,50,,,,,,,,,,,,,,,,,,,,C03,,,1,,2,,,42,,1,21,,C03,24.180195,120.720003,3
2018,9,4,13,0,臺中市,大甲區,0,1,0,8,1,5,40,5,1,1,5,4,5,2,4,4,10,5,5,2,15,6,3,10,1,1,B03,7,9,1,7,2,5,  ,6,6,1,9,8,B03,24.413387,120.625182,2
2018,9,4,13,7,臺中市,新社區,0,1,0,8,1,5,40,4,1,1,5,4,5,7,4,4,10,5,5,2,15,6,2,8,1,1,B03,7,9,1,8,2,2,  ,6,6,1,21,8,B03,24.21723,120.808832,2
2018,9,4,13,10,臺中市,大里區,0,1,0,8,1,5,40,4,2,1,5,4,5,7,4,4,10,5,5,2,15,6,3,10,1,1,B12,7,9,1,8,2,1,  ,6,6,1,22,8,B12,24.08575,120.707104,2
2018,9,4,13,27,臺中市,西屯區,0,4,0,8,1,5,70,3,7,1,5,4,5,7,2,1,1,4,4,2,13,23,2,3,1,1,B01,7,9,1,4,2,1,  ,23,23,1,22,8,B01,24.183659,120.614236,2
2018,9,4,13,30,臺中市,西屯區,0,2,0,8,1,5,50,4,1,1,5,4,5,7,2,1,10,5,5,2,17,6,3,10,1,1,C03,7,5,1,10,2,15,  ,6,6,1,18,8,C03,24.17965,120.614752,2
2018,9,4,13,37,臺中市,南屯區,0,0,,8,,,40,,,,,,,,,,,,,,,,,,,,B12,,,1,,2,,,17,,1,  ,,B12,24.143909,120.625193,4
2018,9,4,13,39,臺中市,西屯區,0,0,,8,,,30,,,,,,,,,,,,,,,,,,,,B03,,,1,,2,,,7,,1,21,,B03,24.163474,120.650029,3
2018,9,4,13,45,臺中市,龍井區,0,0,,8,,,40,,,,,,,,,,,,,,,,,,,,B12,,,1,,2,,,42,,1,22,,B12,24.188392,120.593969,3
2018,9,4,13,49,臺中市,神岡區,0,0,0,8,,,50,,,,,,,,,,,,,,,25,  ,  ,  ,  ,B03,  ,  ,1,  ,2,  ,  ,25,25,1,12,  ,B03,24.27377,120.665403,3
2018,9,4,13,49,臺中市,神岡區,0,0,,8,,,50,,,,,,,,,,,,,,,,,,,,B03,,,1,,2,,,23,,1,21,,B03,24.248139,120.691101,3
2018,9,4,13,50,臺中市,南屯區,0,1,0,8,1,5,50,4,1,1,5,4,5,7,4,4,10,5,5,2,15,6,3,10,3,4,B03,7,9,1,8,2,1,  ,6,6,1,21,8,B03,24.150411,120.613536,2
2018,9,4,13,50,臺中市,大雅區,0,1,0,8,1,5,50,3,1,1,5,4,5,7,4,4,5,5,5,2,17,23,2,8,1,1,C03,7,9,1,10,2,11,  ,23,23,1,21,8,C03,24.228179,120.63436,2
2018,9,4,13,56,臺中市,北區,0,0,0,8,,,50,,,,,,,,,,,,,,,23,  ,  ,  ,  ,B03,  ,  ,1,  ,2,  ,  ,23,23,1,19,  ,B03,24.155022,120.668824,3
2018,9,4,14,1,臺中市,潭子區,0,0,,8,,,50,,,,,,,,,,,,,,,,,,,,B12,,,1,,2,,,7,,1,  ,,B12,24.200911,120.70898,3
2018,9,4,14,4,臺中市,西區,0,1,0,8,1,5,50,4,1,1,5,4,5,7,1,1,10,5,5,2,16,6,3,10,1,1,B03,7,5,1,8,2,6,  ,6,6,1,21,8,B03,24.150872,120.665286,2
2018,9,4,14,5,臺中市,大里區,0,1,0,8,1,5,50,4,2,1,5,4,5,7,1,1,5,5,5,2,11,26,2,7,1,1,C03,7,6,1,10,2,11,  ,26,26,1,22,8,C03,24.106889,120.68874,2
2018,9,4,14,7,臺中市,北屯區,0,0,,8,,,50,,,,,,,,,,,,,,,,,,,,B12,,,1,,2,,,35,,1,6,,B12,24.168108,120.686168,3
2018,9,4,14,23,臺中市,西屯區,0,0,0,8,,,50,,,,,,,,,,,,,,,23,  ,  ,  ,  ,G03,  ,  ,1,  ,2,  ,  ,23,23,1,  ,  ,G03,24.182899,120.639602,3
2018,9,4,14,29,臺中市,西屯區,0,2,0,8,1,5,40,14,9,1,5,4,5,7,4,4,10,5,5,2,11,17,2,9,3,4,C03,7,9,1,10,2,11,  ,17,17,1,22,8,C03,24.182936,120.647606,2
2018,9,4,14,30,臺中市,西屯區,0,1,0,8,1,5,40,14,9,1,5,4,5,7,1,1,10,5,5,1,17,43,2,9,1,1,C03,7,9,1,10,2,14,  ,43,43,1,22,8,C03,24.1749,120.649003,2
2018,9,4,14,31,臺中市,西屯區,0,1,0,8,1,5,1,14,20,1,5,3,5,7,4,4,5,4,4,2,29,23,2,9,1,1,C03,7,5,1,10,2,11,  ,23,23,1,22,8,C03,24.176192,120.636054,2
2018,9,4,14,43,臺中市,大里區,0,1,0,8,1,5,50,14,22,1,5,4,5,7,4,4,8,3,4,2,19,43,2,9,1,1,C03,7,9,1,10,2,11,  ,43,43,1,22,8,C03,24.086261,120.72061,2
2018,9,4,14,50,臺中市,北區,0,1,0,8,1,5,40,14,9,1,5,4,3,5,4,4,5,5,5,2,16,19,3,10,3,4,G03,7,1,1,2,2,2,  ,19,19,1,10,3,G03,24.154715,120.66765,2
2018,9,4,14,51,臺中市,梧棲區,0,1,0,8,1,5,50,4,1,1,5,4,5,7,4,4,10,5,5,2,17,26,3,10,1,1,B03,7,6,1,8,2,15,  ,26,26,1,9,8,B03,24.222723,120.526998,2
2018,9,4,14,53,臺中市,北區,0,3,0,8,1,5,50,4,1,1,5,4,5,7,1,1,1,4,4,2,16,25,2,9,1,1,C04,7,9,1,8,2,11,  ,25,25,1,21,8,C04,24.148293,120.683503,2
2018,9,4,14,54,臺中市,清水區,0,0,,8,,,40,,,,,,,,,,,,,,,,,,,,B12,,,1,,2,,,12,,1,10,,B12,24.281233,120.564953,3
2018,9,4,15,10,臺中市,西區,0,0,0,8,,,50,,,,,,,,,,,,,,,42,3,  ,  ,  ,B03,  ,  ,1,  ,2,  ,  ,42,42,  ,21,  ,B03,24.150663,120.671268,3
2018,9,4,15,10,臺中市,西屯區,0,1,0,8,1,5,1,3,2,1,5,4,5,7,4,4,10,5,5,2,14,12,3,10,1,1,B12,7,2,1,7,2,15,  ,12,12,1,21,8,B12,24.163739,120.652051,2
2018,9,4,15,13,臺中市,西區,0,0,,8,,,50,,,,,,,,,,,,,,,,,,,,B03,,,1,,2,,,23,,1,5,,B03,24.136686,120.657224,3
2018,9,4,15,13,臺中市,梧棲區,0,0,,8,,,40,,,,,,,,,,,,,,,,,,,,A41,,,1,,2,,,23,,1,10,,A41,24.243113,120.527419,4
2018,9,4,15,19,臺中市,南屯區,0,1,0,8,1,5,50,3,2,1,5,4,5,7,4,4,5,5,4,2,16,21,2,9,1,1,C03,7,5,3,18,8,14,  ,21,21,1,19,8,C03,24.115618,120.626596,2
2018,9,4,15,23,臺中市,南屯區,0,0,,8,,,50,,,,,,,,,,,,,,,,,,,,B12,,,1,,2,,,17,,1,22,,B12,24.147861,120.615227,3
2018,9,4,15,23,臺中市,北屯區,0,0,,8,,,50,,,,,,,,,,,,,,,,,,,,B12,,,1,,2,,,1,,1,21,,B12,24.171156,120.705708,3
2018,9,4,15,38,臺中市,神岡區,0,2,0,8,1,5,60,5,1,1,5,4,5,7,4,4,10,5,5,2,12,23,3,10,1,1,B12,7,6,1,8,2,6,  ,6,23,1,9,8,B12,24.23445,120.69809,2
2018,9,4,15,41,臺中市,后里區,0,1,0,8,1,5,50,4,11,1,5,4,5,7,1,3,1,4,4,1,9,12,3,10,1,1,B12,7,2,1,8,3,6,  ,12,12,1,21,8,B12,24.292963,120.677045,2
2018,9,4,15,51,臺中市,南區,0,1,0,8,1,5,50,4,1,1,5,4,5,7,3,1,10,5,5,2,15,6,2,9,1,1,C03,7,9,1,10,2,14,  ,6,6,1,22,8,C03,24.120319,120.656463,2
2018,9,4,15,55,臺中市,龍井區,0,1,0,8,1,5,40,4,1,1,5,4,5,7,4,4,10,5,5,2,15,6,2,8,1,1,C03,7,9,1,10,2,11,  ,6,6,1,21,8,C03,24.188796,120.591242,2
2018,9,4,15,58,臺中市,西屯區,0,0,0,8,,,40,,,,,,,,,,,,,,,23,  ,  ,  ,  ,B03,  ,  ,1,  ,2,  ,  ,23,23,1,  ,  ,B03,24.16249,120.628388,3
2018,9,4,16,1,臺中市,南屯區,0,0,,,,,,,,,,,,,,,,,,,,,,,,,B03,,,1,,2,,,23,,1,  ,,B03,24.139971,120.648666,4
2018,9,4,16,4,臺中市,東勢區,0,1,0,8,1,5,50,14,9,1,5,4,5,7,4,4,5,4,5,1,16,6,3,10,1,1,B03,7,5,1,8,2,1,  ,6,6,1,21,8,B03,24.261654,120.823635,2
2018,9,4,16,5,臺中市,后里區,0,1,0,8,1,5,50,11,13,1,5,4,5,7,4,4,1,2,5,1,18,42,2,9,1,1,C03,7,9,1,10,2,12,  ,42,42,1,21,8,C03,24.32507,120.723385,2
2018,9,4,16,5,臺中市,大雅區,0,0,,8,,,40,,,,,,,,,,,,,,,,,,,,B03,,,1,,2,,,6,,1,  ,,B03,24.232334,120.662932,3
2018,9,4,16,15,臺中市,北區,0,1,0,8,1,5,50,14,9,1,5,4,5,7,4,4,5,5,5,2,16,7,2,8,1,1,C03,7,10,1,10,2,14,  ,7,7,1,5,8,C03,24.160152,120.690321,2
2018,9,4,16,17,臺中市,西區,0,0,,8,,,40,,,,,,,,,,,,,,,,,,,,B03,,,1,,2,,,12,,1,  ,,B03,24.138287,120.679515,3
2018,9,4,16,19,臺中市,梧棲區,0,2,0,8,1,5,40,4,1,1,5,4,5,7,4,4,10,5,5,2,15,6,2,9,1,1,C03,7,9,1,10,2,12,  ,6,6,1,9,8,C03,24.259926,120.550828,2
2018,9,4,16,20,臺中市,西屯區,0,1,0,8,1,5,50,4,1,1,5,4,5,7,1,1,10,5,5,2,17,43,2,9,1,1,C03,7,9,1,10,2,14,  ,43,43,1,21,8,C03,24.18916,120.61522,2
2018,9,4,16,22,臺中市,東區,0,0,0,8,1,5,50,4,2,1,5,4,5,7,4,4,5,5,5,2,13,23,3,10,1,1,B03,7,9,1,8,2,1,  ,23,23,1,5,8,B03,24.138485,120.692471,3
2018,9,4,16,26,臺中市,后里區,0,1,0,8,1,5,60,14,9,1,5,4,5,7,4,4,5,4,5,1,17,40,3,10,1,1,B03,7,13,1,4,1,4,  ,40,40,1,21,8,B03,24.328105,120.728796,2
2018,9,4,16,37,臺中市,梧棲區,0,1,0,8,1,5,40,11,9,1,5,4,5,7,4,4,10,5,5,2,10,23,3,10,1,1,B03,7,9,1,8,2,8,  ,23,23,1,2,8,B03,24.26003,120.550841,2
2018,9,4,16,41,臺中市,北區,0,0,,8,,,50,,,,,,,,,,,,,,,,,,,,C03,,,1,,2,,,7,,1,  ,,C03,24.16326,120.676832,3
2018,9,4,16,45,臺中市,南屯區,0,0,,8,,,50,,,,,,,,,,,,,,,,,,,,B03,,,1,,2,,,23,,1,22,,B03,24.155394,120.597885,3
2018,9,4,16,48,臺中市,西屯區,0,0,,8,,,40,,,,,,,,,,,,,,,,,,,,B12,,,1,,2,,,43,,1,  ,,B12,24.180151,120.6347,3
2018,9,4,16,56,臺中市,龍井區,0,1,0,8,1,5,50,3,2,1,5,4,5,7,4,4,5,5,5,1,17,19,2,8,1,1,C03,7,1,1,10,2,11,  ,19,19,1,21,8,C03,24.204411,120.52335,2
2018,9,4,17,5,臺中市,太平區,0,2,0,8,1,5,50,4,1,1,5,4,5,7,4,4,10,5,5,2,16,23,3,10,1,1,C03,7,9,1,10,2,12,  ,23,23,1,5,8,C03,24.124434,120.719705,2
2018,9,4,17,9,臺中市,西屯區,0,1,0,8,1,5,40,14,8,1,5,4,5,7,4,4,1,4,4,2,16,19,2,9,1,1,C03,7,9,1,10,2,11,  ,23,19,1,21,8,C03,24.165264,120.639422,2
2018,9,4,17,9,臺中市,潭子區,0,1,0,8,1,5,40,3,1,1,5,4,5,7,4,4,10,5,5,2,12,9,3,10,1,1,B03,7,6,1,8,2,5,  ,9,9,1,22,9,B03,24.215453,120.717605,2
2018,9,4,17,10,臺中市,神岡區,0,1,0,8,1,5,40,3,1,1,5,4,5,7,4,4,10,5,5,1,16,42,3,10,1,1,B03,7,5,6,8,2,5,  ,42,42,1,12,1,B03,24.246016,120.694281,2
2018,9,4,17,11,臺中市,潭子區,0,1,0,8,1,5,60,14,8,1,5,4,5,7,4,4,8,3,4,1,12,6,3,10,1,1,B03,7,6,1,8,2,5,  ,6,6,1,22,1,B03,24.231992,120.708772,2
2018,9,4,17,12,臺中市,后里區,0,0,0,8,,,40,,,,,,,,,,,,,,,6,  ,  ,  ,  ,B03,  ,  ,1,  ,2,  ,  ,6,6,1,9,  ,B03,24.337053,120.727532,3
2018,9,4,17,17,臺中市,北屯區,0,1,0,8,1,5,50,3,1,1,5,4,5,7,1,1,10,5,5,2,16,6,3,10,1,1,B12,7,5,1,8,2,5,  ,6,6,1,5,8,B12,24.182253,120.717769,2
2018,9,4,17,20,臺中市,西屯區,0,1,0,8,1,5,50,4,1,1,5,4,5,7,1,1,10,5,5,2,17,7,3,10,1,1,B03,7,8,1,8,2,5,  ,7,7,1,21,8,B03,24.166875,120.635431,2
2018,9,4,17,23,臺中市,大雅區,0,0,,8,,,40,,,,,,,,,,,,,,,,,,,,B02,,,1,,2,,,18,,1,  ,,B02,24.227625,120.645925,3
2018,9,4,17,24,臺中市,沙鹿區,0,1,0,8,1,5,50,3,1,1,5,4,5,7,1,1,10,5,5,2,12,26,2,9,1,1,C03,7,9,1,10,2,14,  ,43,26,1,5,5,C03,24.23423,120.56032,2
2018,9,4,17,25,臺中市,南屯區,0,0,,8,,,50,,,,,,,,,,,,,,,,,,,,B03,,,6,,2,,,26,,1,22,,B03,24.117296,120.627816,3
2018,9,4,17,25,臺中市,神岡區,0,0,,8,,,50,,,,,,,,,,,,,,,,,,,,C03,,,1,,2,,,16,,1,22,,C03,24.248647,120.696166,3
2018,9,4,17,30,臺中市,清水區,0,1,0,8,2,5,40,5,1,1,5,4,5,7,4,4,10,5,5,2,15,6,2,7,1,1,C03,7,9,1,10,2,11,  ,6,6,1,5,5,C03,24.274815,120.575865,2
2018,9,4,17,30,臺中市,沙鹿區,0,1,0,8,1,5,50,4,1,1,5,4,5,7,3,3,10,5,5,2,15,6,2,9,1,1,C03,7,9,1,10,2,12,  ,6,6,1,3,5,C03,24.216954,120.550235,2
2018,9,4,17,30,臺中市,豐原區,0,0,,8,,,60,,,,,,,,,,,,,,,,,,,,C01,,,1,,2,,,7,,  ,  ,,C01,24.262994,120.71505,3
2018,9,4,17,31,臺中市,后里區,0,1,0,8,1,5,50,3,1,1,5,4,5,7,4,4,10,5,5,2,16,6,2,9,1,1,C03,7,5,1,10,2,11,  ,23,6,1,21,9,C03,24.304811,120.721838,2
2018,9,4,17,32,臺中市,西屯區,0,0,,8,,,40,,,,,,,,,,,,,,,,,,,,B03,,,1,,2,,,23,,1,  ,,B03,24.16084,120.63471,3
2018,9,4,17,34,臺中市,太平區,0,2,0,8,1,5,50,3,1,1,5,4,5,7,4,4,10,5,5,1,3,51,2,9,1,1,C03,7,9,4,11,2,11,  ,23,51,1,21,8,C03,24.134004,120.725253,2
2018,9,4,17,35,臺中市,北屯區,0,0,,8,,,50,,,,,,,,,,,,,,,,,,,,C03,,,1,,2,,,23,,1,18,,C03,24.171633,120.683468,3
2018,9,4,17,35,臺中市,太平區,0,1,0,8,2,5,50,4,2,1,5,4,5,7,1,1,4,5,4,1,13,23,3,10,1,1,B03,7,9,1,8,2,1,  ,23,23,1,21,8,B03,24.131502,120.737722,2
2018,9,4,17,35,臺中市,烏日區,0,0,0,8,,,50,,,,,,,,,,,,,,,8,  ,  ,  ,  ,B03,  ,  ,3,  ,2,  ,  ,8,8,1,  ,  ,B03,24.109079,120.635842,3
2018,9,4,17,35,臺中市,潭子區,0,0,,8,,,50,,,,,,,,,,,,,,,,,,,,B12,,,1,,2,,,6,,1,12,,B12,24.211595,120.703558,3
2018,9,4,17,45,臺中市,北屯區,0,0,0,8,1,5,50,3,2,1,5,4,5,7,4,4,5,5,5,2,17,23,3,10,3,4,B03,7,9,1,8,2,6,  ,23,23,1,21,8,B03,24.167716,120.690906,3
2018,9,4,17,52,臺中市,西屯區,0,1,0,8,1,5,50,4,1,1,5,4,5,7,3,1,5,5,4,2,16,6,3,10,1,1,B12,7,9,1,5,2,6,  ,6,6,1,21,8,B12,24.191886,120.643736,2
2018,9,4,17,53,臺中市,后里區,0,0,0,8,,,40,,,,,,,,,,,,,,,6,  ,  ,  ,  ,B03,  ,  ,1,  ,2,  ,  ,6,6,1,4,  ,B03,24.29429,120.705664,3
2018,9,4,17,56,臺中市,西屯區,0,2,0,8,3,5,50,4,1,1,5,4,5,7,1,1,10,5,5,2,16,9,3,10,1,1,C03,7,6,1,10,2,12,  ,9,9,1,22,9,C03,24.16955,120.655941,2
2018,9,4,17,57,臺中市,西區,0,1,0,8,1,5,50,4,1,1,5,4,5,7,4,4,10,5,5,2,15,6,3,10,1,1,C03,7,9,1,10,2,12,  ,6,6,1,5,7,C03,24.139574,120.664884,2
2018,9,4,17,58,臺中市,沙鹿區,0,1,0,8,3,5,40,4,1,1,5,4,5,7,4,4,5,5,5,2,16,6,2,5,1,1,C03,7,9,1,10,2,11,  ,6,6,1,20,8,C03,24.244289,120.605877,2
2018,9,4,18,25,臺中市,西屯區,0,0,,8,,,50,,,,,,,,,,,,,,,,,,,,B12,,,1,,2,,,23,,1,22,,B12,24.182194,120.634747,3
2018,9,4,18,30,臺中市,西屯區,0,2,0,8,3,5,40,14,8,1,5,4,5,7,4,4,5,4,4,2,17,16,2,9,1,1,C03,7,9,1,10,2,11,  ,16,16,1,21,8,C03,24.184095,120.628063,2
2018,9,4,18,30,臺中市,太平區,0,0,0,8,,,50,,,,,,,,,,,,,,,23,  ,  ,  ,  ,B03,  ,  ,1,  ,2,  ,  ,23,23,1,5,  ,B03,24.156901,120.73366,3
2018,9,4,18,32,臺中市,西區,0,0,0,8,,,50,,,,,,,,,,,,,,,,3,  ,  ,  ,B03,  ,  ,1,  ,2,  ,  ,12,  ,  ,21,  ,B03,24.144336,120.664131,3
2018,9,4,18,35,臺中市,霧峰區,0,1,0,8,3,5,40,5,1,1,5,4,5,7,4,4,10,5,5,1,16,6,2,4,1,1,C03,7,6,1,10,2,11,  ,6,6,1,9,8,C03,24.062229,120.681495,2
2018,9,4,18,46,臺中市,西屯區,0,1,0,8,1,5,40,3,9,1,5,4,5,7,4,4,1,4,1,2,17,6,3,10,1,1,B03,7,6,1,8,2,5,  ,6,6,1,21,8,B03,24.161418,120.651598,2
2018,9,4,18,58,臺中市,北屯區,0,3,0,8,3,5,40,7,8,1,5,4,5,7,4,4,10,5,5,1,13,16,2,9,1,1,C03,7,9,1,10,2,13,  ,16,16,1,18,5,C03,24.164991,120.701811,2
2018,9,4,19,0,臺中市,東區,0,0,0,8,3,5,50,14,8,1,5,4,5,7,4,4,1,4,4,2,29,67,  ,  ,  ,  ,   ,  ,  ,8,  ,9,  ,  ,67,67,  ,  ,  ,   ,24.132398,120.693156,3
2018,9,4,19,11,臺中市,大里區,0,0,,8,,,50,,,,,,,,,,,,,,,,,,,,B12,,,1,,2,,,26,,1,22,,B12,24.096618,120.695668,3
2018,9,4,19,27,臺中市,北屯區,0,0,,8,,,50,,,,,,,,,,,,,,,,,,,,B03,,,1,,2,,,7,,1,21,,B03,24.18063,120.686641,3
2018,9,4,19,35,臺中市,北屯區,0,0,0,8,3,5,50,14,9,1,5,4,5,7,1,1,5,2,5,2,12,23,3,10,1,1,B03,7,7,1,8,2,1,  ,23,23,1,21,8,B03,24.174398,120.719058,3
2018,9,4,20,0,臺中市,大甲區,0,0,,8,,,50,,,,,,,,,,,,,,,,,,,,B03,,,1,,2,,,16,,1,5,,B03,24.352178,120.625226,3
2018,9,4,20,8,臺中市,西區,0,0,,8,,,50,,,,,,,,,,,,,,,,,,,,B03,,,1,,2,,,23,,1,  ,,B03,24.146707,120.664489,3
2018,9,4,20,14,臺中市,西屯區,0,2,0,8,3,5,40,3,1,1,5,4,5,7,1,1,10,5,5,2,13,16,2,9,1,1,C03,7,9,1,10,2,11,  ,16,16,1,22,9,C03,24.184185,120.60967,2
2018,9,4,20,20,臺中市,南屯區,0,0,0,8,,,40,,,,,,,,4,,,,,,,12,3,  ,  ,  ,B03,  ,  ,1,  ,2,  ,  ,12,12,1,21,  ,B03,24.138497,120.637595,3
2018,9,4,20,28,臺中市,西區,0,0,0,8,,,50,,,,,,,,,,,,,,,12,3,  ,  ,  ,B03,  ,  ,1,  ,2,  ,  ,12,12,  ,5,  ,B03,24.153483,120.659197,3
2018,9,4,20,35,臺中市,北屯區,0,1,0,8,1,5,50,4,1,1,5,2,5,7,1,1,10,5,5,2,18,42,2,9,1,1,C03,7,15,1,10,2,12,  ,42,42,1,5,8,C03,24.17266,120.681685,2
2018,9,4,20,55,臺中市,南屯區,0,0,,8,,,50,,,,,,,,,,,,,,,,,,,,A11,,,1,,2,,,17,,1,22,,A11,24.138451,120.610417,3
2018,9,4,21,5,臺中市,南屯區,0,0,,8,,,50,,,,,,,,,,,,,,,,,,,,B03,,,1,,9,,,43,,2,  ,,B03,24.147169,120.637836,3
2018,9,4,21,6,臺中市,東區,0,0,0,8,,,50,,,,,,,,,,,,,,,8,  ,  ,  ,  ,C03,  ,  ,1,10,2,  ,  ,8,8,1,  ,  ,C03,24.138922,120.700105,4
2018,9,4,21,11,臺中市,沙鹿區,0,1,0,8,1,5,50,3,1,1,5,4,5,7,4,4,10,5,5,2,16,6,3,10,1,1,B03,7,5,1,8,2,7,  ,6,6,1,21,8,B03,24.238413,120.560045,2
2018,9,4,21,21,臺中市,后里區,0,0,,8,,,50,,,,,,,,,,,,,,,,,,,,B03,,,1,,2,,,23,,1,5,,B03,24.309221,120.722386,3
2018,9,4,21,26,臺中市,中區,0,0,,8,,,50,,,,,,,,,,,,,,,23,,,,,B03,,,1,,2,,,44,23,1,21,,B03,24.145538,120.677078,3
2018,9,4,21,47,臺中市,北屯區,0,1,0,8,3,5,50,4,1,1,5,4,5,7,1,1,10,5,5,2,17,6,3,10,1,1,B03,7,6,1,8,2,15,  ,6,6,1,21,8,B03,24.169348,120.683045,2
2018,9,4,21,55,臺中市,南區,0,1,0,8,3,5,40,14,8,1,5,4,5,7,4,4,1,4,4,2,18,13,2,9,1,1,C03,7,9,1,10,2,12,  ,13,13,1,18,5,C03,24.115959,120.654464,2
2018,9,4,22,19,臺中市,東勢區,0,0,,8,,,50,,,,,,,,,,,,,,,,,,,,B03,,,1,,2,,,6,,1,  ,,B03,24.257166,120.829889,3
2018,9,4,22,23,臺中市,南區,0,0,0,8,,,50,,,,,,,,,,,,,,,43,  ,  ,  ,  ,   ,  ,  ,  ,  ,  ,  ,  ,43,43,  ,  ,  ,   ,24.11349,120.66342,3