年,月,日,時,分,縣市,區,死,受傷,2-30,天候,光線,道路類別,速限,道路型態,事故位置,路面鋪裝,路面狀態,路面缺陷,障礙物,視距,號誌種類,號誌動作,分向設施,快車道或一般車道間,快慢車道間,路面邊線,事故類型及型態,主要肇因,受傷程度,主要傷處,保護裝備,行動電話,當事者區分_類別,車輛用途,當事者行動狀態,駕駛資格情形,駕駛執照種類,飲酒情形,車輛撞擊部位最初,車輛撞擊部位其他,肇事因素個別,肇事因素主要,肇事逃逸,職業,旅次目的,車種,GPS座標_緯度,GPS座標_經度,事故類別
2018,9,4,22,36,臺中市,西區,0,0,,8,,,40,,,,,,,,,,,,,,,,,,,,B03,,,1,,2,,,42,,1,  ,,B03,24.151117,120.669352,3
2018,9,4,22,51,臺中市,南屯區,0,0,0,8,3,5,50,14,9,1,5,4,5,7,4,4,1,4,5,2,13,21,3,10,1,1,B03,7,9,6,8,7,1,  ,21,21,1,22,8,B03,24.140185,120.647391,3
2018,9,4,23,5,臺中市,沙鹿區,0,1,0,8,3,5,50,4,1,1,5,4,5,7,3,1,5,4,4,1,16,23,3,10,1,1,B03,7,5,1,8,2,8,  ,23,23,1,3,8,B03,24.215441,120.57403,2
2018,9,5,0,39,臺中市,西屯區,0,0,,8,,,50,,,,,,,,,,,,,,,,,,,,B03,,,1,,2,,,25,,1,22,,B03,24.170782,120.636532,3
2018,9,5,0,58,臺中市,北屯區,0,1,0,8,3,5,50,14,9,1,5,4,5,7,4,4,1,2,5,2,13,23,2,9,1,1,C04,7,9,1,10,2,11,  ,23,23,1,5,8,C04,24.171556,120.685502,2
2018,9,5,5,5,臺中市,北屯區,0,0,0,8,2,5,50,14,7,1,5,4,5,7,3,1,5,5,4,2,17,4,3,10,1,1,C04,7,5,6,10,8,14,  ,4,4,1,5,8,C04,24.17681,120.683796,3
2018,9,5,6,30,臺中市,南屯區,0,1,0,8,1,5,50,14,7,1,5,4,5,7,4,4,1,4,5,2,18,23,2,9,1,1,C03,7,9,1,10,1,12,  ,23,23,1,22,9,C03,24.123839,120.647827,2
2018,9,5,6,30,臺中市,北屯區,0,2,0,8,2,5,50,3,1,1,5,4,5,7,4,4,10,5,5,2,17,23,2,9,1,1,C03,7,9,3,18,2,11,  ,23,23,1,20,2,C03,24.177371,120.690813,2
2018,9,5,6,46,臺中市,外埔區,0,1,0,8,1,5,70,14,9,1,5,4,5,7,4,4,1,4,5,1,13,23,3,10,3,4,B03,7,9,1,8,2,8,  ,23,23,1,21,8,B03,24.326283,120.647733,2
2018,9,5,6,47,臺中市,西屯區,0,0,,8,,,50,,,,,,,,,,,,,,,,,,,,B03,,,1,,2,,,16,,1,22,,B03,24.196095,120.647774,3
2018,9,5,7,3,臺中市,南區,0,0,0,8,,,40,,,,,,,,,,,,,,,23,  ,  ,  ,  ,B03,  ,  ,1,  ,2,  ,  ,23,23,1,4,  ,B03,24.113247,120.66791,3
2018,9,5,7,5,臺中市,北屯區,0,2,0,8,1,5,40,14,22,1,5,4,5,7,4,4,10,5,5,2,17,23,2,7,1,1,B03,7,9,1,8,2,5,  ,23,23,2,9,8,B03,24.178776,120.668301,2
2018,9,5,7,30,臺中市,龍井區,0,0,,8,,,50,,,,,,,,,,,,,,,,,,,,C03,,,1,,2,,,23,,1,12,,C03,24.193,120.5478,3
2018,9,5,7,30,臺中市,潭子區,0,0,,8,1,5,50,14,7,1,5,4,5,7,4,4,5,4,4,2,14,,,,,,B03,,,1,,2,,,12,,1,22,,B03,24.222476,120.694284,3
2018,9,5,7,30,臺中市,大雅區,0,0,,8,,,40,,,,,,,,,,,,,,,,,,,,B03,,,1,,2,,,6,,1,22,,B03,24.21834,120.66672,3
2018,9,5,7,33,臺中市,東勢區,0,1,0,8,1,5,60,5,1,1,5,4,4,7,1,1,1,4,4,1,12,23,3,10,1,1,B03,7,3,1,8,2,2,  ,23,23,1,21,8,B03,24.24645,120.832281,2
2018,9,5,7,36,臺中市,龍井區,0,1,0,8,1,5,40,3,1,1,5,4,5,7,4,4,10,5,5,2,16,6,2,9,1,1,C03,7,5,1,10,2,14,  ,6,6,1,12,8,C03,24.205336,120.525213,2
2018,9,5,7,45,臺中市,大甲區,0,0,0,8,,5,40,14,9,1,5,4,5,6,4,4,5,4,5,1,25,43,3,10,1,1,A41,  ,  ,1,1,3,9,  ,43,43,1,10,1,A41,24.376706,120.648488,3
2018,9,5,7,48,臺中市,神岡區,0,2,0,8,1,5,50,3,1,1,5,4,5,7,3,1,10,5,5,2,16,6,2,9,1,1,C03,7,1,3,18,2,12,14,6,6,1,12,1,C03,24.266555,120.658261,2
2018,9,5,7,55,臺中市,大雅區,0,1,0,8,1,5,50,14,9,1,5,4,5,7,4,4,1,4,5,1,16,1,3,10,1,1,B12,7,9,1,8,2,2,  ,1,1,1,22,9,B12,24.218157,120.664794,2
2018,9,5,8,10,臺中市,清水區,0,1,0,8,1,5,50,4,1,1,5,4,5,7,4,4,5,5,5,2,17,6,3,10,1,1,C03,7,9,1,10,2,12,  ,6,6,1,21,5,C03,24.27112,120.57774,2
2018,9,5,8,10,臺中市,沙鹿區,0,2,0,8,1,5,50,3,1,1,5,4,5,7,4,4,10,5,5,2,16,19,2,9,1,1,C03,7,1,3,18,2,14,  ,19,19,1,19,5,C03,24.232431,120.557068,2
2018,9,5,8,10,臺中市,清水區,0,1,0,8,1,5,40,14,8,1,5,4,5,7,4,4,1,4,1,1,18,23,2,7,1,1,C03,7,9,1,10,2,12,  ,23,23,1,21,8,C03,24.264061,120.562581,2
2018,9,5,8,10,臺中市,大甲區,0,1,0,8,1,5,50,14,9,1,5,4,5,7,4,4,5,5,5,1,14,12,3,10,1,1,B03,7,2,1,8,2,7,  ,12,12,1,22,1,B03,24.342554,120.622653,2
2018,9,5,8,12,臺中市,沙鹿區,0,1,0,8,1,5,40,3,1,1,5,4,5,7,4,4,1,5,5,2,16,9,3,10,1,1,B03,7,6,1,8,2,5,  ,9,9,1,21,8,B03,24.238928,120.567035,2
2018,9,5,8,22,臺中市,清水區,0,0,,8,,,60,,,,,,,,,,,,,,,,,,,,B03,,,1,,2,,,23,,1,21,,B03,24.296738,120.552866,3
2018,9,5,8,24,臺中市,西屯區,0,1,0,8,1,5,80,14,9,1,5,4,5,7,4,4,9,4,5,2,13,23,3,10,1,1,B03,7,9,1,8,2,1,  ,23,23,1,21,8,B03,24.1561,120.625453,2
2018,9,5,8,25,臺中市,大雅區,0,3,0,8,1,5,50,14,8,1,5,4,5,7,4,4,9,4,5,1,17,26,2,9,1,1,C03,7,11,1,10,2,11,  ,26,26,1,22,9,C03,24.22158,120.6567,2
2018,9,5,8,25,臺中市,潭子區,0,0,,8,,,30,,,,,,,,,,,,,,,8,,,,,A12,,,1,,2,,,23,8,  ,22,,A12,24.199222,120.714693,3
2018,9,5,8,27,臺中市,霧峰區,0,1,0,8,1,5,50,4,1,1,5,4,5,7,1,1,5,5,4,1,17,16,3,10,1,1,C03,7,9,1,10,2,15,  ,25,16,1,18,8,C03,24.076494,120.7072,2
2018,9,5,8,30,臺中市,霧峰區,0,0,,8,,,40,,,,,,,,,,,,,,,,,,,,B03,,,1,,2,,,6,,1,5,,B03,24.042656,120.670945,3
2018,9,5,8,42,臺中市,沙鹿區,0,1,0,8,1,5,40,14,12,1,5,4,5,7,4,4,1,4,4,1,17,23,2,9,1,1,C03,7,9,1,10,2,12,  ,23,23,1,21,8,C03,24.248522,120.60346,2
2018,9,5,8,56,臺中市,南屯區,0,0,,8,,,50,,,,,,,,,,,,,,,,,,,,B03,,,1,,2,,,23,,1,22,,B03,24.148681,120.643848,3
2018,9,5,8,57,臺中市,南區,0,1,0,8,1,5,50,14,9,1,5,4,5,7,4,4,5,4,5,2,17,40,3,10,1,1,B03,7,13,1,8,2,4,  ,40,40,1,5,8,B03,24.116228,120.666784,2
2018,9,5,9,0,臺中市,東區,0,0,,8,,,40,,,,,,,,,,,,,,,,,,,,B12,,,1,,2,,,12,,1,  ,,B12,24.1247,120.688734,3
2018,9,5,9,0,臺中市,西屯區,0,1,0,8,1,5,50,4,1,1,5,4,5,7,1,1,10,5,5,2,18,23,2,9,1,1,C02,7,5,1,9,2,14,  ,23,23,1,21,8,C02,24.19361,120.649096,2
2018,9,5,9,0,臺中市,清水區,,,,8,,,60,,,,,,,,,,,,,,,,,,,,B03,,,1,,2,,,25,,1,21,,B03,24.27598,120.551775,3
2018,9,5,9,4,臺中市,南區,0,1,0,8,1,5,50,3,1,1,5,4,5,7,3,1,10,5,5,2,16,19,3,10,1,1,B03,7,1,1,7,2,8,  ,19,19,1,21,8,B03,24.119076,120.682876,2
2018,9,5,9,15,臺中市,北屯區,0,0,0,8,,,40,,,,,,,,,,,,,,,23,  ,  ,  ,  ,B02,  ,  ,1,  ,2,  ,  ,23,23,1,9,  ,B02,24.201288,120.66508,3
2018,9,5,9,15,臺中市,西屯區,0,1,0,8,1,5,40,4,9,1,5,4,5,7,2,1,1,2,4,2,16,21,3,10,3,4,B03,7,6,1,8,5,6,  ,21,21,1,22,8,B03,24.158951,120.647418,2
2018,9,5,9,27,臺中市,潭子區,0,1,0,8,1,5,50,14,9,1,5,4,5,7,4,4,5,5,5,2,16,23,2,8,1,1,C03,7,9,1,10,2,11,  ,23,23,1,22,9,C03,24.194715,120.701164,2
2018,9,5,9,28,臺中市,南屯區,0,0,,8,,,40,,,,,,,,,,,,,,,,,,,,B03,,,1,,2,,,5,,1,5,,B03,24.138023,120.640883,3
2018,9,5,9,30,臺中市,東區,0,1,0,8,1,5,50,3,1,1,5,4,5,7,4,4,10,5,5,2,16,6,3,10,1,1,B03,7,6,1,8,2,5,  ,6,6,1,22,8,B03,24.131734,120.706994,2
2018,9,5,9,40,臺中市,梧棲區,0,1,0,8,1,5,50,5,1,1,5,4,5,7,3,1,10,5,5,2,16,6,3,10,1,1,B03,7,5,1,8,2,8,  ,6,6,1,20,9,B03,24.244675,120.546051,2
2018,9,5,9,48,臺中市,北屯區,0,0,0,8,1,5,50,14,9,1,5,4,5,7,1,1,1,3,5,2,13,23,3,10,1,1,A12,7,9,1,7,2,1,  ,23,23,1,21,8,A12,24.182473,120.721613,3
2018,9,5,9,56,臺中市,西區,0,1,0,8,1,5,50,3,9,1,5,4,5,7,4,4,10,5,5,2,16,6,3,10,1,1,C03,7,6,1,10,2,12,  ,6,6,1,21,5,C03,24.152157,120.662915,2
2018,9,5,9,59,臺中市,北屯區,0,1,0,8,1,5,50,14,8,1,5,4,5,7,4,4,5,4,4,2,16,19,3,10,1,1,B03,7,1,1,8,2,8,  ,19,19,1,19,5,B03,24.165029,120.701825,2
2018,9,5,10,9,臺中市,西屯區,0,0,,8,,,50,,,,,,,,,,,,,,,,,,,,B12,,,1,,2,,,16,,1,  ,,B12,24.176335,120.652193,3
2018,9,5,10,15,臺中市,豐原區,0,1,0,8,1,5,50,5,1,1,5,4,5,7,1,1,4,3,5,1,16,25,3,10,1,1,C03,7,9,6,18,9,12,  ,25,25,1,9,8,C03,24.263128,120.72008,2
2018,9,5,10,16,臺中市,北屯區,0,1,0,8,1,5,50,3,1,1,5,4,1,7,4,4,10,5,5,2,16,9,3,10,1,1,B03,7,6,1,8,2,6,  ,9,9,1,4,8,B03,24.173715,120.669003,2
2018,9,5,10,20,臺中市,南屯區,0,0,,8,,,40,,,,,,,,,,,,,,,,,,,,B03,,,1,,2,,,23,,1,21,,B03,24.138114,120.639422,3
2018,9,5,10,20,臺中市,后里區,0,1,0,8,1,5,50,4,1,1,4,4,5,7,1,1,5,5,4,1,18,43,2,9,1,1,C03,7,10,1,10,2,12,  ,43,43,1,5,1,C03,24.311465,120.706731,2
2018,9,5,10,25,臺中市,潭子區,0,1,0,8,1,5,40,4,1,1,5,4,5,7,4,4,5,5,5,1,11,23,3,10,1,1,B03,7,5,1,8,2,8,  ,23,23,1,22,9,B03,24.204881,120.729339,2
2018,9,5,10,32,臺中市,西屯區,0,0,,8,,,50,,,,,,,,,,,,,,,,,,,,A12,,,1,,2,,,23,,1,21,,A12,24.170432,120.590374,3
2018,9,5,10,35,臺中市,北屯區,0,0,,8,,,50,,,,,,,,,,,,,,,,,,,,B03,,,1,,2,,,23,,1,22,,B03,24.17149,120.690428,3
2018,9,5,10,35,臺中市,太平區,0,0,,8,,,50,,,,,,,,,,,,,,,,,,,,B12,,,1,,2,,,12,,1,  ,,B12,24.114268,120.732247,3
2018,9,5,10,37,臺中市,神岡區,0,0,,8,,,50,,,,,,,,,,,,,,,,,,,,B03,,,1,,2,,,12,,1,22,,B03,24.257701,120.661113,3
2018,9,5,10,47,臺中市,太平區,0,1,0,8,1,5,50,14,9,1,5,4,5,7,4,4,9,5,5,1,14,12,3,10,1,1,B03,7,2,1,8,2,7,  ,12,12,1,4,3,B03,24.129866,120.725026,2
2018,9,5,10,58,臺中市,大甲區,1,0,0,8,1,5,50,4,1,1,5,4,5,7,4,4,10,5,5,2,15,6,3,10,1,1,B03,7,9,1,8,2,5,  ,6,6,1,5,8,B03,24.40195,120.647997,1
2018,9,5,11,0,臺中市,霧峰區,0,3,0,8,1,5,40,4,1,1,5,4,5,7,4,4,10,5,5,2,15,6,2,8,1,1,B03,7,9,1,8,2,8,  ,6,6,1,21,9,B03,24.048981,120.690211,2
2018,9,5,11,4,臺中市,清水區,,,,8,,,40,,,,,,,,,,,,,,,,,,,,B03,,,1,,2,,,12,,1,21,,B03,24.267141,120.575566,3
2018,9,5,11,7,臺中市,龍井區,0,0,,8,,,40,,,,,,,,,,,,,,,,,,,,A41,,,1,,2,,,19,,1,  ,,A41,24.219135,120.509552,3
2018,9,5,11,10,臺中市,大甲區,0,2,0,8,1,5,50,15,22,1,5,4,5,7,3,1,1,4,4,1,17,19,2,9,1,1,C03,7,1,1,10,2,14,  ,19,19,1,21,8,C03,24.346695,120.614981,2
2018,9,5,11,16,臺中市,南區,0,1,0,8,1,5,50,4,1,1,5,4,5,7,2,1,10,5,5,2,13,16,3,10,1,1,B03,7,9,1,8,2,5,  ,16,16,1,5,8,B03,24.1249,120.664049,2
2018,9,5,11,22,臺中市,北區,0,1,0,8,1,5,50,3,2,1,5,4,5,7,1,1,5,4,4,2,11,42,3,10,1,1,B03,7,6,1,8,2,1,  ,42,42,1,21,8,B03,24.155694,120.680373,2
2018,9,5,11,22,臺中市,沙鹿區,0,0,,8,,,50,,,,,,,,,,,,,,,,,,,,B12,,,1,,2,,,23,,1,21,,B12,24.23831,120.568419,3
2018,9,5,11,33,臺中市,大里區,0,1,0,8,1,5,50,4,1,1,5,4,5,7,1,1,10,5,5,2,13,23,3,10,1,1,B03,7,5,1,8,2,8,  ,23,23,1,6,8,B03,24.115216,120.683828,2
2018,9,5,11,34,臺中市,北屯區,0,0,0,8,1,5,50,14,9,1,5,4,5,7,4,4,10,5,5,2,12,23,3,10,1,1,A12,7,9,1,7,2,6,  ,23,23,1,21,8,A12,24.188256,120.663971,3
2018,9,5,11,40,臺中市,龍井區,0,2,0,8,1,5,40,4,2,1,5,4,5,7,4,4,5,5,5,1,15,6,2,9,1,1,C03,7,9,1,10,2,11,  ,6,6,1,22,8,C03,24.180659,120.58362,2
2018,9,5,11,44,臺中市,霧峰區,0,0,,8,,,70,,,,,,,,,,,,,,,,,,,,B03,,,1,,2,,,7,,1,21,,B03,24.07044,120.696899,3
2018,9,5,11,47,臺中市,北屯區,0,0,,8,,,50,,,,,,,,,,,,,,,,,,,,B03,,,1,,2,,,25,,1,21,,B03,24.175978,120.684541,3
2018,9,5,12,4,臺中市,西屯區,0,1,0,8,1,5,50,14,7,1,5,4,5,7,4,4,10,5,5,2,16,19,2,9,1,1,B03,7,1,1,8,2,4,  ,19,19,1,21,8,B03,24.163438,120.65812,2
2018,9,5,12,6,臺中市,南屯區,0,0,,8,,,40,,,,,,,,,,,,,,,,,,,,B03,,,1,,2,,,16,,1,3,,B03,24.145353,120.622973,4
2018,9,5,12,25,臺中市,南屯區,0,0,0,8,1,5,50,14,7,1,5,4,5,7,4,4,5,5,4,2,13,23,3,10,1,1,B03,7,9,1,8,2,1,1,23,23,1,5,3,B03,24.132844,120.633658,3
2018,9,5,12,33,臺中市,南屯區,0,0,,8,,,50,,,,,,,,,,,,,,,,,,,,B03,,,1,,2,,,12,,1,22,,B03,24.116806,120.627103,3
2018,9,5,12,35,臺中市,東區,0,1,0,8,1,5,50,3,2,1,5,4,5,7,4,4,3,4,4,2,17,1,2,7,1,1,C03,7,9,1,9,2,14,  ,23,1,1,22,8,C03,24.131526,120.689633,2
2018,9,5,12,35,臺中市,北屯區,0,2,0,8,1,5,50,4,1,1,5,4,5,7,1,1,10,5,5,2,13,16,2,8,1,1,C03,7,9,1,10,2,11,  ,16,16,1,18,8,C03,24.176571,120.691536,2
2018,9,5,12,42,臺中市,北區,0,0,0,8,,,50,,,,,,,,,,,,,,,19,  ,  ,  ,  ,B03,  ,  ,1,  ,2,  ,  ,19,19,1,19,  ,B03,24.166778,120.66621,3
2018,9,5,13,0,臺中市,大甲區,0,0,,8,,,50,,,,,,,,,,,,,,,,,,,,A11,,,1,,2,,,6,,1,9,,A11,24.36211,120.630133,3
2018,9,5,13,5,臺中市,豐原區,0,0,0,8,,,50,,,,,,,,,,,,,,,26,  ,  ,  ,  ,C03,  ,  ,1,  ,2,  ,  ,26,26,  ,  ,  ,C03,24.251535,120.717015,3
2018,9,5,13,20,臺中市,北屯區,0,0,0,8,1,5,50,14,7,1,5,4,5,7,4,4,1,4,4,2,13,23,3,10,1,1,B03,7,9,1,8,2,1,  ,23,23,1,21,8,B03,24.179321,120.667925,3
2018,9,5,13,28,臺中市,南屯區,0,0,,8,,,40,,,,,,,,,,,,,,,,,,,,B03,,,8,,2,,,43,,1,4,,B03,24.129965,120.641361,3
2018,9,5,13,41,臺中市,北區,0,2,0,6,1,5,50,3,1,1,4,4,5,7,4,4,5,4,4,2,12,23,2,9,1,1,C03,7,5,1,10,2,12,  ,23,23,1,21,8,C03,24.170055,120.670572,2
2018,9,5,13,50,臺中市,南屯區,0,0,,8,,,40,,,,,,,,,,,,,,,,,,,,A11,,,1,,2,,,17,,1,  ,,A11,24.145258,120.615343,3
2018,9,5,13,50,臺中市,北屯區,0,0,,8,,,50,,,,,,,,,,,,,,,,,,,,B03,,,1,,2,,,23,,1,4,,B03,24.175019,120.68605,3
2018,9,5,13,55,臺中市,大甲區,0,0,0,8,,,50,,,,,,,,,,,,,,,42,  ,  ,  ,  ,E04,  ,  ,1,  ,2,  ,  ,42,42,1,3,  ,E04,24.342992,120.630741,3
2018,9,5,14,0,臺中市,西屯區,0,1,0,6,2,5,50,14,9,1,4,4,5,7,4,4,9,4,5,2,16,19,3,10,1,1,B03,7,1,1,8,2,1,  ,19,19,1,21,8,B03,24.171746,120.658948,2
2018,9,5,14,5,臺中市,霧峰區,0,0,,8,,,70,,,,,,,,,,,,,,,,,,,,B03,,,1,,2,,,42,,1,22,,B03,24.053056,120.66142,3
2018,9,5,14,20,臺中市,南屯區,0,0,0,8,1,5,50,14,7,1,5,4,5,7,4,4,1,4,5,2,13,23,3,10,1,1,B03,7,9,1,8,2,1,1,23,23,1,5,3,B03,24.17414,120.669426,3
2018,9,5,14,25,臺中市,太平區,0,1,0,8,1,5,50,14,9,1,5,4,5,7,4,4,5,5,5,1,13,23,3,10,1,1,B03,7,9,1,8,2,1,  ,23,23,1,21,8,B03,24.128318,120.718146,2
2018,9,5,14,33,臺中市,北屯區,0,0,,8,,,40,,,,,,,,,,,,,,,,,,,,B12,,,4,,2,,,12,,1,21,,B12,24.19671,120.683895,3
2018,9,5,14,36,臺中市,大雅區,0,1,0,8,1,5,50,4,1,1,5,4,5,7,1,1,1,4,5,1,17,43,4,11,3,4,   ,7,21,7,19,11,15,  ,43,43,2,22,9,   ,24.236512,120.634741,2
2018,9,5,14,39,臺中市,沙鹿區,0,1,0,8,1,5,50,4,1,1,5,4,5,7,4,4,10,5,5,2,18,23,2,8,1,1,C03,7,9,1,10,2,14,  ,23,23,1,18,5,C03,24.214926,120.578671,2
2018,9,5,14,40,臺中市,清水區,0,1,0,8,1,5,50,5,1,1,5,4,5,7,1,1,10,5,5,2,15,25,2,9,1,1,C03,7,9,1,10,2,11,  ,25,25,1,5,5,C03,24.266041,120.556755,2
2018,9,5,14,45,臺中市,西區,0,1,0,8,1,5,50,14,9,1,5,4,5,7,2,1,5,2,5,2,12,7,2,1,1,1,C03,7,7,1,10,2,14,  ,7,7,1,21,8,C03,24.150857,120.657071,2
2018,9,5,15,10,臺中市,南區,0,1,0,8,1,5,50,4,1,1,5,4,5,7,2,1,3,4,4,2,12,7,2,9,1,1,C03,7,7,1,10,2,14,  ,7,7,1,5,5,C03,24.117557,120.658379,2
2018,9,5,15,21,臺中市,太平區,0,0,,8,,,50,,,,,,,,,,,,,,,,,,,,B12,,,1,,2,,,12,,1,21,,B12,24.096646,120.728442,3
2018,9,5,15,24,臺中市,西區,0,1,0,8,1,5,50,4,1,1,5,4,5,7,1,1,10,5,5,2,17,6,3,10,1,1,B11,7,5,1,3,2,1,  ,6,6,1,5,4,B11,24.136479,120.6762,2
2018,9,5,15,25,臺中市,東區,0,0,,8,,,50,,,,,,,,,,,,,,,,,,,,B03,,,1,,2,,,42,,1,  ,,B03,24.129596,120.697148,3
2018,9,5,15,29,臺中市,太平區,0,1,0,8,1,5,50,4,1,1,5,4,5,7,4,4,10,5,5,2,16,8,3,10,1,1,B03,7,5,1,8,2,8,  ,8,8,1,4,8,B03,24.119261,120.720902,2
2018,9,5,15,55,臺中市,梧棲區,0,1,0,8,1,5,40,14,8,1,5,4,5,7,4,4,1,4,4,1,16,19,3,10,1,1,B03,7,1,1,8,2,7,  ,19,19,1,21,8,B03,24.233035,120.528894,2
2018,9,5,16,10,臺中市,西區,0,0,,8,,,40,,,,,,,,,,,,,,,,,,,,B12,,,1,,2,,,12,,1,5,,B12,24.155204,120.657839,3
2018,9,5,16,10,臺中市,西屯區,0,0,,8,,,40,,,,,,,,,,,,,,,,,,,,B03,,,1,,2,,,23,,1,22,,B03,24.167988,120.640361,3
2018,9,5,16,10,臺中市,大里區,0,0,,8,,,40,,,,,,,,,,,,,,,,,,,,B03,,,1,,2,,,19,,1,22,,B03,24.093064,120.704005,3
2018,9,5,16,10,臺中市,太平區,0,1,0,8,1,5,50,3,2,1,5,4,5,7,4,4,5,5,5,1,16,26,2,7,1,1,C03,7,11,1,10,2,11,12,26,26,1,21,8,C03,24.111772,120.706176,2
2018,9,5,16,14,臺中市,西區,0,0,,8,,,50,,,,,,,,,,,,,,,,,,,,B03,,,1,,2,,,23,,1,5,,B03,24.146705,120.659221,3
2018,9,5,16,14,臺中市,西屯區,0,1,0,8,1,5,40,3,1,1,5,4,5,7,4,4,5,5,4,2,16,6,2,9,1,1,C03,7,5,1,10,2,14,  ,6,6,1,21,8,C03,24.16357,120.658781,2
2018,9,5,16,18,臺中市,沙鹿區,0,1,0,8,1,5,50,4,1,1,5,4,5,7,1,1,10,5,5,2,16,9,3,10,1,1,B03,7,6,1,8,2,2,  ,9,9,1,5,5,B03,24.242381,120.57139,2
2018,9,5,16,20,臺中市,中區,0,1,0,8,1,5,50,14,9,1,5,4,5,7,4,4,10,2,5,2,16,19,2,9,1,1,C03,7,1,1,10,2,14,  ,19,19,1,21,8,C03,24.140818,120.68467,2
2018,9,5,16,34,臺中市,南區,0,0,0,8,1,5,50,14,7,1,5,4,5,7,4,4,1,2,5,2,13,23,3,10,1,1,B12,7,15,1,8,2,1,  ,23,23,1,22,8,B12,24.11506,120.655588,3
2018,9,5,16,35,臺中市,大雅區,0,1,0,8,1,5,40,4,2,1,5,4,5,7,1,1,5,5,5,1,3,43,4,11,3,4,   ,7,21,7,19,11,15,  ,43,43,2,22,9,   ,24.225259,120.647992,2
2018,9,5,16,37,臺中市,西區,0,0,,8,,,50,,,,,,,,,,,,,,,,,,,,C03,,,1,,2,,,16,,1,  ,,C03,24.143122,120.657391,3
2018,9,5,16,38,臺中市,北屯區,0,1,0,8,1,5,40,14,9,1,5,4,5,7,4,4,1,1,5,2,29,13,2,9,3,4,C03,7,7,1,10,2,11,  ,13,13,1,18,8,C03,24.189769,120.722605,2
2018,9,5,16,40,臺中市,西屯區,0,1,0,8,1,5,40,14,9,1,5,4,5,7,4,4,1,4,1,2,9,60,3,10,3,5,H03,8,20,8,20,10,16,  ,60,60,1,5,8,H03,24.177391,120.634147,2
2018,9,5,16,40,臺中市,西屯區,0,0,,8,,,40,,,,,,,,,,,,,,,,,,,,B02,,,1,,2,,,9,,1,22,,B02,24.174931,120.648735,3
2018,9,5,16,40,臺中市,太平區,0,0,0,8,,,40,,,,,,,,,,,,,,,6,  ,  ,  ,  ,B03,  ,  ,1,  ,2,  ,  ,6,6,1,  ,  ,B03,24.141549,120.727073,3
2018,9,5,16,44,臺中市,西區,0,1,0,8,1,5,50,3,1,1,5,4,5,7,1,1,10,5,5,2,17,42,3,10,1,1,B03,7,6,1,8,2,2,  ,42,42,1,5,5,B03,24.150862,120.661281,2
2018,9,5,16,50,臺中市,北屯區,0,1,0,8,1,5,50,4,1,1,5,4,5,7,4,4,10,5,5,2,17,25,2,9,1,1,C04,7,15,1,11,2,12,  ,25,25,1,22,8,C04,24.186861,120.687105,2
2018,9,5,16,58,臺中市,南區,0,1,0,8,1,5,40,14,8,1,5,4,5,7,1,1,5,5,4,2,13,23,3,10,1,1,B03,7,9,1,8,2,5,  ,23,23,1,20,8,B03,24.133688,120.671197,2
2018,9,5,16,59,臺中市,西屯區,0,2,0,8,1,5,40,5,1,1,5,4,5,7,1,1,10,5,5,2,17,23,2,9,1,1,C03,7,9,1,10,2,12,  ,23,23,1,22,9,C03,24.165476,120.643436,2
2018,9,5,17,0,臺中市,神岡區,0,0,0,8,,,50,,,,,,,,,,,,,,,17,  ,  ,  ,  ,B12,  ,  ,1,  ,2,  ,  ,17,17,1,21,  ,B12,24.24841,120.695416,3
2018,9,5,17,7,臺中市,梧棲區,0,1,0,8,1,5,50,4,2,1,5,4,5,7,4,4,10,5,5,2,15,6,2,9,1,1,C03,7,9,1,10,2,12,  ,6,6,1,9,8,C03,24.241822,120.532103,2
2018,9,5,17,11,臺中市,清水區,0,2,0,8,1,5,70,3,2,1,5,4,5,7,1,1,10,4,4,1,16,6,3,10,1,1,B03,7,8,1,7,2,2,  ,6,6,1,12,8,B03,24.304061,120.596345,2
2018,9,5,17,14,臺中市,西區,0,0,,8,,,50,,,,,,,,,,,,,,,,,,,,C03,,,1,,2,,,17,,1,5,,C03,24.150901,120.660668,3
2018,9,5,17,14,臺中市,南屯區,0,0,,8,,,50,,,,,,,,,,,,,,,,,,,,B03,,,1,,2,,,16,,1,5,,B03,24.142064,120.637921,4
2018,9,5,17,20,臺中市,南屯區,0,0,0,8,1,5,40,14,8,1,5,4,5,7,4,4,5,5,4,2,17,23,3,10,1,1,B03,7,9,1,8,2,5,5,23,23,1,5,5,B03,24.149856,120.633082,3
2018,9,5,17,24,臺中市,太平區,0,0,0,8,,,50,,,,,,,,,,,,,,,23,  ,  ,  ,  ,B03,  ,  ,1,  ,2,  ,  ,23,23,1,21,  ,B03,24.126156,120.718466,3
2018,9,5,17,30,臺中市,大里區,0,0,,8,,,60,,,,,,,,,,,,,,,,,,,,C03,,,1,,2,,,16,,1,22,,C03,24.10487,120.68176,3
2018,9,5,17,30,臺中市,烏日區,0,1,0,8,1,5,50,3,1,1,5,4,5,7,4,4,10,5,5,2,16,6,3,10,1,1,B03,7,5,1,8,2,6,  ,6,6,1,21,8,B03,24.061916,120.643281,2
2018,9,5,17,37,臺中市,沙鹿區,0,0,,8,,,40,,,,,,,,,,,,,,,,,,,,B03,,,1,,2,,,12,,1,  ,,B03,24.226027,120.575659,4
2018,9,5,17,38,臺中市,西區,0,0,0,8,,,40,,,,,,,,,,,,,,,19,3,  ,  ,  ,C03,  ,  ,1,  ,2,  ,  ,19,19,  ,5,  ,C03,24.154732,120.656384,3