年,月,日,時,分,縣市,區,死,受傷,2-30,天候,光線,道路類別,速限,道路型態,事故位置,路面鋪裝,路面狀態,路面缺陷,障礙物,視距,號誌種類,號誌動作,分向設施,快車道或一般車道間,快慢車道間,路面邊線,事故類型及型態,主要肇因,受傷程度,主要傷處,保護裝備,行動電話,當事者區分_類別,車輛用途,當事者行動狀態,駕駛資格情形,駕駛執照種類,飲酒情形,車輛撞擊部位最初,車輛撞擊部位其他,肇事因素個別,肇事因素主要,肇事逃逸,職業,旅次目的,車種,GPS座標_緯度,GPS座標_經度,事故類別
2018,9,5,17,40,臺中市,西區,0,0,,8,,,50,,,,,,,,,,,,,,,,,,,,B03,,,1,,2,,,6,,1,5,,B03,24.156983,120.662366,3
2018,9,5,17,40,臺中市,清水區,0,0,,8,,,40,,,,,,,,,,,,,,,,,,,,   ,,,7,,11,,,43,,  ,  ,,   ,24.269875,120.575554,3
2018,9,5,17,44,臺中市,沙鹿區,0,2,0,8,1,5,50,14,7,1,5,4,5,7,4,4,4,4,4,1,13,23,2,1,1,1,C03,7,9,1,10,2,11,  ,23,23,1,3,8,C03,24.236922,120.567044,2
2018,9,5,17,45,臺中市,南區,0,2,0,8,1,5,50,3,1,1,5,4,5,7,1,1,10,5,5,2,17,6,2,9,1,1,C03,7,5,1,10,2,11,  ,6,6,1,22,8,C03,24.123891,120.65652,2
2018,9,5,17,45,臺中市,清水區,0,1,0,8,2,5,40,4,1,1,5,4,5,7,4,4,10,5,5,2,16,6,3,10,1,1,B03,7,5,1,8,2,7,  ,6,6,1,5,1,B03,24.280156,120.550496,2
2018,9,5,17,46,臺中市,南屯區,0,0,,8,,,40,,,,,,,,,,,,,,,,,,,,B03,,,1,,2,,,12,,1,  ,,B03,24.149414,120.633411,3
2018,9,5,17,49,臺中市,北屯區,0,2,0,8,3,5,50,4,2,1,5,4,5,7,1,1,5,5,4,2,16,6,2,9,1,1,C03,7,5,3,18,6,11,14,6,6,1,5,8,C03,24.193829,120.682898,2
2018,9,5,17,50,臺中市,大雅區,0,0,,8,,,40,,,,,,,,,,,,,,,19,,,,,C03,,,1,,2,,,23,19,1,21,,C03,24.212277,120.663667,3
2018,9,5,17,53,臺中市,神岡區,0,0,,8,,,50,,,,,,,,,,,,,,,,,,,,B03,,,1,,2,,,23,,1,  ,,B03,24.24964,120.67845,3
2018,9,5,17,58,臺中市,北屯區,0,0,,8,,,40,,,,,,,,,,,,,,,,,,,,C03,,,1,,2,,,23,,1,21,,C03,24.192298,120.681496,3
2018,9,5,17,59,臺中市,大里區,0,1,0,8,2,5,50,5,1,1,5,4,5,7,3,1,10,5,5,2,13,16,2,3,1,1,C03,7,9,1,10,2,11,  ,16,16,1,22,5,C03,24.115095,120.680751,2
2018,9,5,18,0,臺中市,潭子區,0,1,0,8,1,5,50,5,1,1,5,4,5,7,4,4,5,4,5,2,17,26,3,10,1,1,B03,7,9,1,8,2,8,  ,26,26,1,22,8,B03,24.215204,120.706265,2
2018,9,5,18,4,臺中市,南屯區,0,1,0,8,3,5,50,4,9,1,5,4,5,7,1,1,5,4,5,2,18,43,2,9,1,1,C03,7,9,1,10,2,15,  ,43,43,1,22,9,C03,24.153665,120.64072,2
2018,9,5,18,5,臺中市,北屯區,0,0,,8,,,40,,,,,,,,,,,,,,,,,,,,B03,,,1,,2,,,12,,1,4,,B03,24.176235,120.672705,3
2018,9,5,18,8,臺中市,西屯區,0,0,,8,,,60,,,,,,,,,,,,,,,,,,,,B03,,,1,,2,,,7,,1,  ,,B03,24.159208,120.655896,3
2018,9,5,18,10,臺中市,北屯區,0,0,,8,,,50,,,,,,,,,,,,,,,,,,,,C03,,,1,,2,,,23,,1,20,,C03,24.169805,120.700975,3
2018,9,5,18,20,臺中市,西屯區,0,3,0,8,3,5,50,4,1,1,5,4,5,7,1,1,1,5,5,2,13,16,2,8,1,1,C03,7,9,1,10,2,11,  ,16,16,1,22,8,C03,24.16877,120.647258,2
2018,9,5,18,22,臺中市,南區,0,0,,8,,,50,,,,,,,,,,,,,,,42,,,,,B03,,,1,,2,,,23,42,1,2,,B03,24.133675,120.676466,3
2018,9,5,18,23,臺中市,大雅區,0,0,,8,,,40,,,,,,,,,,,,,,,,,,,,B03,,,1,,2,,,6,,1,21,,B03,24.216689,120.639917,3
2018,9,5,18,25,臺中市,大雅區,0,0,,8,,,50,,,,,,,,,,,,,,,,,,,,B03,,,1,,2,,,23,,1,  ,,B03,24.216738,120.666331,3
2018,9,5,18,26,臺中市,南區,0,2,0,8,1,5,50,3,7,1,5,4,5,7,1,1,3,4,4,2,17,42,2,9,1,1,C03,7,9,1,10,2,14,  ,42,42,1,22,9,C03,24.119126,120.668045,2
2018,9,5,18,26,臺中市,沙鹿區,0,1,0,8,2,5,20,11,9,1,5,4,5,7,4,4,10,5,5,2,16,4,3,10,1,1,B03,7,11,1,8,2,8,  ,4,4,1,5,5,B03,24.240051,120.566283,2
2018,9,5,18,27,臺中市,龍井區,0,1,0,7,3,5,50,14,9,1,5,4,5,7,4,4,5,5,5,1,12,19,3,10,1,1,B03,7,1,1,8,2,8,  ,19,19,1,21,8,B03,24.184556,120.585099,2
2018,9,5,18,28,臺中市,大里區,0,1,0,8,1,5,50,14,8,1,5,4,5,7,4,4,5,5,4,2,17,4,3,10,1,1,C03,7,5,1,10,2,11,  ,4,4,1,22,8,C03,24.112803,120.690475,2
2018,9,5,18,39,臺中市,北屯區,0,0,,8,,,50,,,,,,,,,,,,,,,,,,,,B03,,,1,,2,,,23,,1,21,,B03,24.173881,120.67613,3
2018,9,5,18,39,臺中市,大雅區,0,0,,8,,,50,,,,,,,,,,,,,,,,,,,,B03,,,1,,2,,,7,,1,  ,,B03,24.228449,120.64296,3
2018,9,5,18,41,臺中市,西屯區,0,0,,8,,,50,,,,,,,,,,,,,,,,,,,,B03,,,1,,2,,,23,,1,  ,,B03,24.167453,120.657218,3
2018,9,5,18,51,臺中市,南區,0,0,0,,,,,,,,,,,,,,,,,,,12,3,  ,  ,  ,B12,  ,  ,1,  ,2,  ,  ,12,12,1,22,  ,B12,24.117178,120.659214,3
2018,9,5,18,55,臺中市,北屯區,0,1,0,8,3,5,50,14,9,1,5,4,5,7,4,4,5,2,5,2,12,26,2,9,3,4,C03,7,1,1,10,2,11,  ,26,26,1,21,8,C03,24.181313,120.68881,2
2018,9,5,18,55,臺中市,西屯區,0,1,0,8,3,5,50,4,1,1,5,4,5,7,1,1,10,5,5,2,16,9,3,10,1,1,B12,7,6,1,8,2,2,  ,9,9,1,22,9,B12,24.192383,120.607355,2
2018,9,5,18,59,臺中市,西屯區,0,0,,8,,,50,,,,,,,,,,,,,,,,,,,,B03,,,1,,2,,,26,,1,22,,B03,24.187798,120.620416,3
2018,9,5,19,1,臺中市,西屯區,0,0,,8,,,50,,,,,,,,,,,,,,,,,,,,B03,,,1,,2,,,8,,1,19,,B03,24.166382,120.644246,3
2018,9,5,19,4,臺中市,西屯區,0,0,,8,,,50,,,,,,,,,,,,,,,,,,,,B03,,,1,,2,,,23,,1,  ,,B03,24.199505,120.655263,3
2018,9,5,19,5,臺中市,清水區,0,1,0,8,3,5,70,4,1,1,5,4,5,7,1,1,10,5,5,2,17,7,3,10,1,1,B03,7,8,1,10,9,15,  ,7,7,1,5,1,B03,24.300847,120.577675,2
2018,9,5,19,6,臺中市,后里區,0,1,0,8,3,5,60,14,8,1,5,4,5,7,4,4,1,4,4,1,17,43,2,9,2,1,F03,7,9,8,20,2,16,  ,43,43,1,21,8,F03,24.31736,120.724126,2
2018,9,5,19,8,臺中市,北屯區,0,0,,8,,,50,,,,,,,,,,,,,,,,,,,,B12,,,1,,2,,,42,,1,21,,B12,24.176944,120.733177,3
2018,9,5,19,15,臺中市,北屯區,0,0,0,8,3,5,80,10,7,1,5,4,5,7,4,4,1,4,5,1,13,16,3,10,1,1,B03,7,9,1,8,2,1,  ,16,16,1,21,8,B03,24.169595,120.720751,3
2018,9,5,19,30,臺中市,大里區,0,0,0,8,3,5,50,11,9,1,5,4,5,7,4,4,5,5,5,2,12,17,3,10,1,1,B03,7,6,1,8,2,6,  ,17,17,1,21,8,B03,24.087732,120.691494,3
2018,9,5,19,40,臺中市,南屯區,0,1,0,8,3,5,50,4,1,1,5,4,5,7,2,1,10,5,5,2,12,23,2,9,3,4,C03,7,9,1,10,7,14,  ,23,23,1,22,9,C03,24.144641,120.634128,2
2018,9,5,19,40,臺中市,北屯區,0,0,,8,,,50,,,,,,,,,,,,,,,,,,,,B03,,,1,,2,,,23,,1,4,,B03,24.182253,120.721585,3
2018,9,5,19,48,臺中市,西屯區,0,0,,8,,,50,,,,,,,,,,,,,,,,,,,,B02,,,1,,2,,,16,,1,  ,,B02,24.16305,120.650188,3
2018,9,5,19,50,臺中市,神岡區,0,0,,8,,,50,,,,,,,,,,,,,,,,,,,,B12,,,1,,2,,,8,,1,  ,,B12,24.257126,120.671318,3
2018,9,5,19,58,臺中市,西屯區,0,0,0,8,,,50,,,,,,,,,,,,,,,23,  ,  ,  ,  ,B03,  ,  ,1,  ,2,  ,  ,23,23,1,4,  ,B03,24.162718,120.644905,3
2018,9,5,19,59,臺中市,西屯區,0,1,0,8,3,5,50,3,7,1,5,4,5,7,4,4,5,5,4,2,16,23,2,9,1,1,C03,7,9,1,10,2,12,  ,23,23,1,22,9,C03,24.191156,120.613225,2
2018,9,5,20,0,臺中市,大甲區,0,0,,8,,,50,,,,,,,,,,,,,,,,,,,,B02,,,1,,2,,,43,,  ,  ,,B02,24.346354,120.628749,3
2018,9,5,20,7,臺中市,南屯區,0,2,0,8,3,5,50,3,2,1,5,4,5,7,4,4,1,4,5,2,12,6,3,10,1,1,B03,7,6,1,8,2,2,  ,6,6,1,22,9,B03,24.145003,120.625045,2
2018,9,5,20,13,臺中市,北區,0,2,0,8,3,5,50,5,1,1,5,4,5,7,1,1,10,5,5,2,15,25,2,9,1,1,C04,7,9,3,18,2,11,12,25,25,1,22,9,C04,24.154639,120.686356,2
2018,9,5,20,16,臺中市,潭子區,0,0,,8,2,5,50,14,9,1,5,4,5,7,1,1,8,3,5,1,14,,,,,,B03,,,1,,2,,,12,,1,22,,B03,24.211449,120.706815,3
2018,9,5,20,17,臺中市,南區,0,0,0,,,,,,,,,,,,,,,,,,,19,3,  ,  ,  ,B03,  ,  ,1,  ,2,  ,  ,19,19,1,22,  ,B03,24.117138,120.659174,3
2018,9,5,20,17,臺中市,東勢區,0,1,0,7,1,5,50,4,1,1,5,4,5,7,4,4,5,5,5,1,15,6,3,10,1,1,B12,7,9,1,8,2,8,4,6,6,1,22,8,B12,24.255557,120.828351,2
2018,9,5,20,18,臺中市,北屯區,0,2,0,8,3,5,50,14,7,1,5,4,5,7,4,4,9,5,4,2,16,27,2,9,1,1,C03,7,9,1,10,2,11,  ,23,27,1,4,8,C03,24.166713,120.696548,2
2018,9,5,20,19,臺中市,西屯區,0,2,0,8,3,5,50,3,1,1,5,4,5,7,1,1,10,5,5,2,16,6,2,9,1,1,F03,7,5,8,20,2,16,  ,6,6,1,22,8,F03,24.17909,120.592666,2
2018,9,5,20,32,臺中市,太平區,0,2,0,8,3,5,40,4,1,1,5,4,5,7,4,4,5,5,5,2,15,6,2,9,1,1,C03,7,9,1,10,2,13,  ,6,6,1,21,8,C03,24.150121,120.732123,2
2018,9,5,20,36,臺中市,沙鹿區,0,0,,8,,,40,,,,,,,,,,,,,,,,,,,,B03,,,1,,2,,,19,,1,3,,B03,24.215161,120.577222,3
2018,9,5,21,10,臺中市,西區,0,0,0,8,,,40,,,,,,,,,,,,,,,23,  ,  ,  ,  ,B03,  ,  ,1,  ,11,  ,  ,23,23,1,21,  ,B03,24.153512,120.661738,3
2018,9,5,21,12,臺中市,大里區,0,0,,8,,,60,,,,,,,,,,,,,,,,,,,,B03,,,1,,2,,,23,,1,5,,B03,24.102255,120.672006,3
2018,9,5,21,16,臺中市,東區,0,0,0,8,,,50,,,,,,,,,,,,,,,23,  ,  ,  ,  ,B03,  ,  ,1,8,2,  ,  ,23,23,1,  ,  ,B03,24.147852,120.69936,3
2018,9,5,21,23,臺中市,西區,0,2,0,8,3,5,50,4,1,1,5,4,5,7,2,1,10,5,5,2,3,15,3,10,1,1,B03,7,5,1,8,2,1,  ,15,15,1,21,8,B03,24.146709,120.655166,2
2018,9,5,21,28,臺中市,大里區,0,2,0,8,3,5,50,4,1,1,5,4,5,7,1,1,10,5,5,2,17,25,2,9,1,1,C03,7,15,1,10,2,11,  ,25,25,1,22,5,C03,24.102218,120.687855,2
2018,9,5,21,44,臺中市,北屯區,0,0,,8,,,50,,,,,,,,,,,,,,,,,,,,B03,,,1,,2,,,23,,1,22,,B03,24.164935,120.697111,3
2018,9,5,21,50,臺中市,太平區,0,1,0,8,3,5,50,4,1,1,5,4,5,7,3,1,10,5,5,2,16,3,3,10,1,1,B03,7,5,1,8,2,7,  ,3,3,1,20,5,B03,24.131585,120.718176,2
2018,9,5,22,0,臺中市,大里區,0,1,0,8,3,5,50,4,2,1,5,4,5,7,2,1,1,3,4,1,12,7,3,10,1,1,B12,7,9,1,8,2,8,  ,23,7,1,22,8,B12,24.101059,120.689901,2
2018,9,5,22,10,臺中市,大甲區,0,1,0,8,3,5,50,3,1,1,5,4,5,7,4,4,10,5,5,2,17,19,2,9,1,1,C03,7,1,2,18,2,12,  ,19,19,1,16,9,C03,24.346348,120.639683,2
2018,9,5,22,20,臺中市,南區,0,1,0,8,3,5,50,4,1,1,5,4,5,7,1,1,10,5,5,2,16,23,3,10,1,1,B03,7,5,1,8,2,8,  ,23,23,1,4,8,B03,24.124434,120.660201,2
2018,9,5,22,30,臺中市,大里區,0,1,0,8,3,5,40,3,1,1,5,4,5,7,4,4,10,5,5,2,17,23,2,9,1,1,C03,7,9,3,18,2,11,  ,23,23,1,16,2,C03,24.088061,120.696207,2
2018,9,5,22,44,臺中市,南區,0,1,0,8,3,5,50,14,8,1,5,4,5,7,4,4,1,4,4,2,12,23,3,10,1,1,C03,7,6,1,10,2,12,  ,23,23,1,22,8,C03,24.119136,120.670922,2
2018,9,5,22,49,臺中市,西區,0,2,0,8,3,5,50,4,1,1,5,4,5,7,2,1,10,5,5,2,15,25,3,10,1,1,B03,7,9,1,8,8,1,  ,25,25,1,21,8,B03,24.142785,120.674312,2
2018,9,5,23,31,臺中市,西屯區,0,0,0,8,,,40,,,,,,,,,,,,,,,23,  ,  ,  ,  ,B03,  ,  ,1,  ,2,  ,  ,23,23,1,21,  ,B03,24.168933,120.641952,3
2018,9,5,23,33,臺中市,南區,0,2,0,8,3,5,50,4,1,1,5,4,5,7,1,1,10,5,5,2,15,25,2,9,4,5,F01,7,9,8,20,2,16,  ,25,25,1,16,8,F01,24.120318,120.655774,2
2018,9,6,0,20,臺中市,西屯區,0,0,,8,,,40,,,,,,,,,,,,,,,,,,,,B03,,,1,,2,,,12,,1,22,,B03,24.156201,120.649025,3
2018,9,6,0,58,臺中市,中區,0,1,0,7,3,5,50,14,7,1,5,4,5,7,4,4,5,5,5,2,17,23,2,9,1,1,B03,7,9,1,8,2,8,  ,23,23,1,5,8,B03,24.14502,120.67959,2
2018,9,6,3,30,臺中市,霧峰區,0,0,,8,,,70,,,,,,,,,,,,,,,,,,,,B03,,,1,,2,,,23,,1,21,,B03,24.04457,120.669241,3
2018,9,6,4,30,臺中市,南屯區,0,0,0,8,,,40,,,,,,,,,,,,,,,,3,  ,  ,  ,B03,  ,  ,1,  ,2,  ,  ,19,  ,1,22,  ,B03,24.147026,120.643773,4
2018,9,6,4,57,臺中市,西區,0,2,0,7,3,5,50,14,7,1,5,4,5,7,1,1,1,4,4,2,16,25,2,9,1,1,C03,7,5,3,18,2,11,  ,25,25,1,5,8,C03,24.161194,120.66249,2
2018,9,6,5,52,臺中市,大里區,0,2,0,8,2,5,40,4,1,1,5,4,5,7,1,1,10,5,5,2,17,18,2,7,1,1,C03,7,3,1,10,2,13,  ,18,18,1,22,8,C03,24.111152,120.696689,2
2018,9,6,6,20,臺中市,大雅區,0,2,0,8,2,5,50,3,1,1,5,4,5,7,3,1,10,5,5,2,12,23,2,9,1,1,C03,7,9,1,10,2,12,  ,23,23,1,22,9,C03,24.218855,120.646853,2
2018,9,6,6,42,臺中市,龍井區,0,1,0,8,1,5,40,3,1,1,5,4,5,7,4,4,10,5,5,2,16,6,2,7,4,5,F03,7,5,8,20,2,16,  ,6,6,1,15,8,F03,24.203588,120.510058,2
2018,9,6,6,51,臺中市,東區,0,0,0,8,,,40,,,,,,,,,,,,,,,17,  ,  ,  ,  ,B12,  ,  ,1,8,2,  ,  ,17,17,1,  ,  ,B12,24.138957,120.687825,3
2018,9,6,7,7,臺中市,大里區,0,1,0,8,1,5,50,14,9,1,5,4,5,7,4,4,9,5,4,1,16,1,3,10,3,4,B03,7,3,1,8,2,2,  ,1,1,1,3,8,B03,24.115281,120.688342,2
2018,9,6,7,8,臺中市,龍井區,0,1,0,8,1,5,40,3,1,1,5,4,5,7,4,4,10,5,5,1,16,6,3,10,1,1,B03,7,5,1,8,2,1,  ,6,6,1,12,1,B03,24.187216,120.528005,2
2018,9,6,7,10,臺中市,西屯區,0,1,0,8,1,5,40,14,16,1,5,4,5,7,4,4,10,5,3,2,29,43,2,9,1,1,C03,7,9,1,10,2,11,  ,43,43,1,9,9,C03,24.171438,120.632619,2
2018,9,6,7,10,臺中市,潭子區,0,1,0,8,1,5,50,4,1,1,5,4,5,7,1,1,5,5,5,1,12,17,3,10,1,1,C03,7,9,4,11,2,12,  ,17,17,1,22,9,C03,24.210387,120.710364,2
2018,9,6,7,15,臺中市,西屯區,0,1,0,8,1,5,40,4,1,1,5,4,5,7,1,1,10,5,5,2,16,8,2,9,1,1,C03,7,5,1,10,2,12,  ,8,8,1,21,8,C03,24.173531,120.637165,2
2018,9,6,7,15,臺中市,太平區,0,0,,8,,,50,,,,,,,,,,,,,,,,,,,,B03,,,1,,2,,,16,,1,4,,B03,24.144417,120.712176,3
2018,9,6,7,19,臺中市,神岡區,0,1,0,8,1,5,50,14,9,1,5,4,5,7,4,4,5,5,5,1,17,26,2,9,1,1,C03,7,1,1,10,2,11,  ,26,26,1,21,9,C03,24.279933,120.654938,2
2018,9,6,7,20,臺中市,南屯區,0,0,0,8,1,5,50,14,7,1,5,4,5,7,4,4,1,4,1,2,13,23,3,10,1,1,B03,7,9,1,8,2,1,3,23,23,1,3,1,B03,24.167877,120.583808,3
2018,9,6,7,22,臺中市,新社區,0,2,0,8,1,5,40,4,1,1,5,4,5,7,4,4,10,5,5,2,16,6,2,9,1,1,C03,7,9,1,10,2,12,  ,6,6,1,21,8,C03,24.217286,120.80887,2
2018,9,6,7,25,臺中市,大雅區,0,1,0,8,1,5,50,14,9,1,5,4,5,7,4,4,5,5,5,1,16,26,3,10,1,1,B03,7,5,1,8,2,1,  ,26,26,1,22,8,B03,24.212595,120.646972,2
2018,9,6,7,28,臺中市,沙鹿區,0,0,,8,,,50,,,,,,,,,,,,,,,,,,,,B03,,,1,,2,,,7,,  ,22,,B03,24.203266,120.56755,4
2018,9,6,7,30,臺中市,清水區,0,1,0,8,1,5,70,3,1,1,5,4,5,7,1,1,10,5,5,2,16,9,3,10,1,1,B03,7,6,1,8,2,5,  ,9,9,1,21,8,B03,24.304021,120.596175,2
2018,9,6,7,31,臺中市,中區,0,1,0,8,1,5,50,4,1,1,5,4,5,7,4,4,10,5,5,2,15,6,3,10,1,1,B03,7,9,1,8,2,8,  ,6,6,1,5,5,B03,24.142201,120.681354,2
2018,9,6,7,38,臺中市,大雅區,0,0,,8,,,50,,,,,,,,,,,,,,,,,,,,A42,,,1,,2,,,7,,  ,  ,,A42,24.219411,120.662611,3
2018,9,6,7,42,臺中市,北區,0,0,0,8,,,50,,,,,,,,,,,,,,,12,  ,  ,  ,  ,B12,  ,  ,1,  ,2,  ,  ,12,12,1,  ,  ,B12,24.15728,120.692956,3
2018,9,6,7,45,臺中市,大肚區,0,1,0,8,1,5,40,4,1,1,5,4,5,7,1,1,10,5,5,2,16,26,2,8,1,1,C03,7,9,1,10,2,14,  ,26,26,1,9,1,C03,24.148673,120.549526,2
2018,9,6,7,47,臺中市,烏日區,0,1,0,8,1,5,50,14,7,5,5,2,1,7,4,4,10,5,5,1,18,43,2,9,1,1,C03,7,9,1,10,2,12,  ,43,43,1,22,8,C03,24.093905,120.651035,2
2018,9,6,7,48,臺中市,烏日區,0,0,,8,,,50,,,,,,,,,,,,,,,,,,,,B03,,,1,,2,,,26,,1,22,,B03,24.113005,120.618815,3
2018,9,6,7,48,臺中市,沙鹿區,0,1,0,8,1,5,50,4,1,1,5,4,5,7,4,4,10,5,5,2,15,6,2,9,1,1,C03,7,9,1,10,2,12,  ,6,6,1,18,5,C03,24.239988,120.561496,2
2018,9,6,7,48,臺中市,大雅區,0,0,,,,,,,,,,,,,,,,,,,,,,,,,B03,,,1,,2,,,6,,1,22,,B03,24.222451,120.669599,3
2018,9,6,7,50,臺中市,南屯區,0,2,0,8,1,5,50,4,1,1,5,4,5,7,2,1,10,5,5,2,15,25,2,9,1,1,C03,7,9,1,10,2,12,12,25,25,1,3,1,C03,24.148088,120.604568,2
2018,9,6,7,50,臺中市,清水區,0,2,0,8,2,5,50,14,9,1,5,4,5,7,4,4,5,4,4,1,12,23,2,9,1,1,C03,7,9,1,10,2,11,  ,23,23,1,5,1,C03,24.285076,120.576255,2
2018,9,6,7,50,臺中市,潭子區,0,2,0,8,1,5,50,4,1,1,5,4,5,7,1,1,1,2,4,2,12,26,2,9,1,1,C03,7,5,1,10,2,14,  ,26,26,1,22,9,C03,24.209589,120.711801,2
2018,9,6,7,50,臺中市,大雅區,0,1,0,8,1,5,40,14,8,1,5,4,5,7,4,4,1,5,4,1,16,19,3,10,1,1,B03,7,1,1,8,2,8,  ,19,19,1,22,8,B03,24.21921,120.662891,2
2018,9,6,7,51,臺中市,西區,0,0,,8,,,40,,,,,,,,,,,,,,,,,,,,B03,,,1,,2,,,12,,1,5,,B03,24.150375,120.66235,3
2018,9,6,7,51,臺中市,太平區,0,0,,8,,,50,,,,,,,,,,,,,,,,,,,,B03,,,1,,2,,,16,,1,6,,B03,24.15906,120.711744,3
2018,9,6,7,53,臺中市,后里區,0,0,,8,,,50,,,,,,,,,,,,,,,,,,,,C03,,,1,,11,,,6,,1,22,,C03,24.295926,120.718498,3
2018,9,6,7,55,臺中市,烏日區,0,0,,8,,,40,,,,,,,,,,,,,,,,,,,,A41,,,1,,2,,,60,,1,10,,A41,24.107335,120.649591,3
2018,9,6,7,59,臺中市,太平區,0,2,0,8,1,5,50,4,1,1,5,4,5,7,1,1,10,5,5,1,3,25,2,9,1,1,C03,7,9,1,10,2,11,  ,25,25,1,21,1,C03,24.133726,120.720966,2
2018,9,6,8,0,臺中市,大里區,0,0,,8,,,50,,,,,,,,,,,,,,,,,,,,B03,,,1,,2,,,23,,1,21,,B03,24.091465,120.691253,3
2018,9,6,8,2,臺中市,西區,0,1,0,8,1,5,50,5,1,1,5,4,5,7,1,1,10,5,5,2,16,9,3,10,1,1,B12,7,6,1,8,2,6,  ,9,9,1,5,8,B12,24.132016,120.668794,2
2018,9,6,8,6,臺中市,大里區,0,2,0,8,1,5,50,3,2,1,5,4,5,7,4,4,5,5,4,2,16,26,2,8,1,1,C03,7,5,1,10,2,12,  ,26,26,1,21,8,C03,24.099062,120.679256,2
2018,9,6,8,10,臺中市,南屯區,0,0,,8,,,50,,,,,,,,,,,,,,,,,,,,B03,,,1,,2,,,23,,1,19,,B03,24.148841,120.65233,3
2018,9,6,8,30,臺中市,潭子區,0,1,0,8,1,5,60,14,8,1,5,4,5,7,1,1,8,3,4,1,12,44,3,10,1,1,A03,7,9,1,6,2,2,  ,44,44,1,22,1,A03,24.197106,120.702652,2
2018,9,6,8,34,臺中市,南區,0,1,0,8,1,5,50,4,1,1,5,4,5,7,2,1,3,5,5,2,12,42,3,10,1,1,C03,7,8,1,10,2,12,  ,42,42,1,5,5,C03,24.126495,120.670151,2
2018,9,6,8,36,臺中市,龍井區,0,1,0,8,1,5,70,14,7,1,5,4,5,7,4,4,1,4,4,2,13,23,2,4,1,1,C03,7,9,1,10,2,11,  ,23,23,1,18,8,C03,24.212805,120.55149,2
2018,9,6,8,45,臺中市,南區,0,2,0,8,1,5,50,3,1,1,5,4,5,7,3,1,10,5,5,2,17,6,2,7,1,1,C03,7,5,1,10,2,11,  ,6,6,1,21,8,C03,24.124134,120.678238,2
2018,9,6,8,48,臺中市,南區,0,1,0,8,1,5,50,4,1,1,5,4,5,7,4,4,10,5,5,2,15,6,2,7,1,1,C03,7,9,1,10,2,12,  ,6,6,1,5,8,C03,24.1251,120.662209,2
2018,9,6,8,49,臺中市,梧棲區,0,1,0,8,1,5,40,4,1,1,5,4,5,7,4,4,10,5,5,2,15,6,3,10,3,4,B12,7,9,1,7,2,1,  ,14,6,1,21,8,B12,24.240201,120.538412,2
2018,9,6,9,0,臺中市,西屯區,0,1,0,8,1,5,50,14,9,1,5,4,5,7,4,4,9,4,5,2,12,7,3,10,1,1,B03,7,8,1,8,5,8,  ,7,7,1,21,8,B03,24.163626,120.645951,2
2018,9,6,9,1,臺中市,南區,0,1,0,8,1,5,50,14,9,1,5,4,5,7,4,4,4,4,5,2,12,7,2,7,1,1,C03,7,7,1,10,2,14,  ,7,7,1,5,5,C03,24.134896,120.682701,2
2018,9,6,9,15,臺中市,神岡區,0,0,0,8,,,50,,,,,,,,,,,,,,,23,  ,  ,  ,  ,B03,  ,  ,1,  ,2,  ,  ,23,23,1,22,  ,B03,24.24755,120.695541,3
2018,9,6,9,20,臺中市,東區,0,0,,8,,,50,,,,,,,,,,,,,,,,,,,,B03,,,1,,2,,,6,,1,  ,,B03,24.133241,120.697213,3
2018,9,6,9,20,臺中市,東區,0,0,,8,,,50,,,,,,,,,,,,,,,,,,,,B03,,,1,,2,,,19,,1,22,,B03,24.13578,120.685987,3
2018,9,6,9,22,臺中市,大肚區,1,1,0,8,1,5,70,5,1,1,5,4,5,7,1,1,10,5,5,2,15,25,2,1,1,1,C03,7,9,1,10,2,11,  ,25,25,1,21,8,C03,24.146976,120.548826,1
2018,9,6,9,25,臺中市,西屯區,0,1,0,8,1,5,50,3,2,1,5,4,5,7,4,4,9,4,4,2,12,43,2,9,1,1,C03,7,9,1,10,2,14,  ,44,43,1,21,8,C03,24.173793,120.645228,2
2018,9,6,9,30,臺中市,外埔區,0,1,0,8,1,5,50,3,1,1,5,4,5,7,4,4,10,5,5,1,11,5,2,9,1,4,C03,7,6,1,10,2,14,  ,5,5,1,22,8,C03,24.332886,120.71475,2
2018,9,6,9,35,臺中市,北區,0,0,0,8,,,50,,,,,,,,,,,,,,,42,  ,  ,  ,  ,A02,  ,  ,1,  ,2,  ,  ,44,42,1,  ,  ,A02,24.157492,120.685098,3
2018,9,6,9,37,臺中市,南區,0,0,,8,1,5,40,14,8,1,5,4,5,7,4,4,1,2,4,2,14,,,,,,B03,,,1,,2,,,12,,1,5,,B03,24.124427,120.663693,3
2018,9,6,9,40,臺中市,大雅區,0,0,,8,,,40,,,,,,,,,,,,,,,,,,,,B12,,,1,,2,,,12,,1,  ,,B12,24.233693,120.659584,3
2018,9,6,9,41,臺中市,太平區,0,1,0,8,1,5,50,14,9,1,5,4,5,7,4,4,9,5,5,1,16,19,3,10,1,1,B12,7,1,1,3,2,5,  ,19,19,1,5,4,B12,24.111833,120.703646,2
2018,9,6,9,50,臺中市,南區,0,0,,8,,,50,,,,,,,,,,,,,,,,,,,,C03,,,1,,2,,,13,,1,5,,C03,24.110628,120.647136,3
2018,9,6,9,50,臺中市,北屯區,0,1,0,8,1,5,40,4,1,1,5,4,5,7,4,4,10,5,5,2,15,6,2,8,1,1,C03,7,9,1,10,2,12,  ,6,6,1,5,8,C03,24.183456,120.692076,2
2018,9,6,9,53,臺中市,西區,0,0,,8,,,40,,,,,,,,,,,,,,,,,,,,B03,,,1,,2,,,23,,1,5,,B03,24.139825,120.657158,3