年,月,日,時,分,縣市,區,死,受傷,2-30,天候,光線,道路類別,速限,道路型態,事故位置,路面鋪裝,路面狀態,路面缺陷,障礙物,視距,號誌種類,號誌動作,分向設施,快車道或一般車道間,快慢車道間,路面邊線,事故類型及型態,主要肇因,受傷程度,主要傷處,保護裝備,行動電話,當事者區分_類別,車輛用途,當事者行動狀態,駕駛資格情形,駕駛執照種類,飲酒情形,車輛撞擊部位最初,車輛撞擊部位其他,肇事因素個別,肇事因素主要,肇事逃逸,職業,旅次目的,車種,GPS座標_緯度,GPS座標_經度,事故類別
2018,9,6,10,10,臺中市,北屯區,0,0,,8,,,40,,,,,,,,,,,,,,,,,,,,B03,,,1,,2,,,23,,1,21,,B03,24.186015,120.664963,3
2018,9,6,10,36,臺中市,西屯區,0,1,0,8,1,5,50,3,2,1,5,4,5,7,4,4,10,4,5,2,12,43,3,10,1,1,B03,7,6,1,8,2,2,  ,43,43,1,21,8,B03,24.16369,120.650136,2
2018,9,6,10,58,臺中市,南屯區,0,2,0,8,1,5,40,4,1,1,5,4,5,7,2,1,10,5,5,2,16,23,2,8,1,4,C03,7,9,4,8,2,11,  ,23,23,1,21,8,C03,24.148683,120.646773,2
2018,9,6,11,0,臺中市,大里區,0,1,0,8,1,5,40,14,9,1,5,4,5,7,4,4,9,5,5,2,18,23,2,9,1,1,C03,7,9,1,10,2,15,  ,23,23,1,19,8,C03,24.115761,120.675235,2
2018,9,6,11,9,臺中市,東區,0,2,0,8,1,5,50,3,1,1,5,4,5,7,2,1,10,5,5,2,16,19,2,9,1,1,F03,7,1,8,20,2,16,  ,19,19,1,19,8,F03,24.136914,120.692786,2
2018,9,6,11,15,臺中市,西區,0,0,,6,,,50,,,,,,,,,,,,,,,,,,,,B12,,,1,,2,,,1,,1,5,,B12,24.146717,120.656783,4
2018,9,6,11,15,臺中市,潭子區,0,0,,8,,,30,,,,,,,,,,,,,,,,,,,,B12,,,1,,2,,,23,,  ,22,,B12,24.187898,120.700089,3
2018,9,6,11,22,臺中市,大雅區,0,0,,8,,,40,,,,,,,,,,,,,,,,,,,,B12,,,1,,2,,,12,,1,21,,B12,24.241113,120.62542,3
2018,9,6,11,23,臺中市,西屯區,0,0,,8,,,40,,,,,,,,,,,,,,,,,,,,B03,,,1,,2,,,23,,1,21,,B03,24.175806,120.634415,3
2018,9,6,11,24,臺中市,西區,0,1,0,8,1,5,50,5,1,1,5,4,5,7,1,1,10,5,5,2,16,26,3,10,1,1,B12,7,5,1,8,2,2,  ,26,26,1,5,8,B12,24.131786,120.67255,2
2018,9,6,11,24,臺中市,沙鹿區,0,0,,8,,,40,,,,,,,,,,,,,,,,,,,,C03,,,1,,2,,,26,,  ,4,,C03,24.241231,120.56494,3
2018,9,6,11,25,臺中市,南區,0,0,0,8,1,5,50,4,1,1,5,4,5,7,1,1,10,5,5,2,29,25,3,10,1,1,B03,7,9,1,8,2,8,  ,25,25,1,21,8,B03,24.121886,120.670333,3
2018,9,6,11,25,臺中市,新社區,1,1,0,8,1,5,40,14,9,1,5,4,5,7,4,4,5,5,5,1,19,23,2,9,1,1,B12,7,9,1,8,2,5,  ,23,23,1,21,8,B12,24.124845,120.880236,1
2018,9,6,11,26,臺中市,南屯區,0,1,0,6,1,5,50,4,1,1,4,4,5,7,1,1,10,5,5,2,15,25,2,9,1,1,C03,7,9,1,10,2,11,  ,25,25,1,22,8,C03,24.149945,120.650628,2
2018,9,6,11,30,臺中市,北屯區,0,0,0,6,,,40,,,,,,,,,,,,,,,12,  ,  ,  ,  ,B03,  ,  ,1,  ,2,  ,  ,12,12,  ,21,  ,B03,24.176401,120.680398,3
2018,9,6,11,40,臺中市,大里區,0,0,,8,,,50,,,,,,,,,,,,,,,,,,,,B03,,,1,,2,,,23,,1,  ,,B03,24.109366,120.686936,3
2018,9,6,11,41,臺中市,南屯區,0,0,,8,,,50,,,,,,,,,,,,,,,,,,,,B03,,,1,,2,,,42,,1,  ,,B03,24.140806,120.642013,4
2018,9,6,11,45,臺中市,太平區,0,0,,8,,,50,,,,,,,,,,,,,,,,,,,,B03,,,1,,2,,,23,,1,4,,B03,24.155003,120.719155,3
2018,9,6,11,49,臺中市,北屯區,0,0,,6,,,50,,,,,,,,,,,,,,,,,,,,C04,,,1,,2,,,23,,1,22,,C04,24.168385,120.685289,3
2018,9,6,11,51,臺中市,南區,0,1,0,8,1,5,50,4,1,1,5,4,5,7,4,4,10,5,5,2,15,6,2,7,1,1,C03,7,9,1,10,2,11,  ,6,6,1,5,8,C03,24.130091,120.676123,2
2018,9,6,11,56,臺中市,西區,0,1,0,8,1,5,50,4,1,1,5,4,5,7,4,4,10,5,5,2,15,6,2,9,1,1,C03,7,9,1,10,2,12,  ,6,6,1,5,5,C03,24.140451,120.669095,2
2018,9,6,12,0,臺中市,大甲區,0,1,0,8,1,5,50,4,2,1,5,4,5,7,4,4,5,5,5,1,17,19,3,10,1,1,B03,7,1,1,8,2,15,  ,19,19,1,9,8,B03,24.346972,120.619928,2
2018,9,6,12,5,臺中市,梧棲區,0,0,0,8,,,50,,,,,,,,,,,,,,,23,  ,  ,  ,  ,B03,  ,  ,1,  ,9,  ,  ,23,23,1,10,  ,B03,24.254247,120.529434,3
2018,9,6,12,10,臺中市,西區,0,2,0,8,1,8,40,3,1,1,5,4,5,7,4,4,10,5,5,2,16,6,2,9,1,1,C03,7,5,1,10,2,15,  ,6,6,1,5,5,C03,24.13586,120.661661,2
2018,9,6,12,10,臺中市,烏日區,0,1,0,8,1,5,50,14,7,5,5,2,1,7,4,4,10,5,5,1,18,43,2,9,1,1,C03,7,9,1,10,2,12,  ,43,43,1,22,8,C03,24.095194,120.654552,2
2018,9,6,12,18,臺中市,西區,0,1,0,6,1,5,50,4,1,1,4,4,5,7,2,1,10,5,5,2,5,15,3,10,1,1,B03,7,5,1,8,2,5,  ,15,15,1,5,8,B03,24.143975,120.669814,2
2018,9,6,12,28,臺中市,西區,0,0,0,8,,,60,,,,,,,,,,,,,,,12,3,  ,  ,  ,B03,  ,  ,1,  ,2,  ,  ,12,12,  ,5,  ,B03,24.15085,120.669983,3
2018,9,6,12,28,臺中市,太平區,0,0,,8,,,50,,,,,,,,,,,,,,,,,,,,B03,,,1,,2,,,19,,1,21,,B03,24.144438,120.713639,3
2018,9,6,12,30,臺中市,中區,0,0,0,8,1,5,50,4,1,1,5,4,5,7,1,1,10,5,5,2,16,6,3,10,1,1,B03,7,5,1,8,2,6,  ,6,6,1,21,8,B03,24.138673,120.68072,3
2018,9,6,12,30,臺中市,烏日區,0,0,,8,,,30,,,,,,,,,,,,,,,,,,,,B03,,,1,,2,,,2,,1,21,,B03,24.105771,120.618288,3
2018,9,6,12,33,臺中市,北屯區,0,0,0,6,,,50,,,,,,,,,,,,,,,19,  ,  ,  ,  ,B03,  ,  ,1,  ,2,  ,  ,19,19,  ,5,  ,B03,24.171526,120.695073,3
2018,9,6,12,40,臺中市,西區,0,1,0,6,1,5,40,5,1,1,4,4,5,7,1,1,10,5,5,2,16,6,3,10,1,1,B03,7,6,1,8,2,2,  ,6,6,1,5,5,B03,24.154673,120.663728,2
2018,9,6,12,43,臺中市,沙鹿區,0,0,,8,,,70,,,,,,,,,,,,,,,,,,,,B02,,,1,,2,,,42,,1,5,,B02,24.242356,120.621193,4
2018,9,6,12,55,臺中市,西屯區,0,1,0,8,1,5,40,14,8,1,5,4,5,7,4,4,9,4,4,2,13,23,2,9,1,1,C03,7,9,1,10,2,11,  ,23,23,1,21,8,C03,24.198598,120.625954,2
2018,9,6,13,3,臺中市,南區,0,1,0,8,1,5,40,14,8,1,5,4,5,7,4,4,3,4,4,2,17,40,3,10,1,1,B03,7,14,1,8,2,4,  ,40,40,1,4,5,B03,24.120697,120.660675,2
2018,9,6,13,6,臺中市,中區,0,0,,8,,,50,,,,,,,,,,,,,,,,,,,,B03,,,1,,2,,,42,,1,21,,B03,24.146899,120.679423,4
2018,9,6,13,15,臺中市,烏日區,0,0,,8,,,50,,,,,,,,,,,,,,,,,,,,B01,,,1,,2,,,23,,1,10,,B01,24.115338,120.641638,3
2018,9,6,13,26,臺中市,東區,0,3,0,8,1,5,50,5,1,1,5,4,5,7,1,1,10,5,5,2,15,25,2,9,1,1,C03,7,9,1,10,2,12,  ,25,25,1,5,8,C03,24.147983,120.692522,2
2018,9,6,13,30,臺中市,北屯區,0,1,0,7,1,5,50,14,9,1,5,4,5,7,4,4,5,5,5,2,16,26,3,10,1,1,B02,7,11,1,8,2,1,  ,26,26,1,9,8,B02,24.174458,120.685815,2
2018,9,6,13,33,臺中市,沙鹿區,0,1,0,8,1,5,50,14,7,1,5,4,5,7,4,4,1,4,4,1,13,23,2,1,1,1,C03,7,9,3,18,8,11,  ,23,23,1,12,8,C03,24.246257,120.562419,2
2018,9,6,13,35,臺中市,豐原區,0,0,0,8,,,50,,,,,,,,,,,,,,,23,  ,  ,  ,  ,B12,  ,  ,1,  ,2,  ,  ,23,23,  ,  ,  ,B12,24.249263,120.715668,3
2018,9,6,13,38,臺中市,西屯區,0,0,0,8,,,40,,,,,,,,,,,,,,,12,  ,  ,  ,  ,A12,  ,  ,1,  ,2,  ,  ,12,12,1,21,  ,A12,24.193537,120.642556,3
2018,9,6,13,47,臺中市,清水區,0,0,,8,,,40,,,,,,,,,,,,,,,,,,,,B03,,,1,,2,,,6,,1,21,,B03,24.264339,120.554577,3
2018,9,6,13,51,臺中市,太平區,0,0,,8,,,50,,,,,,,,,,,,,,,,,,,,B03,,,1,,2,,,25,,1,4,,B03,24.133686,120.720929,3
2018,9,6,13,51,臺中市,沙鹿區,0,1,0,8,1,5,40,14,9,1,5,4,5,7,4,4,10,5,5,2,10,23,3,10,1,1,C03,7,9,3,18,5,11,  ,23,23,1,9,8,C03,24.241255,120.564239,2
2018,9,6,14,0,臺中市,北屯區,0,0,0,8,1,5,50,4,1,1,5,4,5,7,1,1,10,5,5,2,16,25,3,10,1,1,B03,7,9,1,8,2,7,  ,25,25,1,21,8,B03,24.201124,120.690118,3
2018,9,6,14,3,臺中市,沙鹿區,0,0,,8,,,40,,,,,,,,,,,,,,,,,,,,B12,,,6,,2,,,26,,1,20,,B12,24.217162,120.580424,3
2018,9,6,14,27,臺中市,南屯區,0,0,,8,,,50,,,,,,,,,,,,,,,,,,,,B03,,,1,,2,,,23,,1,22,,B03,24.14012,120.64928,3
2018,9,6,14,29,臺中市,大里區,0,0,,8,,,50,,,,,,,,,,,,,,,,,,,,B03,,,1,,2,,,12,,1,3,,B03,24.095078,120.704164,3
2018,9,6,14,35,臺中市,西屯區,0,0,0,8,,,40,,,,,,,,,,,,,,,12,  ,  ,  ,  ,B12,  ,  ,1,  ,2,  ,  ,12,12,1,10,  ,B12,24.16951,120.635148,3
2018,9,6,14,48,臺中市,烏日區,0,0,,8,,,60,,,,,,,,,,,,,,,,,,,,B12,,,1,,2,,,7,,1,22,,B12,24.067,120.64208,3
2018,9,6,14,57,臺中市,清水區,0,0,0,8,,,70,,,,,,,,,,,,,,,43,  ,  ,  ,  ,B03,  ,  ,1,  ,3,  ,  ,43,43,1,12,  ,B03,24.273256,120.568749,3
2018,9,6,15,0,臺中市,南區,0,0,0,8,1,5,50,14,8,1,5,4,,7,4,,1,4,4,2,17,42,3,10,1,1,B01,7,15,1,4,2,5,  ,42,42,1,22,8,B01,24.113746,120.653006,3
2018,9,6,15,5,臺中市,南屯區,0,0,,8,,,50,,,,,,,,,,,,,,,,,,,,B03,,,1,,2,,,7,,1,22,,B03,24.145117,120.62646,3
2018,9,6,15,6,臺中市,北屯區,0,0,,8,,,50,,,,,,,,,,,,,,,,,,,,B03,,,1,,2,,,19,,1,4,,B03,24.187435,120.687593,3
2018,9,6,15,7,臺中市,后里區,0,0,,8,,,50,,,,,,,,,,,,,,,,,,,,A05,,,1,,2,,,16,,1,  ,,A05,24.310503,120.71255,3
2018,9,6,15,10,臺中市,霧峰區,0,0,0,8,1,5,40,14,9,1,5,4,5,7,4,4,10,5,5,2,11,23,3,10,1,1,C03,7,5,1,10,2,11,  ,23,23,1,5,8,C03,24.072275,120.714143,3
2018,9,6,15,26,臺中市,西區,0,1,0,8,1,5,50,4,1,1,5,4,5,7,1,1,10,5,5,2,17,42,3,10,1,1,C03,7,9,1,10,2,15,  ,42,42,1,5,5,C03,24.154673,120.663728,2
2018,9,6,15,30,臺中市,北屯區,0,1,0,8,1,5,50,14,9,1,5,4,5,7,4,4,5,5,5,2,16,19,3,10,1,1,B12,7,1,1,8,2,8,  ,19,19,1,9,8,B12,24.1755,120.6956,2
2018,9,6,15,30,臺中市,龍井區,0,0,,8,,,40,,,,,,,,,,,,,,,,,,,,G03,,,7,,2,,,42,,1,10,,G03,24.174588,120.542715,3
2018,9,6,15,33,臺中市,南區,0,0,,8,,,50,,,,,,,,,,,,,,,,,,,,B12,,,1,,2,,,12,,1,3,,B12,24.118941,120.648347,3
2018,9,6,15,45,臺中市,南屯區,0,0,,8,,,50,,,,,,,,,,,,,,,,,,,,B03,,,1,,2,,,23,,1,22,,B03,24.152368,120.646703,3
2018,9,6,15,48,臺中市,龍井區,0,0,,8,,,40,,,,,,,,,,,,,,,,,,,,B12,,,1,,2,,,26,,1,10,,B12,24.190335,120.551358,3
2018,9,6,15,59,臺中市,龍井區,0,0,,8,,,40,,,,,,,,,,,,,,,,,,,,B03,,,1,,2,,,23,,1,22,,B03,24.182678,120.591295,3
2018,9,6,16,9,臺中市,南區,0,2,0,8,1,5,50,4,2,1,5,4,5,7,1,1,10,5,5,2,13,23,2,8,1,1,B03,7,9,1,8,2,1,  ,23,23,1,22,9,B03,24.127763,120.681081,2
2018,9,6,16,15,臺中市,太平區,,,,8,,,40,,,,,,,,,,,,,,,,,,,,B12,,,1,,2,,,12,,1,4,,B12,24.105105,120.730111,3
2018,9,6,16,28,臺中市,大肚區,0,1,0,8,1,5,40,5,1,1,5,4,5,7,4,4,10,5,5,2,17,6,3,10,1,1,C03,7,6,1,10,2,13,  ,6,6,1,21,8,C03,24.159688,120.574333,2
2018,9,6,16,28,臺中市,清水區,0,2,0,8,1,5,50,14,9,1,5,4,5,7,4,4,5,5,5,1,17,42,2,9,1,1,C03,7,9,3,18,2,12,  ,42,42,1,19,8,C03,24.279239,120.563498,2
2018,9,6,16,37,臺中市,西區,0,2,0,8,1,5,50,3,1,1,5,4,5,7,4,4,10,5,5,2,16,10,2,9,1,1,C03,7,9,1,10,2,11,  ,23,10,1,21,8,C03,24.136489,120.656814,2
2018,9,6,16,40,臺中市,大甲區,0,1,0,8,1,5,50,11,9,1,5,4,5,7,4,4,10,5,5,2,12,42,2,9,1,1,C03,7,5,1,10,2,14,  ,42,42,1,20,9,C03,24.345876,120.632556,2
2018,9,6,16,40,臺中市,潭子區,0,0,0,8,1,5,50,14,9,1,5,4,5,7,4,4,8,3,5,2,13,44,  ,  ,  ,  ,B03,  ,  ,1,  ,10,  ,  ,44,44,  ,22,  ,B03,24.194346,120.723137,3
2018,9,6,16,40,臺中市,神岡區,0,1,0,8,2,5,50,4,1,1,5,4,5,7,1,1,10,5,5,2,17,4,2,9,3,4,C03,7,15,1,10,2,12,  ,4,4,1,22,9,C03,24.246248,120.685468,2
2018,9,6,16,45,臺中市,南屯區,0,0,,,,,,,,,,,,,,,,,,,,23,,,,,B03,,,8,,10,,,44,23,1,3,,B03,24.135492,120.65056,3
2018,9,6,17,2,臺中市,大里區,0,0,0,8,1,5,40,14,9,1,5,,5,7,4,4,10,5,5,1,11,17,3,10,1,1,B03,7,9,1,8,2,8,  ,17,17,1,19,8,B03,24.088909,120.710048,3
2018,9,6,17,10,臺中市,大甲區,0,1,0,8,1,5,50,14,12,1,5,4,5,7,4,4,5,5,4,1,17,6,3,10,1,1,B12,7,11,1,8,2,8,  ,6,6,1,22,9,B12,24.354034,120.611495,2
2018,9,6,17,13,臺中市,南區,0,2,0,8,1,5,50,3,1,1,5,4,5,7,1,1,10,5,5,2,16,25,2,9,1,1,C03,7,9,1,10,2,11,  ,25,25,1,22,9,C03,24.119138,120.682866,2
2018,9,6,17,15,臺中市,大里區,0,0,0,8,1,5,50,14,9,1,5,4,5,7,4,4,5,4,5,1,13,23,3,10,1,1,B01,7,9,1,8,2,1,  ,23,23,1,10,5,B01,24.100016,120.701331,3
2018,9,6,17,20,臺中市,南屯區,0,2,0,8,1,5,50,4,1,1,5,4,5,7,2,1,10,5,5,2,13,16,2,9,1,1,C03,7,9,1,10,2,11,  ,16,16,1,22,9,C03,24.135708,120.611707,2
2018,9,6,17,22,臺中市,龍井區,0,0,0,8,,,50,,,,,,,,,,,,,,,9,  ,  ,  ,  ,B03,  ,  ,1,  ,2,  ,  ,9,9,1,12,  ,B03,24.190743,120.54601,3
2018,9,6,17,23,臺中市,大甲區,0,0,,,,,,,,,,,,,,,,,,,,,,,,,B03,,,1,,2,,,6,,1,5,,B03,24.341519,120.619915,3
2018,9,6,17,29,臺中市,沙鹿區,0,1,0,8,1,5,50,3,1,1,5,4,5,7,1,1,10,5,4,2,15,25,2,9,1,1,C03,7,9,2,18,2,12,  ,25,25,1,21,8,C03,24.230078,120.5517,2
2018,9,6,17,30,臺中市,北屯區,0,0,,8,,,50,,,,,,,,,,,,,,,,,,,,B03,,,1,,2,,,23,,1,  ,,B03,24.174426,120.672098,3
2018,9,6,17,34,臺中市,西區,0,0,,8,,,40,,,,,,,,,,,,,,,19,,,,,B12,,,1,,2,,,42,19,1,  ,,B12,24.147282,120.656765,3
2018,9,6,17,35,臺中市,太平區,0,0,,8,,,50,,,,,,,,,,,,,,,,,,,,B03,,,1,,2,,,6,,1,21,,B03,24.126597,120.727553,3
2018,9,6,17,37,臺中市,西區,0,1,0,8,1,5,50,4,1,1,5,4,5,7,1,1,10,5,5,2,17,27,3,10,1,1,B03,7,6,1,8,2,2,  ,27,27,1,5,5,B03,24.150867,120.663099,2
2018,9,6,17,45,臺中市,北屯區,0,2,0,8,2,5,50,3,1,1,5,4,5,7,4,4,10,5,5,2,16,23,2,9,3,4,C03,7,9,1,10,2,11,  ,23,23,1,18,8,C03,24.184636,120.666136,2
2018,9,6,17,47,臺中市,西區,0,0,0,8,,,50,,,,,,,,,,,,,,,42,  ,  ,  ,  ,B12,  ,  ,1,  ,2,  ,  ,42,42,1,21,  ,B12,24.15144,120.660127,3
2018,9,6,17,50,臺中市,霧峰區,0,1,0,8,1,5,50,14,7,1,5,4,5,7,4,4,5,5,4,2,18,43,2,9,1,1,C03,7,9,1,10,2,14,  ,43,43,1,22,8,C03,24.072285,120.715808,2
2018,9,6,17,50,臺中市,大雅區,0,0,,8,,,50,,,,,,,,,,,,,,,,,,,,B03,,,1,,2,,,16,,1,  ,,B03,24.205037,120.644479,3
2018,9,6,17,51,臺中市,西屯區,0,0,,8,,,50,,,,,,,,,,,,,,,,,,,,B03,,,1,,2,,,16,,1,22,,B03,24.173405,120.646828,3
2018,9,6,18,0,臺中市,東區,0,0,,,,,,,,,,,,,,,,,,,,,,,,,   ,,,7,,11,,,43,,1,  ,,   ,24.139058,120.69142,3
2018,9,6,18,0,臺中市,南屯區,0,0,,8,,,50,,,,,,,,,,,,,,,,,,,,C03,,,1,,2,,,17,,1,22,,C03,24.134693,120.646172,3
2018,9,6,18,0,臺中市,西屯區,,,,8,,,40,,,,,,,,,,,,,,,,,,,,B03,,,1,,2,,,23,,1,22,,B03,24.158348,120.641156,3
2018,9,6,18,5,臺中市,西區,0,1,0,8,3,5,50,4,1,1,5,4,5,7,1,1,10,5,5,2,18,43,2,8,1,1,C03,7,9,1,10,2,12,  ,43,43,1,21,8,C03,24.131082,120.66603,2
2018,9,6,18,12,臺中市,北屯區,0,1,0,8,1,5,50,4,1,1,5,4,5,7,1,1,10,5,5,2,16,6,3,10,1,1,B03,7,9,1,8,2,8,  ,6,6,1,21,8,B03,24.174051,120.72354,2
2018,9,6,18,17,臺中市,西屯區,0,0,,8,,,1,,,,,,,,,,,,,,,,,,,,B03,,,1,,2,,,19,,1,22,,B03,24.194831,120.656905,3
2018,9,6,18,18,臺中市,南區,0,0,0,8,3,5,40,3,1,1,5,4,5,7,4,4,5,4,4,2,17,23,3,10,1,1,B03,7,9,1,8,2,5,  ,23,23,1,21,8,B03,24.121569,120.684066,3
2018,9,6,18,24,臺中市,潭子區,0,0,,8,,,60,,,,,,,,,,,,,,,,,,,,B03,,,1,,2,,,23,,1,22,,B03,24.202665,120.703885,3
2018,9,6,18,35,臺中市,北屯區,0,1,0,8,3,5,40,5,1,1,5,4,5,7,1,1,10,5,5,2,16,6,3,10,3,4,C03,7,6,1,10,2,14,  ,6,6,1,21,8,C03,24.174401,120.66791,2
2018,9,6,18,42,臺中市,太平區,0,0,,8,,,50,,,,,,,,,,,,,,,,,,,,B03,,,1,,2,,,12,,1,  ,,B03,24.141671,120.732703,3
2018,9,6,18,45,臺中市,梧棲區,0,0,,8,,,50,,,,,,,,,,,,,,,,,,,,B03,,,1,,2,,,16,,1,2,,B03,24.24553,120.546548,3
2018,9,6,18,48,臺中市,清水區,0,1,0,8,3,5,60,14,9,1,5,4,5,7,4,4,1,4,5,2,17,9,3,10,1,1,B03,7,6,1,8,2,2,  ,9,9,1,21,5,B03,24.269023,120.544688,2
2018,9,6,18,49,臺中市,梧棲區,0,0,0,8,,,50,,,,,,,,,,,,,,,42,  ,  ,  ,  ,B03,  ,  ,1,  ,2,  ,  ,42,42,1,20,  ,B03,24.222496,120.526411,3
2018,9,6,19,15,臺中市,西屯區,0,1,0,8,3,5,40,4,1,1,5,4,5,7,2,1,10,5,5,2,16,19,2,9,3,4,C03,7,1,1,10,2,11,14,19,19,1,22,8,C03,24.161295,120.660126,2
2018,9,6,19,15,臺中市,大肚區,0,0,,8,,,50,,,,,,,,,,,,,,,,,,,,B03,,,1,,2,,,6,,1,22,,B03,24.1685,120.576936,3
2018,9,6,19,22,臺中市,沙鹿區,0,1,0,8,3,5,50,3,1,1,5,4,5,7,1,1,10,5,5,2,16,26,2,8,1,1,C03,7,11,1,10,2,14,  ,26,26,1,18,8,C03,24.226206,120.573382,2
2018,9,6,19,29,臺中市,西屯區,0,1,0,8,3,5,40,14,7,1,5,4,5,7,4,4,5,5,4,2,16,43,2,7,1,1,C03,7,1,1,10,2,11,  ,43,43,1,21,8,C03,24.171676,120.644973,2
2018,9,6,19,48,臺中市,北屯區,0,1,0,8,3,5,50,3,1,1,5,4,5,7,3,1,10,5,5,2,16,19,3,10,1,1,B03,7,5,1,8,2,8,  ,23,19,1,21,8,B03,24.201025,120.659114,2
2018,9,6,19,53,臺中市,南屯區,0,0,,8,,,50,,,,,,,,,,,,,,,,,,,,B03,,,1,,2,,,23,,1,22,,B03,24.144261,120.609839,3
2018,9,6,20,1,臺中市,烏日區,0,0,,8,,,70,,,,,,,,,,,,,,,16,,,,,B03,,,1,,2,,,44,16,1,21,,B03,24.113437,120.58968,3
2018,9,6,20,9,臺中市,南區,0,1,0,8,3,5,50,4,1,1,5,4,5,7,1,1,10,4,5,2,3,15,3,10,1,1,B03,7,6,1,8,2,1,  ,15,15,1,22,9,B03,24.113856,120.659176,2
2018,9,6,20,30,臺中市,西區,0,1,0,8,3,5,50,4,1,1,5,4,5,7,4,4,10,5,5,2,16,6,3,10,1,1,B03,7,5,1,8,2,2,  ,6,6,1,21,8,B03,24.154838,120.66208,2
2018,9,6,20,39,臺中市,北區,0,1,0,8,3,5,50,4,1,1,5,4,5,7,2,1,10,5,5,2,3,15,3,10,1,1,B03,7,5,1,8,2,1,  ,15,15,1,22,9,B03,24.170095,120.670101,2
2018,9,6,21,9,臺中市,大雅區,0,0,,8,,,40,,,,,,,,,,,,,,,,,,,,B03,,,1,,2,,,12,,1,  ,,B03,24.220849,120.644702,3
2018,9,6,21,15,臺中市,西屯區,,,,8,,,50,,,,,,,,,,,,,,,,,,,,C03,,,1,,2,,,8,,1,22,,C03,24.178551,120.641373,4
2018,9,6,21,16,臺中市,西屯區,0,1,0,8,3,5,50,14,7,1,5,4,5,7,4,4,5,4,4,2,13,23,2,9,3,4,C03,7,9,1,10,2,11,  ,23,23,1,21,8,C03,24.201778,120.627826,2
2018,9,6,21,18,臺中市,大甲區,0,0,,,,,,,,,,,,,,,,,,,,,,,,,B03,,,1,,2,,,23,,1,22,,B03,24.349497,120.615514,3
2018,9,6,21,20,臺中市,西屯區,0,2,0,8,3,5,40,4,1,1,5,4,5,7,1,1,10,5,5,2,15,43,2,7,1,1,C03,7,9,1,10,2,12,  ,43,43,1,5,8,C03,24.162455,120.647451,2
2018,9,6,21,22,臺中市,大里區,0,2,0,6,3,5,50,4,1,1,4,4,5,7,3,1,10,5,5,2,16,23,2,9,1,1,C03,7,9,1,10,2,11,  ,23,23,1,18,8,C03,24.106184,120.69024,2
2018,9,6,21,40,臺中市,西區,0,0,,8,,,50,,,,,,,,,,,,,,,23,,,,,B03,,,1,,2,,,44,23,1,19,,B03,24.140227,120.665594,3
2018,9,6,22,10,臺中市,霧峰區,0,1,0,6,3,5,50,4,1,1,4,4,5,7,1,1,10,5,4,1,16,9,3,10,1,1,B03,7,6,1,8,2,2,  ,9,9,1,4,8,B03,24.064485,120.698678,2
2018,9,6,22,29,臺中市,沙鹿區,0,1,0,8,3,5,40,3,1,1,5,4,5,7,4,4,1,4,5,2,16,6,3,10,1,1,B03,7,6,1,8,2,5,  ,6,6,1,21,8,B03,24.221653,120.556461,2
2018,9,6,22,30,臺中市,大里區,0,1,0,6,3,5,50,4,2,1,4,4,5,7,1,1,4,3,4,2,13,23,2,8,1,1,C03,7,9,1,10,2,11,  ,23,23,1,22,8,C03,24.11508,120.681056,2
2018,9,6,22,34,臺中市,大里區,0,2,0,6,3,5,50,14,9,1,4,4,5,7,4,4,5,5,5,2,11,19,2,9,1,1,C03,7,1,6,10,2,11,  ,19,19,1,9,8,C03,24.109122,120.702866,2
2018,9,6,22,50,臺中市,中區,0,0,,6,,,50,,,,,,,,,,,,,,,,,,,,B01,,,1,,2,,,23,,1,5,,B01,24.140147,120.685826,3
2018,9,6,22,55,臺中市,北屯區,0,1,0,8,3,5,50,14,8,1,5,4,5,7,4,4,1,4,4,2,17,23,2,9,3,4,B03,7,9,1,8,2,5,  ,23,23,1,22,8,B03,24.175551,120.722643,2
2018,9,6,23,12,臺中市,大里區,0,1,0,7,3,5,50,4,1,1,4,4,5,7,3,1,10,5,5,2,16,19,3,10,1,1,B03,7,1,3,18,2,1,  ,19,19,1,5,8,B03,24.102588,120.681709,2
2018,9,6,23,17,臺中市,西區,0,1,0,6,3,5,40,3,1,1,4,4,5,7,4,4,10,5,5,2,18,42,2,9,1,1,C03,7,9,1,10,2,14,  ,42,42,1,21,8,C03,24.140744,120.655557,2
2018,9,6,23,17,臺中市,西屯區,0,1,0,8,3,5,50,14,7,1,5,4,5,7,4,4,5,4,4,2,13,23,3,10,1,1,B03,7,9,1,8,2,1,  ,23,23,1,4,8,B03,24.17805,120.624131,2
2018,9,6,23,24,臺中市,霧峰區,0,1,0,7,3,5,50,4,1,1,5,4,5,7,3,1,10,5,5,2,15,6,2,9,1,1,C03,7,9,1,10,2,11,  ,6,6,1,18,8,C03,24.05094,120.68449,2
2018,9,6,23,38,臺中市,大雅區,0,1,0,8,3,5,40,4,1,1,5,4,5,7,3,1,10,5,5,2,15,6,2,9,1,1,F03,7,9,8,20,2,16,  ,6,6,1,22,1,F03,24.234925,120.644547,2
2018,9,7,2,6,臺中市,北屯區,0,0,,8,,,50,,,,,,,,,,,,,,,,,,,,B03,,,1,,11,,,42,,2,5,,B03,24.185483,120.696071,3
2018,9,7,2,8,臺中市,西屯區,0,0,,8,,,50,,,,,,,,,,,,,,,,,,,,B03,,,1,,2,,,19,,1,18,,B03,24.174675,120.647151,3