年,月,日,時,分,縣市,區,死,受傷,2-30,天候,光線,道路類別,速限,道路型態,事故位置,路面鋪裝,路面狀態,路面缺陷,障礙物,視距,號誌種類,號誌動作,分向設施,快車道或一般車道間,快慢車道間,路面邊線,事故類型及型態,主要肇因,受傷程度,主要傷處,保護裝備,行動電話,當事者區分_類別,車輛用途,當事者行動狀態,駕駛資格情形,駕駛執照種類,飲酒情形,車輛撞擊部位最初,車輛撞擊部位其他,肇事因素個別,肇事因素主要,肇事逃逸,職業,旅次目的,車種,GPS座標_緯度,GPS座標_經度,事故類別
2018,9,8,11,52,臺中市,北區,0,1,0,8,1,5,50,4,1,1,5,4,5,7,1,1,10,5,5,2,12,43,3,10,1,1,B03,7,5,1,8,2,5,  ,43,43,1,22,8,B03,24.1605,120.699,2
2018,9,8,11,55,臺中市,西屯區,0,1,0,8,1,5,50,4,1,1,5,4,5,7,4,4,10,5,5,2,16,6,3,10,1,1,B03,7,6,1,8,2,2,  ,6,6,1,22,8,B03,24.163958,120.651392,2
2018,9,8,11,55,臺中市,大安區,0,0,,8,,,60,,,,,,,,,,,,,,,,,,,,B03,,,1,,2,,,23,,1,  ,,B03,24.359403,120.604915,3
2018,9,8,11,56,臺中市,烏日區,0,3,0,8,1,5,40,4,1,1,5,4,5,7,4,4,10,5,5,2,16,6,2,9,1,1,C03,7,9,1,10,2,11,12,6,6,1,21,8,C03,24.080436,120.630161,2
2018,9,8,11,59,臺中市,沙鹿區,0,1,0,8,1,5,40,14,8,1,5,4,5,7,4,4,1,4,3,1,12,42,3,10,1,1,B02,7,8,1,16,2,2,  ,42,42,1,21,8,B02,24.250203,120.582103,2
2018,9,8,12,1,臺中市,中區,0,1,0,8,1,5,50,14,9,1,5,4,5,7,4,4,5,2,5,2,17,40,3,10,1,1,B03,7,15,1,8,2,4,  ,40,40,1,5,5,B03,24.144206,120.677491,2
2018,9,8,12,2,臺中市,神岡區,0,0,,8,,,50,,,,,,,,,,,,,,,,,,,,B03,,,1,,2,,,6,,1,3,,B03,24.249731,120.686495,3
2018,9,8,12,5,臺中市,西區,0,1,0,8,1,5,50,14,9,1,5,4,5,7,2,1,5,5,5,2,12,23,3,10,1,1,B03,7,9,1,8,2,5,  ,23,23,1,5,5,B03,24.146507,120.664304,2
2018,9,8,12,8,臺中市,潭子區,0,1,0,8,1,5,60,3,2,1,5,4,5,7,2,1,10,5,5,2,16,10,2,9,1,1,C03,7,11,1,10,2,13,  ,10,10,1,22,8,C03,24.23164,120.708678,2
2018,9,8,12,15,臺中市,西屯區,0,0,,8,,,40,,,,,,,,,,,,,,,,,,,,B03,,,1,,9,,,42,,2,  ,,B03,24.168093,120.648285,3
2018,9,8,12,16,臺中市,南屯區,0,0,,8,,,50,,,,,,,,,,,,,,,,,,,,B03,,,1,,2,,,6,,1,22,,B03,24.155635,120.647506,3
2018,9,8,12,20,臺中市,北屯區,0,1,0,8,1,5,50,14,7,1,5,4,5,7,4,4,5,5,4,2,12,1,3,10,1,1,B03,7,4,1,8,2,6,  ,1,1,1,5,8,B03,24.1825,120.6993,2
2018,9,8,12,20,臺中市,西屯區,0,0,0,8,,,40,,,,,,,,,,,,,,,19,  ,  ,  ,  ,B03,  ,  ,1,  ,2,  ,  ,19,19,1,  ,  ,B03,24.182225,120.627316,3
2018,9,8,12,23,臺中市,北區,0,1,0,8,1,5,50,5,1,1,5,4,5,7,2,1,10,5,5,2,16,9,3,10,1,1,B03,7,6,1,8,2,5,  ,9,9,1,22,9,B03,24.165042,120.682932,2
2018,9,8,12,30,臺中市,太平區,0,1,0,8,1,5,50,3,1,1,5,4,5,7,1,1,10,5,5,2,3,23,3,10,1,1,B03,7,5,1,8,2,4,  ,23,23,1,21,8,B03,24.126799,120.718859,2
2018,9,8,12,41,臺中市,東區,0,2,0,8,1,5,50,14,9,1,5,4,5,7,1,1,3,4,5,2,13,23,3,10,1,1,B03,7,9,1,8,2,1,  ,23,23,1,22,8,B03,24.137551,120.689725,2
2018,9,8,12,48,臺中市,潭子區,0,2,0,8,1,5,50,14,9,1,5,4,5,7,4,4,5,4,5,2,16,11,2,9,1,1,C03,7,11,1,10,2,14,  ,11,11,1,22,8,C03,24.211283,120.69855,2
2018,9,8,12,57,臺中市,清水區,0,0,,8,,,40,,,,,,,,,,,,,,,,,,,,B03,,,1,,2,,,6,,1,21,,B03,24.294738,120.615083,3
2018,9,8,13,3,臺中市,大雅區,0,1,0,8,1,5,40,4,1,1,5,4,5,7,1,1,10,5,5,2,17,19,2,9,1,1,C03,7,1,1,10,2,11,  ,19,19,1,22,9,C03,24.217995,120.648732,2
2018,9,8,13,11,臺中市,后里區,0,1,0,8,1,5,50,3,1,1,5,4,5,7,1,1,10,5,5,2,16,6,3,10,1,1,B03,7,1,1,8,2,8,  ,6,6,1,5,6,B03,24.306921,120.71617,2
2018,9,8,13,14,臺中市,南區,0,1,0,7,1,5,50,3,1,1,5,4,5,7,4,4,10,5,5,2,17,6,2,9,1,1,C03,7,6,1,10,2,11,  ,6,6,1,21,8,C03,24.12623,120.659233,2
2018,9,8,13,17,臺中市,南屯區,0,0,,8,,,60,,,,,,,,,,,,,,,,,,,,B03,,,1,,2,,,23,,1,19,,B03,24.160277,120.588508,3
2018,9,8,13,40,臺中市,西屯區,0,0,,8,,,50,,,,,,,,,,,,,,,,,,,,B03,,,1,,2,,,19,,1,  ,,B03,24.162245,120.635583,3
2018,9,8,13,41,臺中市,后里區,0,1,0,8,1,5,50,14,9,1,5,4,5,7,4,4,5,5,5,2,17,23,2,9,1,1,C03,7,9,1,10,2,12,  ,23,23,1,21,8,C03,24.327521,120.700771,2
2018,9,8,13,43,臺中市,沙鹿區,0,0,,8,,,50,,,,,,,,,,,,,,,,,,,,B01,,,1,,2,,,19,,1,  ,,B01,24.225711,120.577088,3
2018,9,8,13,45,臺中市,大肚區,0,2,0,8,1,5,70,3,1,1,5,4,5,7,1,1,10,5,5,2,16,26,3,10,1,1,B03,7,6,1,8,2,2,  ,26,26,1,5,8,B03,24.162789,120.542976,2
2018,9,8,13,45,臺中市,清水區,0,2,0,8,1,5,50,4,1,1,5,4,5,7,3,1,5,5,5,1,13,9,3,10,1,1,C03,7,6,1,10,2,13,  ,9,9,1,21,8,C03,24.279858,120.571858,2
2018,9,8,13,48,臺中市,西屯區,0,0,,8,,,40,,,,,,,,,,,,,,,,,,,,C03,,,1,,2,,,23,,1,22,,C03,24.206492,120.64767,3
2018,9,8,13,50,臺中市,沙鹿區,0,0,,8,,,60,,,,,,,,,,,,,,,,,,,,B03,,,1,,2,,,7,,1,21,,B03,24.25004,120.587859,3
2018,9,8,14,20,臺中市,西屯區,0,1,0,8,1,5,40,11,8,1,5,4,5,7,4,4,10,5,5,2,18,42,2,9,1,1,C03,7,9,1,10,2,14,  ,42,42,1,21,8,C03,24.176328,120.628579,2
2018,9,8,14,20,臺中市,大雅區,0,0,,8,,,50,,,,,,,,,,,,,,,,,,,,B03,,,1,,2,,,23,,1,  ,,B03,24.227823,120.64383,3
2018,9,8,14,21,臺中市,大肚區,0,1,0,8,1,5,30,4,1,1,5,4,5,7,2,1,10,5,5,2,16,19,2,9,1,1,C03,7,9,1,10,2,11,  ,23,19,1,21,8,C03,24.152121,120.548872,2
2018,9,8,14,31,臺中市,中區,0,2,0,6,1,5,50,4,1,1,4,4,5,7,1,1,10,5,5,2,16,42,3,10,1,1,B03,7,6,1,8,2,5,  ,42,42,1,5,8,B03,24.147196,120.678827,2
2018,9,8,14,39,臺中市,西區,0,1,0,8,1,5,50,4,1,1,5,4,5,7,1,1,10,5,5,2,17,10,2,9,1,1,C03,7,9,1,10,2,11,  ,23,10,1,22,8,C03,24.155915,120.656319,2
2018,9,8,14,42,臺中市,東區,0,0,0,8,,,50,,,,,,,,,,,,,,,26,  ,  ,  ,  ,B12,  ,  ,1,  ,2,  ,  ,26,26,1,5,  ,B12,24.134469,120.682955,3
2018,9,8,14,50,臺中市,西區,0,1,0,8,1,5,50,4,1,1,5,4,5,7,1,1,1,4,1,2,13,16,2,9,3,4,C03,7,9,1,10,2,11,  ,16,16,1,21,8,C03,24.15486,120.664124,2
2018,9,8,14,50,臺中市,神岡區,0,4,0,8,1,5,60,11,7,1,5,4,5,7,4,4,1,4,4,1,16,23,2,1,1,1,B12,7,9,1,8,2,4,  ,23,23,1,21,8,B12,24.231836,120.691459,2
2018,9,8,14,53,臺中市,東區,0,0,,8,,,50,,,,,,,,,,,,,,,,,,,,B03,,,1,,2,,,23,,1,  ,,B03,24.13695,120.705601,3
2018,9,8,14,55,臺中市,太平區,0,0,,8,,,40,,,,,,,,,,,,,,,,,,,,B01,,,1,,2,,,12,,2,10,,B01,24.148111,120.702441,3
2018,9,8,14,58,臺中市,東區,0,0,,8,,,50,,,,,,,,,,,,,,,,,,,,B03,,,1,,2,,,23,,1,  ,,B03,24.131793,120.701756,3
2018,9,8,14,59,臺中市,北區,0,2,0,8,1,5,50,4,1,1,5,4,5,7,1,1,10,5,5,2,13,7,2,9,1,1,C03,7,8,1,10,2,13,  ,7,7,1,22,8,C03,24.167188,120.678314,2
2018,9,8,15,11,臺中市,南區,0,0,0,8,1,8,,4,2,1,5,4,4,6,4,4,10,5,5,2,17,23,3,10,1,1,B03,7,9,1,8,2,6,  ,23,23,1,21,8,B03,24.131823,120.674711,3
2018,9,8,15,15,臺中市,南區,0,0,,8,,,50,,,,,,,,,,,,,,,,,,,,B03,,,1,,2,,,12,,1,22,,B03,24.13104,120.674381,3
2018,9,8,15,15,臺中市,西屯區,0,1,0,8,1,5,40,14,8,1,5,4,5,7,4,4,5,4,4,2,16,19,2,8,3,4,B03,7,1,1,8,2,8,  ,19,19,1,21,8,B03,24.168379,120.638684,2
2018,9,8,15,19,臺中市,豐原區,0,2,0,8,1,8,30,14,22,1,5,4,5,7,4,4,10,5,5,1,18,43,2,9,4,1,F03,7,15,8,20,2,16,  ,43,43,1,19,8,F03,24.276491,120.756896,2
2018,9,8,15,20,臺中市,西屯區,0,0,,,,,,,,,,,,,,,,,,,,,,,,,B03,,,1,,2,,,23,,1,  ,,B03,24.187,120.612309,3
2018,9,8,15,20,臺中市,新社區,0,0,,8,,,40,,,,,,,,,,,,,,,,,,,,B12,,,1,,2,,,12,,1,  ,,B12,24.162139,120.876275,3
2018,9,8,15,23,臺中市,南區,0,0,0,7,1,5,50,14,9,1,5,4,5,7,1,1,1,2,5,2,16,19,3,10,1,1,B03,7,1,1,8,2,8,  ,19,19,1,21,8,B03,24.124772,120.679694,3
2018,9,8,15,37,臺中市,大雅區,0,3,0,8,1,5,50,14,9,1,5,4,5,7,4,4,5,4,5,1,16,26,2,9,1,1,C03,7,11,1,10,2,11,  ,26,26,1,22,9,C03,24.228897,120.653079,2
2018,9,8,15,39,臺中市,大雅區,0,0,,8,,,50,,,,,,,,,,,,,,,12,,,,,B03,,,1,,2,,,44,12,1,  ,,B03,24.224838,120.655954,3
2018,9,8,15,41,臺中市,西區,0,1,0,8,1,5,50,14,9,1,5,4,5,7,4,4,5,2,5,2,16,26,3,10,1,1,B03,7,5,1,8,2,4,  ,26,26,1,2,1,B03,24.146714,120.663814,2
2018,9,8,15,42,臺中市,霧峰區,0,0,,8,,,50,,,,,,,,,,,,,,,,,,,,B03,,,1,,2,,,12,,1,4,,B03,24.064876,120.695368,3
2018,9,8,15,47,臺中市,北區,0,0,0,8,,,50,,,,,,,,,,,,,,,42,3,  ,  ,  ,B03,  ,  ,1,8,2,2,  ,42,42,  ,21,  ,B03,24.165,120.6847,3
2018,9,8,15,58,臺中市,北屯區,,,,,,,,,,,,,,,,,,,,,,,,,,,B03,,,1,,2,,,42,,1,21,,B03,,,3
2018,9,8,16,4,臺中市,北區,0,2,0,7,1,5,50,4,2,1,5,4,5,7,2,1,1,2,5,2,13,16,2,9,1,1,C03,7,9,1,10,2,11,  ,16,16,1,22,8,C03,24.152876,120.685315,2
2018,9,8,16,10,臺中市,南屯區,0,0,,8,,,40,,,,,,,,,,,,,,,,,,,,B03,,,1,,2,,,23,,1,22,,B03,24.148571,120.643798,3
2018,9,8,16,13,臺中市,神岡區,0,0,0,8,,,40,,,,,,,,,,,,,,,14,  ,  ,  ,  ,A12,  ,  ,1,  ,2,  ,  ,14,14,1,21,  ,A12,24.274438,120.69965,3
2018,9,8,16,17,臺中市,南屯區,0,0,0,8,,,50,,,,,,,,,,,,,,,26,  ,  ,  ,  ,B12,  ,  ,1,  ,2,  ,  ,12,26,1,21,  ,B12,24.150738,120.63644,3
2018,9,8,16,23,臺中市,南區,0,1,0,8,1,5,50,4,1,1,5,4,5,7,1,1,10,5,5,2,2,15,3,10,1,1,B03,7,5,1,8,2,8,  ,15,15,1,5,5,B03,24.128933,120.6578,2
2018,9,8,16,26,臺中市,西區,0,1,0,8,1,5,60,5,1,1,5,4,5,7,1,1,10,5,5,2,16,26,3,10,1,1,B03,7,6,1,8,2,6,  ,26,26,1,21,8,B03,24.15088,120.669942,2
2018,9,8,16,49,臺中市,西屯區,0,0,,8,,,50,,,,,,,,,,,,,,,,,,,,B03,,,1,,2,,,16,,1,22,,B03,24.1771,120.642916,3
2018,9,8,16,50,臺中市,南屯區,0,1,0,8,1,5,50,14,9,1,5,4,5,7,4,4,1,2,5,2,17,23,2,9,1,1,C03,7,9,1,10,2,11,  ,23,23,1,21,8,C03,24.133508,120.646338,2
2018,9,8,16,50,臺中市,西屯區,0,1,0,8,1,5,40,14,8,1,5,4,5,7,4,4,1,4,4,2,18,23,2,1,4,1,F01,7,9,8,20,1,15,  ,23,23,1,19,8,F01,24.178061,120.668594,2
2018,9,8,17,10,臺中市,南屯區,0,0,,8,,,50,,,,,,,,,,,,,,,,,,,,B03,,,1,,2,,,23,,1,22,,B03,24.140874,120.649951,3
2018,9,8,17,43,臺中市,北屯區,,,,,,,,,,,,,,,,,,,,,,,,,,,B03,,,1,,2,,,23,,1,21,,B03,,,3
2018,9,8,17,44,臺中市,石岡區,0,0,,8,,,70,,,,,,,,,,,,,,,,,,,,B03,,,1,,2,,,23,,1,22,,B03,24.265521,120.80802,3
2018,9,8,17,44,臺中市,神岡區,0,0,,8,,,50,,,,,,,,,,,,,,,,,,,,B03,,,1,,2,,,17,,1,21,,B03,24.256719,120.658571,3
2018,9,8,17,46,臺中市,北屯區,0,0,,8,,,50,,,,,,,,,,,,,,,,,,,,B03,,,1,,2,,,23,,1,  ,,B03,24.166493,120.694006,3
2018,9,8,17,50,臺中市,南區,0,0,0,8,1,5,40,14,8,1,5,4,5,7,4,4,1,4,4,2,14,12,3,10,1,1,B03,7,2,1,8,2,3,  ,12,12,1,22,8,B03,24.117648,120.657633,3
2018,9,8,17,55,臺中市,西屯區,0,1,0,8,1,5,40,3,1,1,5,4,5,7,4,4,1,5,1,2,17,6,3,10,1,1,B03,7,6,1,8,2,5,  ,6,6,1,21,8,B03,24.183518,120.615145,2
2018,9,8,18,9,臺中市,西屯區,0,0,0,8,,,60,,,,,,,,,,,,,,,7,  ,  ,  ,  ,B03,  ,  ,1,  ,2,  ,  ,7,7,1,  ,  ,B03,24.159024,120.655954,3
2018,9,8,18,9,臺中市,太平區,0,0,,8,,,50,,,,,,,,,,,,,,,,,,,,B03,,,3,,2,,,43,,1,4,,B03,24.157132,120.703696,3
2018,9,8,18,20,臺中市,清水區,0,0,0,8,,,40,,,,,,,,,,,,,,,12,  ,  ,  ,  ,B03,  ,  ,1,  ,2,  ,  ,12,12,1,21,  ,B03,24.268243,120.575702,3
2018,9,8,18,36,臺中市,西區,0,0,0,8,3,5,50,14,9,1,5,4,5,7,4,4,5,5,5,2,14,,3,  ,  ,  ,B03,  ,  ,1,  ,1,  ,  ,38,  ,1,21,  ,B03,24.133156,120.662131,3
2018,9,8,18,36,臺中市,西屯區,0,1,0,8,3,5,50,4,1,1,5,4,5,7,1,1,10,5,5,2,16,6,3,10,3,4,B12,7,5,1,8,2,5,  ,6,6,1,21,8,B12,24.187154,120.620141,2
2018,9,8,18,40,臺中市,西屯區,,,,8,,,50,,,,,,,,,,,,,,,,,,,,B03,,,1,,2,,,17,,2,22,,B03,24.168678,120.641918,3
2018,9,8,18,45,臺中市,龍井區,0,2,0,8,3,5,50,14,9,1,5,4,5,7,4,4,7,5,5,1,17,23,2,8,1,1,C03,7,9,1,10,2,11,  ,23,23,1,8,1,C03,24.20161,120.504475,2
2018,9,8,18,47,臺中市,北區,0,0,0,8,,,50,,,,,,,,,,,,,,,23,3,  ,  ,  ,B03,  ,  ,1,7,2,1,  ,23,23,  ,21,  ,B03,24.1643,120.6705,3
2018,9,8,18,48,臺中市,北區,0,2,0,8,2,5,40,3,2,1,5,4,5,7,4,4,1,4,4,2,17,19,2,7,1,1,C03,7,1,1,10,2,14,  ,19,19,1,22,8,C03,24.161595,120.69384,2
2018,9,8,18,48,臺中市,潭子區,0,0,,8,,,80,,,,,,,,,,,,,,,,,,,,A11,,,1,,2,,,7,,1,22,,A11,24.200656,120.708192,3
2018,9,8,18,56,臺中市,西區,0,0,,8,3,5,50,14,7,1,5,4,5,7,1,1,1,4,4,2,14,,,,,,B03,,,1,,2,,,12,,1,2,,B03,24.135426,120.665502,3
2018,9,8,18,56,臺中市,南屯區,0,0,,8,,,50,,,,,,,,,,,,,,,,,,,,B03,,,1,,2,,,12,,1,  ,,B03,24.148978,120.631771,3
2018,9,8,18,56,臺中市,龍井區,0,0,,8,,,40,,,,,,,,,,,,,,,,,,,,C03,,,1,,2,,,25,,1,  ,,C03,24.177362,120.576956,3
2018,9,8,19,27,臺中市,北屯區,0,0,,8,,,50,,,,,,,,,,,,,,,,,,,,B11,,,1,,2,,,23,,1,  ,,B11,24.165086,120.694344,3
2018,9,8,19,34,臺中市,西屯區,0,1,0,8,3,5,50,4,1,1,5,4,5,7,1,1,10,5,5,2,17,7,3,10,1,1,B03,7,9,1,8,2,2,  ,44,7,1,21,8,B03,24.169051,120.646865,2
2018,9,8,20,0,臺中市,西屯區,0,0,,8,,,50,,,,,,,,,,,,,,,,,,,,B03,,,1,,2,,,19,,1,21,,B03,24.159471,120.634828,3
2018,9,8,20,0,臺中市,大雅區,0,0,0,8,3,5,50,4,2,1,5,4,5,7,1,1,1,4,4,2,17,21,3,10,1,1,C03,7,9,3,18,8,11,  ,21,21,1,22,8,C03,24.227169,120.6445,3
2018,9,8,20,10,臺中市,西屯區,0,0,,8,,,50,,,,,,,,,,,,,,,,,,,,B12,,,1,,2,,,12,,1,  ,,B12,24.162405,120.64953,3
2018,9,8,20,44,臺中市,東勢區,0,0,,8,,,40,,,,,,,,,,,,,,,,,,,,B12,,,1,,2,,,12,,1,  ,,B12,24.239739,120.832761,3
2018,9,8,20,45,臺中市,新社區,0,2,0,8,3,5,40,11,9,1,5,4,5,1,4,4,5,5,5,1,10,26,2,9,1,1,C01,7,9,1,9,2,11,  ,26,26,1,21,8,C01,24.128485,120.881665,2
2018,9,8,20,54,臺中市,西區,0,0,,8,1,5,50,14,9,1,5,4,5,7,4,4,4,2,5,2,17,60,,,,,A12,,,1,,2,,,42,60,1,10,,A12,24.150788,120.662016,3
2018,9,8,21,3,臺中市,東勢區,0,0,,8,,,40,,,,,,,,,,,,,,,,,,,,B03,,,1,,2,,,5,,1,  ,,B03,24.256131,120.82758,3
2018,9,8,21,6,臺中市,西區,0,1,0,8,3,5,50,14,9,1,5,4,5,7,4,4,5,4,4,2,12,40,3,10,3,4,B03,7,13,1,8,2,4,  ,40,40,1,21,8,B03,24.150533,120.665316,2
2018,9,8,21,8,臺中市,南屯區,0,0,0,,,,,,,,,,,,,,,,,,,23,  ,  ,  ,  ,C03,  ,  ,1,10,2,  ,  ,23,23,1,12,  ,C03,24.143388,120.649788,3
2018,9,8,21,14,臺中市,北區,0,1,0,8,3,5,50,14,7,1,5,4,5,7,4,4,5,5,4,2,12,19,3,10,1,1,B03,7,1,1,8,2,8,  ,19,19,1,21,8,B03,24.167578,120.675368,2
2018,9,8,21,35,臺中市,西屯區,0,0,,8,,,50,,,,,,,,,,,,,,,,,,,,B03,,,1,,2,,,23,,1,12,,B03,24.184257,120.627462,3
2018,9,8,21,47,臺中市,西屯區,0,0,0,8,3,5,50,14,7,1,5,4,5,7,4,4,5,4,4,2,13,23,3,10,1,1,B03,7,9,1,8,3,1,  ,23,23,1,4,8,B03,24.169363,120.608013,3
2018,9,8,21,54,臺中市,西屯區,0,0,,8,,,50,,,,,,,,,,,,,,,,,,,,B03,,,1,,2,,,23,,1,21,,B03,24.184288,120.644941,3
2018,9,8,22,7,臺中市,南區,0,2,0,8,3,5,50,14,12,1,5,4,5,7,4,4,3,4,4,2,9,23,2,9,1,1,C03,7,9,1,10,2,11,  ,23,23,1,21,8,C03,24.111321,120.648981,2
2018,9,8,22,9,臺中市,西屯區,0,1,0,8,3,5,40,14,8,1,5,4,5,7,4,4,1,4,1,2,18,42,2,9,3,4,C03,7,6,1,10,2,12,  ,42,42,1,21,8,C03,24.175038,120.633758,2
2018,9,8,22,13,臺中市,西區,0,2,0,8,3,5,50,4,1,1,5,4,4,7,4,4,10,5,5,2,15,6,2,9,1,1,C03,7,9,1,10,2,12,  ,6,6,1,21,5,C03,24.1537,120.660196,2
2018,9,8,22,19,臺中市,太平區,0,1,0,8,3,5,50,4,1,1,5,4,5,7,1,1,5,5,5,2,16,19,2,9,1,1,C03,7,1,1,10,2,12,  ,19,19,1,21,8,C03,24.148869,120.718859,2
2018,9,8,22,26,臺中市,梧棲區,0,2,0,8,3,5,50,14,9,1,5,4,5,7,4,4,5,5,5,1,16,26,3,10,1,1,B03,7,5,1,8,2,8,  ,26,26,1,5,8,B03,24.250818,120.531476,2
2018,9,8,22,35,臺中市,沙鹿區,0,2,0,8,3,5,40,3,2,1,5,4,5,7,4,4,10,5,5,2,11,42,2,9,1,1,C03,7,6,1,10,2,14,  ,42,42,1,21,8,C03,24.240851,120.603177,2
2018,9,8,22,41,臺中市,太平區,0,1,0,8,3,5,50,14,9,1,5,4,5,7,4,4,9,5,5,2,2,23,3,10,1,1,C03,7,9,6,18,2,11,  ,23,23,1,21,8,C03,24.12064,120.721903,2
2018,9,8,22,49,臺中市,北屯區,0,2,0,8,3,5,40,14,8,1,5,4,5,7,4,4,1,4,4,2,17,23,2,9,1,1,C03,7,9,1,10,2,14,  ,23,23,1,22,8,C03,24.186062,120.663989,2
2018,9,8,22,50,臺中市,太平區,0,0,,8,,,40,,,,,,,,,,,,,,,,,,,,B03,,,1,,2,,,12,,1,21,,B03,24.149879,120.728833,3
2018,9,8,23,13,臺中市,南屯區,0,0,,8,,,40,,,,,,,,,,,,,,,,,,,,B03,,,3,,2,,,6,,1,5,,B03,24.139316,120.601511,3
2018,9,8,23,15,臺中市,西屯區,0,0,0,8,3,5,60,4,2,1,5,4,5,7,2,1,1,2,1,2,12,26,3,10,1,1,B03,7,8,1,8,5,5,  ,26,26,1,21,8,B03,24.167788,120.640781,3
2018,9,8,23,38,臺中市,烏日區,0,0,,8,,,50,,,,,,,,,,,,,,,,,,,,B03,,,1,,2,,,23,,1,5,,B03,24.106982,120.625046,3
2018,9,8,23,50,臺中市,烏日區,0,2,0,8,3,5,40,14,8,1,5,4,5,7,4,4,1,4,3,2,27,43,2,9,1,1,C03,7,9,1,10,2,11,12,43,43,1,20,8,C03,24.095214,120.62989,2
2018,9,9,1,23,臺中市,西屯區,0,0,,8,,,40,,,,,,,,,,,,,,,,,,,,B12,,,1,,2,,,17,,1,  ,,B12,24.182839,120.646755,3
2018,9,9,2,29,臺中市,西屯區,0,1,0,8,1,5,50,3,1,1,5,4,5,7,2,1,10,5,5,2,18,21,2,1,1,1,B03,7,6,4,10,7,1,  ,21,21,1,21,8,B03,24.196262,120.656287,2
2018,9,9,3,38,臺中市,北屯區,0,1,0,8,3,5,50,4,1,1,5,4,5,7,1,1,10,5,5,2,16,8,3,10,1,1,C03,7,5,1,10,2,14,  ,8,8,1,21,8,C03,24.180223,120.683791,2
2018,9,9,5,0,臺中市,外埔區,0,1,0,8,2,5,40,11,13,1,5,4,5,7,4,4,10,5,5,1,20,13,2,9,1,1,B03,7,9,1,4,2,5,  ,13,13,1,21,8,B03,24.326181,120.662876,2
2018,9,9,5,52,臺中市,北屯區,0,0,,8,,,50,,,,,,,,,,,,,,,19,,,,,B12,,,1,,2,,,44,19,1,  ,,B12,24.189974,120.661296,3
2018,9,9,6,0,臺中市,西屯區,1,0,0,8,1,5,50,4,1,1,5,4,5,7,2,1,10,5,5,2,15,25,1,1,1,1,C03,7,9,3,18,2,11,  ,25,25,1,21,8,C03,24.201048,120.64407,1
2018,9,9,6,3,臺中市,北區,0,0,,8,,,50,,,,,,,,,,,,,,,,,,,,B03,,,1,,2,,,25,,1,5,,B03,24.151242,120.677289,3
2018,9,9,6,35,臺中市,西屯區,0,1,0,8,1,5,40,14,9,1,5,4,5,7,4,4,10,5,5,2,9,12,3,10,1,1,B12,7,2,6,18,2,3,  ,12,12,1,21,8,B12,24.179505,120.638803,2
2018,9,9,7,5,臺中市,西屯區,0,1,0,8,1,5,50,4,1,1,5,4,5,7,1,1,10,5,5,2,16,26,2,7,1,1,F02,7,5,8,20,2,16,  ,26,26,1,22,8,F02,24.164966,120.63901,2
2018,9,9,7,50,臺中市,北區,0,2,0,8,1,5,50,14,7,1,5,4,5,7,4,4,1,4,5,2,17,11,2,9,1,1,C04,7,11,1,11,2,14,  ,11,11,1,22,8,C04,24.165,120.6856,2
2018,9,9,7,50,臺中市,大雅區,0,1,0,8,1,5,50,3,1,1,5,4,5,7,1,1,10,5,5,2,12,6,3,10,1,1,B03,7,6,1,8,2,6,  ,6,6,1,22,9,B03,24.228145,120.643484,2
2018,9,9,8,12,臺中市,大雅區,0,2,0,8,1,5,50,5,1,1,5,4,5,7,1,1,3,4,4,1,13,23,2,3,1,1,C03,7,9,1,10,2,12,  ,23,23,1,21,8,C03,24.21272,120.65003,2
2018,9,9,8,20,臺中市,大肚區,0,1,0,8,1,5,70,3,2,1,5,4,5,7,4,4,10,5,5,2,11,6,3,10,1,1,B03,7,5,1,8,2,8,  ,6,6,1,21,8,B03,24.148145,120.54945,2
2018,9,9,8,22,臺中市,西區,0,0,0,8,,,50,,,,,,,,,,,,,,,42,3,  ,  ,  ,B03,  ,  ,1,  ,2,  ,  ,42,42,1,21,  ,B03,24.150652,120.66982,3
2018,9,9,8,37,臺中市,太平區,0,0,,8,,,50,,,,,,,,,,,,,,,,,,,,C03,,,1,,2,,,23,,1,21,,C03,24.14819,120.703122,3
2018,9,9,8,40,臺中市,西屯區,0,2,0,8,1,5,40,4,1,1,5,4,5,7,1,1,1,3,5,2,13,23,2,9,1,1,C03,7,9,3,18,2,11,  ,23,23,1,21,8,C03,24.18238,120.602286,2
2018,9,9,8,47,臺中市,東區,0,2,0,8,1,5,50,14,7,1,5,4,5,7,4,4,5,4,5,2,16,7,2,7,4,1,F01,7,7,8,20,2,16,  ,7,7,1,22,8,F01,24.140134,120.68854,2
2018,9,9,8,51,臺中市,西屯區,0,1,0,8,1,5,50,3,1,1,5,4,5,7,4,4,10,5,5,2,12,16,2,9,1,1,C03,7,9,1,10,2,11,  ,16,16,1,21,8,C03,24.182169,120.61666,2
2018,9,9,8,55,臺中市,南屯區,0,0,,8,,,50,,,,,,,,,,,,,,,,,,,,C03,,,1,,11,,,6,,2,21,,C03,24.147781,120.647814,3
2018,9,9,9,5,臺中市,南區,0,1,0,8,1,5,50,4,1,1,5,4,5,7,1,1,10,5,4,2,2,15,3,10,1,1,B12,7,5,1,8,2,7,  ,15,15,1,4,5,B12,24.118713,120.6535,2
2018,9,9,9,20,臺中市,神岡區,0,1,0,8,1,5,50,3,2,1,5,4,5,7,4,4,5,5,5,1,27,23,2,9,1,1,C03,7,9,1,10,2,11,  ,23,23,1,21,8,C03,24.24298,120.682256,2
2018,9,9,9,28,臺中市,潭子區,0,0,,8,1,5,50,4,1,1,5,4,5,7,4,4,4,4,5,1,15,,,,,,B03,,,1,,2,,,6,,1,21,,B03,24.194422,120.701889,3