年,月,日,時,分,縣市,區,死,受傷,2-30,天候,光線,道路類別,速限,道路型態,事故位置,路面鋪裝,路面狀態,路面缺陷,障礙物,視距,號誌種類,號誌動作,分向設施,快車道或一般車道間,快慢車道間,路面邊線,事故類型及型態,主要肇因,受傷程度,主要傷處,保護裝備,行動電話,當事者區分_類別,車輛用途,當事者行動狀態,駕駛資格情形,駕駛執照種類,飲酒情形,車輛撞擊部位最初,車輛撞擊部位其他,肇事因素個別,肇事因素主要,肇事逃逸,職業,旅次目的,車種,GPS座標_緯度,GPS座標_經度,事故類別
2018,9,9,9,29,臺中市,龍井區,0,0,,6,,,50,,,,,,,,,,,,,,,,,,,,B03,,,1,,2,,,12,,1,  ,,B03,24.125487,120.542178,3
2018,9,9,9,41,臺中市,沙鹿區,0,3,0,8,1,5,40,3,1,1,5,4,5,7,1,1,10,5,5,2,17,43,3,10,1,1,B01,7,1,1,4,2,3,  ,43,43,1,21,8,B01,24.225807,120.575002,2
2018,9,9,9,50,臺中市,北區,0,0,0,8,,,40,,,,,,,,,,,,,,,40,  ,  ,  ,  ,B03,  ,  ,1,  ,2,  ,  ,40,40,1,22,  ,B03,24.1582,120.6849,3
2018,9,9,9,56,臺中市,北屯區,0,0,0,8,1,5,50,3,1,1,5,4,5,7,4,4,8,3,5,1,11,6,3,10,1,1,B03,7,5,1,8,2,6,  ,6,6,1,21,8,B03,24.160918,120.742278,3
2018,9,9,10,10,臺中市,太平區,0,1,0,8,1,5,40,4,1,1,5,4,5,7,3,1,10,5,5,2,15,26,3,10,1,1,C03,7,15,3,18,2,11,  ,26,26,1,21,8,C03,24.109903,120.764941,2
2018,9,9,10,14,臺中市,后里區,0,1,0,8,1,5,50,14,13,1,5,4,5,7,4,4,5,5,4,1,17,22,2,9,1,1,B03,7,9,1,8,2,5,  ,22,22,1,22,9,B03,24.310758,120.711341,2
2018,9,9,10,17,臺中市,霧峰區,0,0,,8,,,40,,,,,,,,,,,,,,,,,,,,B12,,,1,,2,,,12,,1,3,,B12,24.029994,120.696555,3
2018,9,9,10,22,臺中市,北區,0,2,0,8,1,5,50,14,9,1,5,4,5,7,4,4,5,4,5,2,16,7,2,9,1,1,C03,7,7,1,10,2,12,  ,7,7,1,21,8,C03,24.158344,120.691101,2
2018,9,9,10,34,臺中市,北屯區,0,0,,8,,,50,,,,,,,,,,,,,,,,,,,,B03,,,1,,2,,,23,,1,5,,B03,24.1824,120.7125,3
2018,9,9,10,40,臺中市,沙鹿區,0,1,0,8,1,5,50,4,1,1,5,4,5,7,1,1,10,5,5,2,16,6,3,10,1,1,B12,7,5,1,8,2,2,  ,6,6,1,9,5,B12,24.223522,120.56874,2
2018,9,9,10,41,臺中市,西屯區,0,1,0,8,1,5,50,3,1,1,5,4,5,7,1,1,10,5,5,2,12,43,2,7,1,1,C03,7,6,1,10,2,14,  ,43,43,1,22,8,C03,24.17435,120.617259,2
2018,9,9,11,3,臺中市,東區,0,0,,8,,,50,,,,,,,,,,,,,,,,,,,,B03,,,1,,2,,,16,,1,  ,,B03,24.144698,120.697702,3
2018,9,9,11,13,臺中市,大雅區,0,0,,8,,,50,,,,,,,,,,,,,,,,,,,,C03,,,1,,2,,,8,,1,  ,,C03,24.220465,120.657728,3
2018,9,9,11,15,臺中市,潭子區,0,0,0,8,1,5,50,14,7,1,5,4,5,7,4,4,1,3,4,2,13,23,3,10,1,1,B03,7,9,1,8,2,1,  ,23,23,1,22,9,B03,24.216404,120.696861,3
2018,9,9,11,24,臺中市,西區,0,0,0,8,,,50,,,,,,,,,,,,,,,16,3,  ,  ,  ,C03,  ,  ,1,  ,2,  ,  ,16,16,1,5,  ,C03,24.149944,120.655112,3
2018,9,9,11,24,臺中市,沙鹿區,0,1,0,8,1,5,50,3,1,1,5,4,5,7,4,4,10,5,5,2,13,23,3,10,1,1,B03,7,9,1,8,2,1,  ,23,23,1,21,8,B03,24.235563,120.566453,2
2018,9,9,11,28,臺中市,南區,0,1,0,8,1,5,50,3,9,1,5,4,5,6,4,4,9,5,4,2,18,23,2,9,1,1,C03,7,9,1,10,2,14,  ,23,23,1,9,8,C03,24.113533,120.65756,2
2018,9,9,11,30,臺中市,北區,0,1,0,8,1,5,50,14,7,1,5,4,5,7,4,4,5,4,5,2,14,12,3,10,1,1,B12,7,2,1,8,2,3,  ,12,12,1,22,8,B12,24.1484,120.683,2
2018,9,9,11,30,臺中市,大甲區,0,1,0,8,1,5,50,4,1,1,5,4,5,7,4,4,5,5,5,2,16,6,3,10,1,4,B03,7,9,1,8,2,2,  ,6,6,1,20,8,B03,24.368811,120.61305,2
2018,9,9,11,34,臺中市,太平區,0,0,,8,,,50,,,,,,,,,,,,,,,40,,,,,A02,,,1,,2,,,44,40,1,10,,A02,24.134214,120.726699,3
2018,9,9,11,35,臺中市,南區,0,0,0,8,1,5,50,4,1,1,5,4,5,7,1,1,10,5,,2,16,6,3,10,1,1,B03,7,6,1,8,9,2,  ,6,6,1,21,8,B03,24.131705,120.676574,3
2018,9,9,11,35,臺中市,太平區,0,2,0,8,1,5,50,4,1,1,5,4,5,7,1,1,5,5,5,2,13,23,2,9,1,1,C03,7,9,1,8,2,14,  ,23,23,1,21,8,C03,24.144464,120.725265,2
2018,9,9,11,45,臺中市,西屯區,0,0,,8,,,50,,,,,,,,,,,,,,,,,,,,B03,,,1,,2,,,43,,1,  ,,B03,24.181045,120.614021,3
2018,9,9,11,50,臺中市,太平區,0,0,,8,,,50,,,,,,,,,,,,,,,,,,,,B03,,,1,,2,,,12,,1,21,,B03,24.149351,120.722282,3
2018,9,9,12,0,臺中市,新社區,0,0,,8,,,50,,,,,,,,,,,,,,,,,,,,B12,,,1,,8,,,12,,1,  ,,B12,24.179281,120.820881,3
2018,9,9,12,4,臺中市,西屯區,0,0,,8,,,40,,,,,,,,,,,,,,,,,,,,B03,,,1,,2,,,12,,1,22,,B03,24.187075,120.614664,3
2018,9,9,12,10,臺中市,西屯區,0,0,0,8,,,50,,,,,,,,,,,,,,,19,  ,  ,  ,  ,B03,  ,  ,1,  ,2,  ,  ,19,19,1,2,  ,B03,24.165495,120.644338,3
2018,9,9,12,13,臺中市,中區,0,0,,8,,,50,,,,,,,,,,,,,,,,,,,,C03,,,1,,2,,,16,,1,5,,C03,24.146056,120.677649,3
2018,9,9,12,14,臺中市,西屯區,0,1,0,8,1,5,50,4,1,1,5,4,5,7,4,4,10,5,5,2,16,6,3,10,1,1,B12,7,5,1,8,2,5,  ,6,6,1,22,8,B12,24.171411,120.646113,2
2018,9,9,12,18,臺中市,沙鹿區,,,,8,,,60,,,,,,,,,,,,,,,,,,,,B03,,,1,,2,,,16,,1,18,,B03,24.19948,120.580828,3
2018,9,9,12,20,臺中市,北區,0,0,,8,,,50,,,,,,,,,,,,,,,,,,,,C03,,,4,,2,,,25,,1,  ,,C03,24.159157,120.677785,3
2018,9,9,12,35,臺中市,后里區,0,0,,8,,,50,,,,,,,,,,,,,,,,,,,,B03,,,1,,2,,,23,,1,21,,B03,24.308813,120.723288,4
2018,9,9,12,38,臺中市,西區,0,2,0,8,1,5,50,4,1,1,5,4,5,7,1,1,10,5,5,2,16,6,2,9,1,1,C03,7,5,1,10,2,12,  ,6,6,1,21,8,C03,24.147749,120.655141,2
2018,9,9,12,45,臺中市,烏日區,0,0,,8,,,40,,,,,,,,,,,,,,,,,,,,B03,,,1,,2,,,12,,1,21,,B03,24.042883,120.656941,3
2018,9,9,12,45,臺中市,大雅區,0,1,0,8,1,5,50,14,12,1,5,4,5,7,4,4,1,4,4,1,12,6,3,10,1,1,B01,7,6,1,4,2,6,  ,6,6,1,22,9,B01,24.213873,120.649463,2
2018,9,9,13,7,臺中市,中區,0,1,0,8,1,5,50,4,1,1,5,4,5,7,2,1,10,5,5,2,16,6,3,10,1,1,B03,7,5,1,8,2,2,  ,6,6,1,21,8,B03,24.136372,120.683268,2
2018,9,9,13,16,臺中市,沙鹿區,0,1,0,8,1,5,50,14,9,1,5,4,5,7,4,4,9,5,4,1,26,43,2,9,3,4,C03,7,15,1,10,2,12,  ,43,43,1,19,8,C03,24.236303,120.566271,2
2018,9,9,13,20,臺中市,大雅區,0,1,0,8,1,5,50,14,9,1,5,4,5,7,4,4,9,5,5,2,17,19,3,10,1,1,C03,7,1,1,10,2,13,  ,19,19,1,21,8,C03,24.242837,120.634263,2
2018,9,9,13,27,臺中市,梧棲區,0,0,0,8,,,40,,,,,,,,,,,,,,,43,  ,  ,  ,  ,B03,  ,  ,1,  ,2,  ,  ,43,43,1,2,  ,B03,24.234231,120.540956,3
2018,9,9,13,28,臺中市,北區,0,2,0,8,1,5,40,14,8,1,5,4,5,7,4,4,5,5,4,2,17,40,3,10,1,1,B03,7,15,1,8,2,4,  ,40,40,1,21,8,B03,24.16981,120.678081,2
2018,9,9,13,35,臺中市,北區,0,0,0,8,,,50,,,,,,,,,,,,,,,7,  ,  ,  ,  ,B03,  ,  ,1,  ,2,  ,  ,7,7,1,22,  ,B03,24.1556,120.6947,3
2018,9,9,13,35,臺中市,太平區,0,0,,8,,,50,,,,,,,,,,,,,,,,,,,,B03,,,1,,2,,,23,,1,21,,B03,24.156597,120.716283,3
2018,9,9,13,36,臺中市,和平區,0,1,0,8,1,5,30,14,9,1,5,4,5,7,4,4,5,2,5,1,11,26,3,10,1,1,B03,7,9,1,8,2,8,  ,26,26,1,22,9,B03,24.13781,120.68336,2
2018,9,9,13,49,臺中市,西區,0,1,0,8,1,5,50,14,8,1,5,4,5,7,4,4,5,4,4,2,18,23,2,9,3,4,C03,7,9,1,10,2,11,  ,23,23,1,21,8,C03,24.138299,120.669917,2
2018,9,9,13,50,臺中市,北區,0,1,0,8,1,5,50,14,9,1,5,4,5,7,1,1,5,5,5,2,18,23,2,9,1,1,C03,7,9,1,10,2,12,  ,23,23,1,21,8,C03,24.157063,120.693501,2
2018,9,9,13,50,臺中市,清水區,0,1,0,7,1,5,40,4,1,1,5,4,5,7,4,4,10,5,5,2,15,6,2,8,1,1,C03,7,9,1,10,2,11,  ,6,6,1,21,8,C03,24.275699,120.556848,2
2018,9,9,13,56,臺中市,西屯區,0,2,0,8,1,5,50,3,1,1,5,4,5,7,1,1,10,5,5,2,13,23,2,9,1,1,C03,7,9,1,10,2,11,  ,23,23,1,21,8,C03,24.17157,120.61316,2
2018,9,9,14,7,臺中市,北區,0,0,0,8,,,50,,,,,,,,,,,,,,,16,  ,  ,  ,  ,B03,  ,  ,1,  ,2,  ,  ,16,16,1,22,  ,B03,24.1554,120.6944,3
2018,9,9,14,8,臺中市,南區,0,1,0,7,1,5,50,4,1,1,5,4,5,7,4,4,10,5,5,2,15,6,2,8,1,1,C03,7,9,1,10,2,11,  ,6,6,1,22,5,C03,24.115333,120.665915,2
2018,9,9,14,23,臺中市,北屯區,0,1,0,8,1,5,50,4,1,1,5,4,5,7,1,1,10,4,4,2,12,6,3,10,1,1,B02,7,6,1,8,2,5,  ,6,6,1,8,5,B02,24.162715,120.721575,2
2018,9,9,14,25,臺中市,南屯區,0,0,0,8,1,5,50,4,2,1,5,4,5,7,2,1,1,4,5,2,13,23,3,10,1,1,B03,7,9,1,8,2,1,1,23,23,1,3,5,B03,24.155217,120.648214,3
2018,9,9,14,25,臺中市,龍井區,0,1,0,8,1,5,50,14,9,1,5,4,3,7,4,4,5,5,5,2,17,42,2,8,1,1,C03,7,9,1,10,2,12,  ,42,42,1,21,8,C03,24.182315,120.59284,2
2018,9,9,14,28,臺中市,西區,0,2,0,8,1,5,50,5,1,1,5,4,5,7,1,1,10,5,5,2,13,23,2,9,1,1,C03,7,9,1,10,2,11,  ,23,23,1,21,8,C03,24.152714,120.67048,2
2018,9,9,14,30,臺中市,東區,0,0,0,8,,,40,,,,,,,,,,,,,,,43,  ,  ,  ,  ,G06,  ,  ,7,19,11,  ,  ,43,43,1,  ,  ,G06,24.142909,120.689022,3
2018,9,9,14,30,臺中市,西屯區,0,0,,8,,,40,,,,,,,,,,,,,,,,,,,,   ,,,7,,11,,,67,,1,  ,,   ,24.182092,120.63881,3
2018,9,9,14,38,臺中市,北屯區,0,0,0,8,,,50,,,,,,,,,,,,,,,23,  ,  ,  ,  ,B03,  ,  ,1,8,2,  ,  ,23,23,1,21,  ,B03,24.181928,120.720298,3
2018,9,9,14,40,臺中市,西區,0,0,,8,,,50,,,,,,,,,,,,,,,,,,,,B03,,,1,,2,,,16,,1,21,,B03,24.150867,120.665287,3
2018,9,9,14,40,臺中市,沙鹿區,0,1,0,8,1,5,50,14,7,1,5,4,5,7,4,4,9,5,4,2,12,11,2,9,1,1,C03,7,11,1,10,2,12,  ,11,11,1,18,5,C03,24.223077,120.577682,2
2018,9,9,14,40,臺中市,大甲區,0,1,0,7,1,5,60,14,12,1,5,4,5,7,4,4,1,4,5,1,18,44,2,9,1,1,C03,7,9,1,10,2,12,  ,44,44,1,22,8,C03,24.3974,120.646826,2
2018,9,9,14,47,臺中市,北屯區,0,0,,8,,,50,,,,,,,,,,,,,,,,,,,,B02,,,1,,2,,,25,,1,5,,B02,24.185373,120.696545,3
2018,9,9,15,8,臺中市,南區,0,0,0,8,1,5,50,3,1,1,5,4,5,7,4,4,10,5,5,2,14,12,3,10,1,1,B12,4,2,1,8,2,3,  ,12,12,1,21,8,B12,24.118313,120.668411,3
2018,9,9,15,30,臺中市,北屯區,0,0,,8,,,50,,,,,,,,,,,,,,,,,,,,B03,,,1,,2,,,23,,1,21,,B03,24.198726,120.662768,3
2018,9,9,15,31,臺中市,沙鹿區,0,0,,8,,,40,,,,,,,,,,,,,,,,,,,,B02,,,1,,2,,,19,,1,  ,,B02,24.216134,120.580765,3
2018,9,9,15,33,臺中市,神岡區,0,0,,8,,,50,,,,,,,,,,,,,,,,,,,,B12,,,1,,2,,,7,,1,21,,B12,24.235285,120.698719,3
2018,9,9,15,50,臺中市,西屯區,0,1,0,8,1,5,50,4,1,1,5,4,5,7,1,1,10,5,5,2,17,26,3,10,1,1,B03,7,6,1,8,2,5,  ,26,26,1,21,8,B03,24.199753,120.656031,2
2018,9,9,15,54,臺中市,東勢區,0,1,0,8,1,5,50,3,1,1,5,4,5,7,4,4,4,3,4,1,15,6,3,10,1,1,C03,7,9,1,10,2,14,  ,6,6,1,22,9,C03,24.264333,120.826277,2
2018,9,9,16,0,臺中市,大里區,0,1,0,8,1,5,50,14,7,1,5,4,5,7,4,4,9,4,4,1,17,19,3,10,1,1,B03,7,1,1,8,2,4,  ,19,19,1,21,5,B03,24.096697,120.666502,2
2018,9,9,16,8,臺中市,西屯區,0,1,0,8,1,5,50,4,1,1,5,4,5,7,1,1,1,4,4,2,16,6,3,10,3,4,B03,7,6,1,8,2,2,  ,6,6,1,21,8,B03,24.181878,120.624945,2
2018,9,9,16,10,臺中市,南區,0,2,0,8,1,5,50,4,1,1,5,4,5,7,1,1,10,5,5,2,17,19,2,9,1,1,C03,7,1,1,10,2,12,  ,19,19,1,21,8,C03,24.128736,120.662072,2
2018,9,9,16,15,臺中市,外埔區,0,0,,8,,,50,,,,,,,,,,,,,,,,,,,,B03,,,1,,1,,,12,,1,22,,B03,24.343551,120.635753,3
2018,9,9,16,15,臺中市,神岡區,0,0,,8,,,50,,,,,,,,,,,,,,,,,,,,B12,,,1,,2,,,49,,1,21,,B12,24.240754,120.687515,3
2018,9,9,16,35,臺中市,南屯區,0,0,0,8,1,5,50,4,1,1,5,4,5,7,4,4,10,5,5,2,16,6,3,10,1,1,B03,7,6,1,8,2,8,8,6,6,1,5,5,B03,24.137679,120.637118,3
2018,9,9,16,46,臺中市,潭子區,0,0,,8,1,5,50,3,1,1,5,4,5,7,1,1,10,5,5,2,16,,,,,,B03,,,1,,2,,,25,,1,22,,B03,24.216007,120.686378,3
2018,9,9,16,50,臺中市,大里區,0,0,,8,,,50,,,,,,,,,,,,,,,,,,,,B03,,,1,,2,,,12,,1,4,,B03,24.111491,120.679021,3
2018,9,9,16,57,臺中市,南屯區,0,0,,8,,,50,,,,,,,,,,,,,,,,,,,,B03,,,1,,2,,,23,,1,22,,B03,24.150934,120.648566,3
2018,9,9,17,0,臺中市,東區,0,1,0,8,1,5,40,14,8,1,5,4,5,7,4,4,5,2,4,2,12,1,3,10,1,1,C03,7,4,1,10,2,14,  ,1,1,1,5,8,C03,24.128675,120.684903,2
2018,9,9,17,4,臺中市,西屯區,0,2,0,8,1,5,50,14,9,1,5,4,5,7,4,4,1,4,5,2,13,21,2,9,3,4,C03,7,8,6,18,7,11,  ,21,21,1,21,8,C03,24.163769,120.650225,2
2018,9,9,17,5,臺中市,太平區,0,0,,8,,,50,,,,,,,,,,,,,,,,,,,,B03,,,1,,2,,,18,,1,  ,,B03,24.158611,120.717222,3
2018,9,9,17,8,臺中市,西屯區,0,0,,8,,,50,,,,,,,,,,,,,,,,,,,,   ,,,7,,11,,,67,,1,  ,,   ,24.178741,120.642046,3
2018,9,9,17,10,臺中市,烏日區,0,1,0,8,1,5,70,14,8,1,5,4,5,7,4,4,1,4,4,1,16,7,3,10,1,1,B03,7,8,1,8,2,6,  ,7,7,1,21,8,B03,24.1109,120.583613,2
2018,9,9,17,15,臺中市,霧峰區,0,0,0,8,3,5,70,14,7,1,5,4,5,7,4,4,1,4,4,1,13,23,3,10,1,1,B03,7,9,1,8,2,1,  ,23,23,1,5,8,B03,24.048785,120.693346,3
2018,9,9,17,16,臺中市,西屯區,0,1,0,8,1,5,40,3,2,1,5,4,5,7,4,4,1,4,4,2,9,67,3,10,1,1,H02,7,19,8,20,10,16,  ,67,67,1,22,8,H02,24.165778,120.644324,2
2018,9,9,17,19,臺中市,南屯區,0,0,0,8,,,50,,,,,,,,,,,,,,,,  ,  ,  ,  ,B03,  ,  ,1,  ,2,  ,  ,16,  ,1,21,  ,B03,24.149588,120.623831,3
2018,9,9,17,20,臺中市,南屯區,0,0,0,8,1,5,50,4,2,1,5,4,5,7,2,1,1,2,4,2,13,23,3,10,1,1,B03,7,9,1,8,2,1,1,23,23,1,3,5,B03,24.137679,120.630552,3
2018,9,9,17,22,臺中市,北區,0,0,0,8,,,50,,,,,,,,,,,,,,,23,  ,  ,  ,  ,B02,  ,  ,1,  ,2,  ,  ,23,23,1,22,  ,B02,24.147809,120.684804,3
2018,9,9,17,34,臺中市,東區,0,2,0,8,2,5,1,3,1,1,5,4,5,7,4,4,10,5,5,2,17,19,3,10,1,1,B03,7,1,1,8,2,8,  ,19,19,1,21,8,B03,24.147985,120.706287,2
2018,9,9,17,45,臺中市,南區,0,0,,8,,,50,,,,,,,,,,,,,,,,,,,,B03,,,1,,2,,,12,,1,4,,B03,24.113375,120.653007,3
2018,9,9,17,50,臺中市,西區,0,2,0,8,1,5,50,3,2,1,5,4,5,7,4,4,5,4,4,2,16,8,2,9,1,1,C03,7,5,1,10,2,14,  ,8,8,1,20,8,C03,24.145546,120.665423,2
2018,9,9,17,51,臺中市,北區,0,0,0,8,,,50,,,,,,,,,,,,,,,23,  ,  ,  ,  ,B12,  ,  ,1,  ,2,  ,  ,23,23,1,22,  ,B12,24.160404,120.676504,3
2018,9,9,17,55,臺中市,后里區,0,1,0,8,1,5,40,14,9,1,5,4,5,7,4,4,5,5,5,1,16,11,3,10,1,1,B03,7,11,1,8,2,8,  ,11,11,1,4,5,B03,24.308576,120.701948,2
2018,9,9,17,56,臺中市,西屯區,0,0,0,8,,,50,,,,,,,,,,,,,,,26,  ,  ,  ,  ,C03,  ,  ,1,  ,2,  ,  ,26,26,1,21,  ,C03,24.166058,120.66282,3
2018,9,9,17,58,臺中市,龍井區,0,1,0,8,2,5,60,3,1,1,5,4,5,7,1,1,10,5,5,2,11,25,3,10,1,1,B03,7,11,1,8,2,2,  ,25,25,1,21,8,B03,24.188453,120.58082,2
2018,9,9,18,0,臺中市,北屯區,0,0,,8,,,40,,,,,,,,,,,,,,,,,,,,   ,,,7,,11,,,43,,1,  ,,   ,24.18647,120.686153,3
2018,9,9,18,2,臺中市,西屯區,0,2,0,8,2,5,50,5,1,1,5,4,5,7,1,1,5,5,5,2,16,6,3,10,3,4,B03,7,5,1,8,2,7,  ,6,6,1,21,8,B03,24.190867,120.594649,2
2018,9,9,18,4,臺中市,太平區,0,0,,8,,,40,,,,,,,,,,,,,,,,,,,,C03,,,1,,2,,,6,,1,4,,C03,24.115779,120.720223,3
2018,9,9,18,5,臺中市,太平區,0,1,0,8,1,5,40,14,9,1,5,4,5,7,4,4,5,5,5,2,17,40,3,10,1,1,B03,7,13,1,10,2,4,  ,40,40,1,21,8,B03,24.102437,120.718401,2
2018,9,9,18,10,臺中市,沙鹿區,0,2,0,7,2,5,50,14,7,1,5,4,5,7,2,1,3,4,4,2,13,26,2,9,1,1,C03,7,9,1,10,2,11,  ,26,26,1,22,9,C03,24.234484,120.559958,2
2018,9,9,18,15,臺中市,北屯區,0,0,,8,,,50,,,,,,,,,,,,,,,,,,,,C03,,,1,,2,,,16,,1,5,,C03,24.175736,120.689513,3
2018,9,9,18,17,臺中市,北區,0,0,0,8,,,50,,,,,,,,,,,,,,,23,  ,  ,  ,  ,B03,  ,  ,1,  ,2,  ,  ,23,23,1,  ,  ,B03,24.147537,120.685661,3
2018,9,9,18,40,臺中市,太平區,0,1,0,8,3,5,50,4,1,1,5,4,5,7,2,1,10,5,5,2,3,23,3,10,1,1,C03,7,9,1,10,2,11,  ,23,23,1,20,8,C03,24.109096,120.729721,2
2018,9,9,18,56,臺中市,西屯區,0,0,,8,,,40,,,,,,,,,,,,,,,,,,,,C03,,,1,,2,,,43,,1,22,,C03,24.18219,120.598915,3
2018,9,9,19,3,臺中市,西屯區,0,1,0,8,3,5,50,14,8,2,5,4,5,7,4,4,1,4,4,2,16,7,3,10,1,1,B03,7,7,1,8,2,8,  ,7,7,1,18,8,B03,24.170822,120.637214,2
2018,9,9,19,10,臺中市,北屯區,0,0,,8,,,50,,,,,,,,,,,,,,,,,,,,B12,,,3,,11,,,23,,2,5,,B12,24.194876,120.685218,3
2018,9,9,19,20,臺中市,沙鹿區,0,0,,8,,,50,,,,,,,,,,,,,,,,,,,,B03,,,1,,2,,,6,,  ,4,,B03,24.238499,120.559977,3
2018,9,9,19,24,臺中市,西區,0,0,0,8,3,5,50,3,1,1,5,4,5,7,3,1,5,4,5,2,12,,3,  ,  ,  ,B03,  ,  ,1,  ,2,  ,  ,26,  ,1,21,  ,B03,24.1393,120.678354,3
2018,9,9,19,25,臺中市,大肚區,0,0,,8,,,40,,,,,,,,,,,,,,,,,,,,B03,,,1,,2,,,23,,1,  ,,B03,24.115866,120.583754,3
2018,9,9,19,26,臺中市,北區,0,1,0,8,2,5,50,14,7,1,5,4,5,7,4,4,1,4,4,2,13,23,3,10,1,1,B03,7,9,1,8,2,1,  ,23,23,1,22,8,B03,24.166176,120.67358,2
2018,9,9,19,29,臺中市,南屯區,0,0,,8,,,40,,,,,,,,,,,,,,,,,,,,B03,,,1,,2,,,26,,1,22,,B03,24.13216,120.649096,3
2018,9,9,19,34,臺中市,東區,0,3,0,8,2,5,40,4,1,1,5,4,5,7,3,1,10,5,5,2,16,6,2,9,1,1,C03,7,5,1,10,2,11,  ,6,6,1,5,8,C03,24.149578,120.692433,2
2018,9,9,19,36,臺中市,北屯區,0,0,,8,,,50,,,,,,,,,,,,,,,,,,,,B03,,,1,,2,,,19,,1,5,,B03,24.16974,120.684853,3
2018,9,9,19,40,臺中市,西區,0,2,0,8,4,5,50,14,9,1,5,4,5,7,4,4,5,5,5,2,12,6,2,9,1,1,C03,7,9,1,10,2,11,  ,6,6,1,20,9,C03,24.155334,120.660099,2
2018,9,9,19,40,臺中市,北屯區,0,0,,8,,,50,,,,,,,,,,,,,,,,,,,,B03,,,1,,2,,,23,,1,  ,,B03,24.175177,120.679899,3
2018,9,9,19,45,臺中市,中區,0,2,0,8,3,5,50,14,9,1,5,4,5,7,4,4,5,4,5,2,16,6,3,10,1,1,C04,7,5,1,11,2,14,  ,6,6,1,20,8,C04,24.136656,120.682327,2
2018,9,9,19,54,臺中市,東勢區,0,0,,8,,,40,,,,,,,,,,,,,,,,,,,,B03,,,1,,2,,,12,,1,21,,B03,24.24733,120.834496,3
2018,9,9,20,3,臺中市,太平區,0,0,,8,,,50,,,,,,,,,,,,,,,,,,,,B03,,,1,,2,,,23,,2,21,,B03,24.153799,120.733533,3
2018,9,9,20,12,臺中市,南區,0,1,1,8,3,5,50,4,1,1,5,4,5,7,1,1,10,5,4,2,16,6,2,8,1,1,C03,7,5,1,10,2,12,  ,6,6,1,21,7,C03,24.124188,120.660431,2
2018,9,9,20,15,臺中市,后里區,0,0,,8,,,40,,,,,,,,,,,,,,,,,,,,B03,,,1,,2,,,12,,1,5,,B03,24.316373,120.68764,3
2018,9,9,20,28,臺中市,新社區,0,0,,8,,,50,,,,,,,,,,,,,,,,,,,,B12,,,1,,2,,,6,,1,9,,B12,24.181161,120.820908,3
2018,9,9,20,33,臺中市,太平區,,,,8,,,40,,,,,,,,,,,,,,,,,,,,B03,,,1,,2,,,12,,1,21,,B03,24.128247,120.718814,3
2018,9,9,20,37,臺中市,大里區,0,0,,8,,,50,,,,,,,,,,,,,,,,,,,,B03,,,1,,2,,,12,,1,12,,B03,24.111523,120.679158,3
2018,9,9,20,45,臺中市,西區,0,0,0,8,3,5,50,3,1,1,5,4,5,7,4,4,5,5,5,2,16,,3,  ,  ,  ,C03,  ,  ,1,  ,2,  ,  ,6,  ,1,21,  ,C03,24.150818,120.668227,3
2018,9,9,20,47,臺中市,南屯區,0,0,0,8,,,50,,,,,,,,,,,,,,,,  ,  ,  ,  ,B03,  ,  ,1,  ,2,  ,  ,23,  ,1,21,  ,B03,24.123268,120.64817,3
2018,9,9,20,53,臺中市,西屯區,0,0,0,8,3,5,50,,,,,,,,,,,,,,,16,  ,  ,  ,  ,B03,  ,  ,1,  ,2,5,  ,16,16,1,22,  ,B03,24.169456,120.642391,3
2018,9,9,21,0,臺中市,南區,0,0,,8,,,50,,,,,,,,,,,,,,,,,,,,B03,,,1,,2,,,23,,1,4,,B03,24.120248,120.650619,3
2018,9,9,21,16,臺中市,沙鹿區,0,1,0,8,3,5,60,4,1,1,5,4,5,7,1,1,10,5,5,2,16,8,2,8,1,1,C03,7,5,6,18,8,11,  ,8,8,1,5,5,C03,24.209526,120.580101,2
2018,9,9,21,21,臺中市,南區,0,0,,8,,,50,,,,,,,,,,,,,,,,,,,,B03,,,1,,2,,,23,,1,4,,B03,24.120248,120.650619,3
2018,9,9,21,29,臺中市,清水區,0,1,0,8,3,5,50,4,2,1,5,4,5,7,1,1,5,5,4,2,18,67,  ,  ,  ,  ,   ,  ,  ,  ,  ,  ,  ,  ,67,67,1,  ,  ,   ,24.271391,120.571681,2
2018,9,9,21,30,臺中市,霧峰區,0,3,0,8,3,5,70,5,1,1,5,4,5,7,1,1,10,5,5,2,16,19,2,9,1,1,C03,7,1,1,10,2,14,  ,19,19,1,5,8,C03,24.046515,120.692576,2
2018,9,9,21,31,臺中市,北區,0,1,0,8,3,5,50,4,1,1,5,4,5,7,2,1,10,5,5,2,17,6,3,10,1,1,B03,7,6,1,8,2,6,  ,6,6,1,21,8,B03,24.160348,120.684988,2
2018,9,9,21,32,臺中市,西屯區,0,0,,8,,,50,,,,,,,,,,,,,,,,,,,,B03,,,1,,2,,,23,,1,21,,B03,24.163388,120.644401,3
2018,9,9,21,35,臺中市,西屯區,0,0,,8,,,50,,,,,,,,,,,,,,,,,,,,B03,,,1,,2,,,43,,1,  ,,B03,24.164413,120.650644,3
2018,9,9,22,42,臺中市,西屯區,0,1,0,8,3,5,60,4,1,1,5,4,5,7,1,1,10,5,5,2,16,26,3,10,3,4,B03,7,6,1,8,2,5,  ,26,26,1,22,9,B03,24.16083,120.653258,2