年,月,日,時,分,縣市,區,死,受傷,2-30,天候,光線,道路類別,速限,道路型態,事故位置,路面鋪裝,路面狀態,路面缺陷,障礙物,視距,號誌種類,號誌動作,分向設施,快車道或一般車道間,快慢車道間,路面邊線,事故類型及型態,主要肇因,受傷程度,主要傷處,保護裝備,行動電話,當事者區分_類別,車輛用途,當事者行動狀態,駕駛資格情形,駕駛執照種類,飲酒情形,車輛撞擊部位最初,車輛撞擊部位其他,肇事因素個別,肇事因素主要,肇事逃逸,職業,旅次目的,車種,GPS座標_緯度,GPS座標_經度,事故類別
2018,9,9,23,14,臺中市,北區,0,1,0,8,1,5,50,4,1,1,5,4,5,7,1,1,10,5,5,2,17,9,3,10,3,4,B03,7,6,1,8,2,15,  ,9,9,1,22,8,B03,24.16693,120.673358,2
2018,9,9,23,25,臺中市,南屯區,0,0,,8,,,40,,,,,,,,,,,,,,,,,,,,C03,,,1,,2,,,23,,1,5,,C03,24.151186,120.63537,3
2018,9,9,23,39,臺中市,太平區,0,0,,8,,,50,,,,,,,,,,,,,,,,,,,,B12,,,1,,2,,,8,,1,5,,B12,24.12366,120.71995,3
2018,9,9,23,55,臺中市,龍井區,0,2,0,8,3,5,40,14,8,1,5,4,5,7,4,4,3,4,4,1,12,23,2,9,1,1,C03,7,9,1,10,2,15,  ,23,23,1,21,8,C03,24.212456,120.54069,2
2018,9,10,0,9,臺中市,北屯區,0,0,,8,,,50,,,,,,,,,,,,,,,,,,,,B03,,,1,,2,,,10,,1,  ,,B03,24.196178,120.681371,3
2018,9,10,0,13,臺中市,南區,0,0,0,8,3,5,50,14,8,1,5,4,5,7,4,4,1,4,4,2,17,21,3,10,1,1,B03,7,9,1,8,7,1,  ,21,21,1,22,8,B03,24.12392,120.663295,3
2018,9,10,0,23,臺中市,烏日區,0,0,0,8,,,40,,,,,,,,,,,,,,,26,  ,  ,  ,  ,B01,  ,  ,1,  ,2,  ,  ,26,26,1,21,  ,B01,24.111691,120.6168,3
2018,9,10,0,34,臺中市,西屯區,0,1,0,8,3,5,50,4,1,1,5,4,5,7,3,1,10,5,5,2,16,6,3,10,1,1,B03,7,9,1,8,2,1,  ,6,6,1,22,9,B03,24.164207,120.635993,2
2018,9,10,1,9,臺中市,大里區,0,2,0,8,3,5,50,5,1,1,5,4,5,7,1,1,10,5,5,2,15,25,2,9,1,1,C03,7,9,6,18,8,11,  ,25,25,2,21,9,C03,24.112933,120.689832,2
2018,9,10,3,15,臺中市,神岡區,0,1,0,8,3,5,50,4,2,1,5,4,5,7,3,1,5,4,4,1,16,6,3,10,1,1,B03,7,9,1,10,2,2,  ,6,6,1,21,8,B03,24.251412,120.701405,2
2018,9,10,4,24,臺中市,西屯區,0,1,0,8,3,5,50,3,2,1,5,4,5,7,4,4,5,5,5,2,9,23,3,10,1,1,B12,7,5,1,8,2,8,  ,23,23,1,21,1,B12,24.182942,120.645534,2
2018,9,10,4,33,臺中市,北屯區,0,0,,8,,,50,,,,,,,,,,,,,,,,,,,,A11,,,1,,2,,,26,,1,  ,,A11,24.185628,120.664178,3
2018,9,10,4,55,臺中市,豐原區,0,2,0,7,4,5,50,14,8,1,5,4,5,7,4,4,1,2,1,1,18,42,2,3,1,1,C03,7,9,1,10,2,11,  ,42,42,1,10,8,C03,24.261783,120.735073,2
2018,9,10,7,6,臺中市,沙鹿區,0,0,,8,,,50,,,,,,,,,,,,,,,,,,,,B03,,,1,,2,,,42,,1,4,,B03,24.215452,120.579804,3
2018,9,10,7,10,臺中市,南屯區,0,0,0,8,,,50,,,,,,,,1,,,,,,,25,3,  ,  ,  ,B03,  ,  ,1,  ,2,  ,  ,25,25,1,21,  ,B03,24.136001,120.643892,3
2018,9,10,7,11,臺中市,北區,0,1,0,8,1,5,50,3,1,1,5,4,5,7,4,4,5,5,4,1,16,23,2,9,1,1,C03,7,8,1,10,2,12,  ,23,23,1,5,8,C03,24.159072,120.683893,2
2018,9,10,7,11,臺中市,大雅區,0,2,0,8,1,5,40,4,1,1,5,4,5,7,1,1,10,5,5,2,15,25,2,7,1,1,C03,7,9,1,10,2,11,  ,25,25,1,21,8,C03,24.226034,120.639157,2
2018,9,10,7,15,臺中市,東勢區,0,1,0,8,1,5,50,14,9,1,5,4,5,7,4,4,9,5,5,1,13,23,2,9,1,1,C03,7,9,1,10,2,11,  ,23,23,1,21,8,C03,24.286207,120.782588,2
2018,9,10,7,20,臺中市,北區,0,0,0,8,,,50,,,,,,,,,,,,,,,23,  ,  ,  ,  ,B03,  ,  ,6,  ,11,  ,  ,23,23,1,22,  ,B03,24.1576,120.6704,3
2018,9,10,7,20,臺中市,沙鹿區,0,0,,8,,,50,,,,,,,,,,,,,,,,,,,,B03,,,1,,2,,,6,,  ,4,,B03,24.259134,120.602473,3
2018,9,10,7,23,臺中市,大雅區,0,1,0,8,1,5,50,4,1,1,5,4,5,7,1,1,5,4,5,1,16,8,2,9,1,1,C03,7,5,4,8,2,11,  ,8,8,1,22,9,C03,24.142687,120.642257,2
2018,9,10,7,25,臺中市,潭子區,0,0,,8,1,5,40,4,1,1,5,4,5,7,4,4,5,5,5,2,15,,,,,,B03,,,1,,2,,,23,,1,22,,B03,24.216567,120.707907,3
2018,9,10,7,33,臺中市,西屯區,,,,8,,,40,,,,,,,,,,,,,,,,,,,,C03,,,1,,2,,,16,,1,22,,C03,24.194784,120.634215,3
2018,9,10,7,35,臺中市,梧棲區,0,0,,8,,,50,,,,,,,,,,,,,,,6,,,,,B03,,,1,,2,,,23,6,1,9,,B03,24.252763,120.529647,3
2018,9,10,7,36,臺中市,大雅區,0,1,0,8,1,5,50,4,9,1,5,4,5,7,1,1,5,5,5,1,16,23,2,8,1,1,C03,7,9,1,10,2,11,  ,23,23,1,21,8,C03,24.246116,120.65737,2
2018,9,10,7,40,臺中市,烏日區,0,2,0,8,1,5,40,10,7,1,5,4,5,7,4,4,10,4,4,2,11,19,2,9,1,1,C03,7,1,1,10,2,14,  ,19,19,1,22,8,C03,24.093,120.648799,2
2018,9,10,7,40,臺中市,大甲區,0,0,,8,,,50,,,,,,,,,,,,,,,,,,,,B03,,,1,,2,,,42,,1,21,,B03,24.347184,120.603966,3
2018,9,10,7,42,臺中市,西區,0,0,,8,,,50,,,,,,,,,,,,,,,,,,,,B03,,,6,,11,,,23,,1,22,,B03,24.145565,120.671304,3
2018,9,10,7,45,臺中市,西屯區,0,0,,8,,,50,,,,,,,,,,,,,,,,,,,,B03,,,1,,2,,,26,,1,  ,,B03,24.165796,120.652238,3
2018,9,10,7,45,臺中市,龍井區,0,1,0,8,1,5,50,14,22,1,5,4,5,7,4,4,10,5,5,2,16,19,3,10,1,1,B03,7,1,1,8,2,4,  ,19,19,1,12,8,B03,24.208841,120.549525,2
2018,9,10,7,47,臺中市,大肚區,0,2,0,8,1,5,50,14,9,1,5,4,5,7,4,4,9,4,5,1,3,51,2,8,4,5,H01,8,16,8,20,10,16,  ,51,51,1,22,8,H01,24.16824,120.577634,2
2018,9,10,7,50,臺中市,烏日區,0,2,0,8,1,5,50,4,1,1,5,4,5,7,4,4,10,5,5,2,16,6,2,9,1,1,C03,7,5,1,10,2,12,  ,6,6,1,21,8,C03,24.055811,120.653246,2
2018,9,10,7,50,臺中市,清水區,0,0,0,8,,,40,,,,,,,,,,,,,,,17,  ,  ,  ,  ,B12,  ,  ,1,  ,2,  ,  ,17,17,1,3,  ,B12,24.265488,120.573915,3
2018,9,10,7,51,臺中市,龍井區,0,0,,8,,,40,,,,,,,,,,,,,,,,,,,,B03,,,1,,2,,,23,,1,22,,B03,24.188588,120.586639,3
2018,9,10,7,55,臺中市,北區,0,0,0,8,,,50,,,,,,,,,,,,,,,23,  ,  ,  ,  ,B02,  ,  ,1,  ,2,  ,  ,23,23,1,22,  ,B02,24.151,120.6816,3
2018,9,10,7,55,臺中市,大里區,0,1,0,8,1,5,50,4,1,1,5,4,5,7,4,4,10,5,5,2,17,42,2,9,1,1,C03,7,9,1,10,2,12,  ,42,42,1,12,8,C03,24.10595,120.683673,2
2018,9,10,7,55,臺中市,后里區,0,1,0,8,1,5,50,5,1,1,5,4,5,7,1,1,10,5,5,2,15,25,3,10,1,1,B12,7,9,1,7,2,5,  ,25,25,1,21,8,B12,24.311138,120.680218,2
2018,9,10,7,55,臺中市,神岡區,0,2,0,8,1,5,50,4,2,1,5,4,5,7,4,4,5,5,5,1,16,42,2,9,1,1,C03,7,4,1,10,2,14,  ,42,42,1,21,1,C03,24.27202,120.660173,2
2018,9,10,7,57,臺中市,南屯區,0,1,0,8,1,5,50,14,7,1,5,4,5,7,4,4,5,5,4,2,13,23,3,10,1,1,B03,7,9,1,8,2,1,  ,23,23,1,21,8,B03,24.1587,120.634032,2
2018,9,10,7,58,臺中市,龍井區,0,1,0,8,1,5,70,3,1,1,5,4,5,7,1,1,10,5,5,2,16,25,3,10,1,1,B03,7,6,1,8,2,5,  ,25,25,1,12,8,B03,24.189735,120.54529,2
2018,9,10,8,0,臺中市,西屯區,,,,8,,,30,,,,,,,,,,,,,,,,,,,,B03,,,1,,2,,,17,,1,22,,B03,24.166975,120.653226,4
2018,9,10,8,0,臺中市,梧棲區,0,0,,8,,,40,,,,,,,,,,,,,,,,,,,,C03,,,1,,2,,,25,,1,9,,C03,24.229999,120.527818,3
2018,9,10,8,3,臺中市,西屯區,0,2,0,8,1,5,50,3,1,1,5,4,5,7,4,4,10,5,5,2,16,6,2,9,1,1,C03,7,5,1,10,2,14,  ,6,6,1,21,8,C03,24.168561,120.643954,2
2018,9,10,8,5,臺中市,霧峰區,0,1,0,8,1,5,40,3,1,1,5,4,5,7,4,4,10,5,4,1,13,26,2,9,1,1,C03,7,9,1,9,2,11,  ,16,26,1,4,8,C03,24.048647,120.663667,2
2018,9,10,8,6,臺中市,南區,0,1,0,8,1,5,50,4,1,1,5,4,5,7,1,1,10,5,5,2,15,17,3,10,1,1,B03,7,9,1,8,2,2,  ,17,17,1,21,8,B03,24.120836,120.650063,2
2018,9,10,8,8,臺中市,北區,0,2,0,8,1,5,40,4,1,1,5,4,5,7,4,4,10,5,5,2,15,6,2,9,1,1,C04,7,9,1,11,2,12,  ,6,6,1,5,8,C04,24.146806,120.683609,2
2018,9,10,8,13,臺中市,北區,0,3,0,8,1,5,50,3,1,1,5,4,5,7,1,1,1,5,5,2,13,23,2,9,1,1,C03,7,9,1,10,2,13,  ,23,23,1,21,8,C03,24.162963,120.672432,2
2018,9,10,8,15,臺中市,西屯區,0,0,,8,,,70,,,,,,,,,,,,,,,,,,,,B03,,,1,,2,,,16,,1,22,,B03,24.1791,120.623464,3
2018,9,10,8,18,臺中市,石岡區,0,1,0,8,1,5,50,14,9,1,5,4,5,7,4,4,5,5,5,1,17,19,3,10,1,1,C03,7,1,4,8,2,14,  ,19,19,1,21,8,C03,24.277359,120.764931,2
2018,9,10,8,20,臺中市,北屯區,0,1,0,8,1,5,50,14,9,1,5,4,5,7,4,4,8,3,5,2,12,1,3,10,1,1,B03,7,5,1,8,2,4,  ,44,1,1,21,8,B03,24.167933,120.688534,2
2018,9,10,8,25,臺中市,南屯區,0,2,0,8,1,5,50,14,9,1,5,4,5,7,4,4,5,5,5,2,12,23,2,9,1,1,C03,7,9,1,10,2,11,  ,23,23,1,21,8,C03,24.146729,120.642621,2
2018,9,10,8,28,臺中市,南屯區,0,0,,8,,,50,,,,,,,,,,,,,,,,,,,,C03,,,1,,11,,,7,,2,21,,C03,24.139985,120.620593,3
2018,9,10,8,29,臺中市,沙鹿區,0,5,0,8,1,5,50,4,1,1,5,4,5,7,4,4,10,5,5,2,15,6,2,8,1,1,C03,7,9,1,10,2,11,  ,6,6,1,5,5,C03,24.216603,120.567651,2
2018,9,10,8,29,臺中市,大雅區,0,0,,,,,,,,,,,,,,,,,,,,,,,,,B12,,,1,,2,,,23,,1,21,,B12,24.225637,120.645238,3
2018,9,10,8,30,臺中市,北屯區,0,2,0,8,1,5,50,5,2,1,5,4,5,7,1,1,5,2,5,2,13,16,2,9,1,1,C03,7,9,1,10,2,11,  ,16,16,1,18,8,C03,24.1773,120.7305,2
2018,9,10,8,30,臺中市,西屯區,0,0,,8,,,40,,,,,,,,,,,,,,,,,,,,B01,,,1,,2,,,16,,1,  ,,B01,24.160071,120.62713,3
2018,9,10,8,30,臺中市,烏日區,0,1,0,8,1,5,60,3,13,1,5,4,5,7,4,4,9,4,5,1,16,9,3,10,1,1,B03,7,6,1,8,2,5,  ,9,9,1,22,8,B03,24.109375,120.643966,2
2018,9,10,8,31,臺中市,南屯區,0,0,,8,,,50,,,,,,,,,,,,,,,,,,,,B03,,,1,,2,,,17,,1,22,,B03,24.139445,120.649973,3
2018,9,10,8,40,臺中市,西屯區,0,1,0,8,1,5,40,3,9,1,5,4,5,7,4,4,9,5,5,2,29,43,2,9,1,1,C03,7,5,1,10,2,12,  ,43,43,1,21,8,C03,24.17281,120.628498,2
2018,9,10,8,45,臺中市,潭子區,0,1,0,8,1,5,50,3,1,1,5,4,5,7,4,4,7,5,5,1,12,23,2,9,1,1,C03,7,9,1,10,2,14,  ,23,23,1,22,9,C03,24.229731,120.689848,2
2018,9,10,8,50,臺中市,西屯區,0,1,0,8,1,5,50,3,1,1,5,4,5,7,1,1,10,5,5,2,18,23,2,9,1,1,C03,7,9,1,10,2,12,  ,23,23,1,21,8,C03,24.193231,120.60537,2
2018,9,10,8,52,臺中市,南區,0,1,0,8,1,5,50,14,7,1,5,4,5,7,4,4,10,5,4,2,12,23,2,8,1,1,C03,7,9,1,10,2,11,  ,23,23,1,4,8,C03,24.119245,120.651606,2
2018,9,10,8,56,臺中市,西區,0,1,0,8,1,5,50,4,1,1,5,4,5,7,2,1,10,5,5,2,16,26,2,9,1,1,C03,7,5,1,10,2,14,  ,26,26,1,21,8,C03,24.136001,120.672756,2
2018,9,10,8,59,臺中市,西屯區,0,1,0,8,1,5,40,3,1,1,5,4,5,7,4,4,10,5,5,2,16,42,2,9,1,1,C03,7,15,1,10,2,14,  ,42,42,1,22,9,C03,24.175181,120.648281,2
2018,9,10,9,6,臺中市,龍井區,0,0,,8,,,50,,,,,,,,,,,,,,,,,,,,B03,,,1,,2,,,23,,1,22,,B03,24.181893,120.584534,3
2018,9,10,9,23,臺中市,北屯區,0,0,,8,,,50,,,,,,,,,,,,,,,,,,,,B12,,,1,,2,,,6,,1,21,,B12,24.17094,120.715785,3
2018,9,10,9,24,臺中市,后里區,0,0,,8,,,50,,,,,,,,,,,,,,,,,,,,A05,,,1,,2,,,12,,1,  ,,A05,24.310176,120.714263,3
2018,9,10,9,30,臺中市,南屯區,0,1,0,8,1,5,50,3,1,1,5,4,5,7,4,4,10,5,5,2,16,6,3,10,1,1,C04,7,5,1,10,2,11,  ,6,6,1,21,8,C04,24.136667,120.651455,2
2018,9,10,9,35,臺中市,烏日區,0,1,0,8,1,5,60,4,1,1,5,4,5,7,1,1,10,5,5,2,3,23,3,10,1,1,B03,7,5,1,8,2,1,  ,23,23,1,21,8,B03,24.109118,120.641811,2
2018,9,10,9,43,臺中市,龍井區,0,1,0,8,1,5,50,14,8,1,5,4,5,7,4,4,3,4,4,2,14,12,3,10,1,1,B03,7,2,1,8,2,7,  ,12,12,1,20,7,B03,24.2034,120.5682,2
2018,9,10,9,49,臺中市,西屯區,0,0,,8,,,40,,,,,,,,,,,,,,,,,,,,B03,,,1,,2,,,12,,1,22,,B03,24.167188,120.637933,3
2018,9,10,9,50,臺中市,西屯區,,,,8,,,40,,,,,,,,,,,,,,,,,,,,B03,,,1,,2,,,12,,1,22,,B03,24.166911,120.6527,4
2018,9,10,9,50,臺中市,東勢區,0,1,0,8,1,5,60,3,1,1,5,4,5,7,4,4,10,5,5,2,17,6,3,10,1,1,C03,7,5,1,10,2,14,  ,6,6,1,20,8,C03,24.275493,120.818985,2
2018,9,10,9,51,臺中市,龍井區,0,0,,8,,,50,,,,,,,,,,,,,,,,,,,,B12,,,1,,2,,,6,,1,9,,B12,24.217912,120.517829,3
2018,9,10,10,4,臺中市,西屯區,0,0,,8,,,50,,,,,,,,,,,,,,,,,,,,B03,,,1,,2,,,23,,1,21,,B03,24.170136,120.645711,3
2018,9,10,10,9,臺中市,霧峰區,0,1,0,8,1,5,70,3,1,1,5,4,5,7,4,4,1,4,4,2,13,16,3,10,1,1,A11,7,6,1,3,2,3,  ,44,16,1,10,8,A11,24.022974,120.696575,2
2018,9,10,10,10,臺中市,南區,0,1,0,8,1,5,50,14,7,1,5,4,4,7,1,1,5,2,5,2,13,23,3,10,1,1,A04,7,9,1,2,2,1,  ,23,23,1,10,4,A04,24.12236,120.666813,2
2018,9,10,10,17,臺中市,霧峰區,0,1,0,8,1,5,50,3,1,1,5,4,5,7,4,4,10,5,5,1,16,6,3,10,1,1,B03,7,5,1,8,2,1,  ,6,6,1,4,8,B03,24.047097,120.67445,2
2018,9,10,10,19,臺中市,北屯區,0,0,,8,,,50,,,,,,,,,,,,,,,,,,,,B03,,,1,,2,,,23,,1,22,,B03,24.179958,120.668675,3
2018,9,10,10,23,臺中市,西屯區,0,0,0,8,,,50,,,,,,,,,,,,,,,23,  ,  ,  ,  ,B12,  ,  ,1,  ,2,  ,  ,23,23,1,  ,  ,B12,24.174636,120.644746,3
2018,9,10,10,25,臺中市,西屯區,0,1,0,8,1,5,50,5,1,1,5,4,5,7,1,1,10,5,5,2,16,26,2,9,1,1,C03,7,9,1,10,2,14,  ,26,26,1,21,8,C03,24.163204,120.657414,2
2018,9,10,10,26,臺中市,南屯區,0,0,,8,,,40,,,,,,,,,,,,,,,,,,,,B03,,,1,,2,,,23,,1,5,,B03,24.147843,120.633671,3
2018,9,10,10,27,臺中市,南區,0,0,0,8,1,5,50,14,7,1,5,4,5,7,4,4,1,2,4,2,13,16,3,10,1,1,B03,7,9,1,8,2,1,  ,16,16,1,21,8,B03,24.112052,120.670088,3
2018,9,10,10,27,臺中市,太平區,0,0,,8,,,50,,,,,,,,,,,,,,,,,,,,B03,,,1,,2,,,16,,1,4,,B03,24.126761,120.71111,3
2018,9,10,10,31,臺中市,太平區,0,1,0,8,1,5,50,3,1,1,5,4,5,7,4,4,10,5,5,2,16,6,3,10,1,1,B12,7,5,1,8,2,1,  ,6,6,1,21,8,B12,24.100661,120.720906,2
2018,9,10,10,36,臺中市,西屯區,0,1,0,8,1,5,50,4,1,1,5,4,5,7,1,1,10,5,5,2,16,43,3,10,1,1,B03,7,5,1,8,2,2,  ,43,43,1,4,8,B03,24.156569,120.644001,2
2018,9,10,10,37,臺中市,外埔區,0,0,,,,,,,,,,,,,,,,,,,,,,,,,B03,,,1,,2,,,16,,1,21,,B03,24.340663,120.640056,3
2018,9,10,10,38,臺中市,南屯區,0,0,,8,,,50,,,,,,,,,,,,,,,,,,,,B03,,,1,,2,,,12,,1,22,,B03,24.116139,120.625102,3
2018,9,10,10,44,臺中市,后里區,0,1,0,8,1,5,50,14,8,1,5,4,5,7,4,4,5,4,4,2,17,43,2,8,1,1,C03,7,9,1,10,2,11,  ,43,43,1,21,8,C03,24.306141,120.714195,2
2018,9,10,10,45,臺中市,西區,0,0,,,,,,,,,,,,,,,,,,,,,,,,,B03,,,1,,2,,,16,,1,22,,B03,24.158694,120.660794,3
2018,9,10,10,50,臺中市,大里區,0,0,,8,,,50,,,,,,,,,,,,,,,,,,,,B03,,,1,,2,,,16,,1,4,,B03,24.103691,120.701028,3
2018,9,10,11,0,臺中市,北屯區,0,0,0,8,,,50,,,,,,,,,,,,,,,16,  ,  ,  ,  ,B03,  ,  ,1,  ,2,  ,  ,16,16,1,21,  ,B03,24.172173,120.71588,3
2018,9,10,11,5,臺中市,霧峰區,0,0,,8,,,50,,,,,,,,,,,,,,,,,,,,B03,,,1,,2,,,23,,1,19,,B03,24.06643,120.694288,3
2018,9,10,11,18,臺中市,西屯區,0,0,0,8,,,40,,,,,,,,,,,,,,,23,  ,  ,  ,  ,A12,  ,  ,1,  ,2,  ,  ,23,23,1,22,  ,A12,24.208925,120.651165,3
2018,9,10,11,23,臺中市,北屯區,0,0,0,8,1,5,50,4,4,1,5,4,5,7,1,1,6,1,4,2,13,23,3,10,1,1,C03,7,9,1,10,2,11,  ,23,23,1,21,8,C03,24.172334,120.683523,3
2018,9,10,11,30,臺中市,南屯區,0,0,0,8,,,40,,,,,,,,4,,,,,,,23,3,  ,  ,  ,B03,  ,  ,1,  ,2,  ,  ,23,23,1,21,  ,B03,24.137539,120.641334,3
2018,9,10,11,30,臺中市,西屯區,,,,8,,,40,,,,,,,,,,,,,,,,,,,,C03,,,1,,2,,,42,,1,22,,C03,24.170218,120.61541,3
2018,9,10,11,34,臺中市,大雅區,0,0,,8,,,40,,,,,,,,,,,,,,,,,,,,B12,,,1,,2,,,23,,1,10,,B12,24.220923,120.66281,3
2018,9,10,11,40,臺中市,南區,0,3,0,8,1,5,50,14,7,1,5,4,5,7,1,1,5,5,4,2,13,23,2,8,1,1,C03,7,9,1,10,2,11,  ,23,23,1,4,8,C03,24.113796,120.656468,2
2018,9,10,11,43,臺中市,沙鹿區,0,0,0,8,,,40,,,,,,,,,,,,,,,23,  ,  ,  ,  ,B03,  ,  ,1,  ,2,  ,  ,23,23,  ,  ,  ,B03,24.225504,120.577164,3
2018,9,10,11,45,臺中市,西屯區,0,1,0,8,1,5,50,14,9,1,5,4,5,7,4,4,9,4,5,2,12,6,3,10,1,1,B03,7,6,1,8,2,2,  ,6,6,1,21,8,B03,24.196113,120.65586,2
2018,9,10,11,51,臺中市,太平區,0,1,0,8,1,5,50,4,2,1,5,4,5,7,2,1,5,5,5,2,16,43,2,9,1,1,C03,7,9,1,10,2,11,  ,43,43,1,21,8,C03,24.149491,120.723481,2
2018,9,10,12,0,臺中市,西屯區,0,0,0,8,,,50,,,,,,,,,,,,,,,23,  ,  ,  ,  ,A11,  ,  ,1,  ,2,  ,  ,23,23,1,  ,  ,A11,24.173175,120.593013,3
2018,9,10,12,6,臺中市,北區,0,3,0,8,1,5,50,3,1,1,5,4,5,7,4,4,10,5,5,2,16,6,2,9,1,1,C03,7,5,4,8,2,11,  ,6,6,1,22,8,C03,24.155,120.69,2
2018,9,10,12,7,臺中市,西區,0,0,0,8,,,50,,,,,,,,,,,,,,,23,  ,  ,  ,  ,B03,  ,  ,1,  ,2,  ,  ,23,23,1,21,  ,B03,24.141744,120.675609,3
2018,9,10,12,15,臺中市,西屯區,0,1,0,8,1,5,40,4,1,1,5,4,5,7,1,1,10,5,5,2,16,44,3,10,1,1,B12,7,6,1,8,2,5,  ,23,44,1,22,9,B12,24.186442,120.621943,2
2018,9,10,12,16,臺中市,南屯區,0,0,,8,,,40,,,,,,,,,,,,,,,,,,,,B03,,,1,,2,,,23,,1,22,,B03,24.144172,120.64271,3
2018,9,10,12,20,臺中市,北屯區,0,0,0,8,,,50,,,,,,,,,,,,,,,23,  ,  ,  ,  ,B02,  ,  ,1,  ,2,  ,  ,23,23,1,21,  ,B02,24.170705,120.686315,3
2018,9,10,12,28,臺中市,南屯區,0,0,,8,,,50,,,,,,,,,,,,,,,44,,,,,C03,,,1,,2,,,1,44,1,22,,C03,24.13161,120.635125,3
2018,9,10,12,31,臺中市,太平區,0,1,0,8,1,5,50,5,1,1,5,4,5,7,2,1,10,5,5,2,16,25,3,10,1,1,B02,7,9,1,8,2,8,  ,25,25,1,5,8,B02,24.148556,120.706309,2
2018,9,10,12,31,臺中市,龍井區,0,0,0,8,,,40,,,,,,,,,,,,,,,6,  ,  ,  ,  ,B03,  ,  ,4,  ,2,  ,  ,6,6,1,22,  ,B03,24.180835,120.588888,3
2018,9,10,12,35,臺中市,西屯區,0,1,0,8,1,5,40,15,9,1,5,4,5,7,4,4,10,5,5,2,10,4,3,10,3,4,B03,7,9,1,8,2,8,  ,4,4,1,22,8,B03,24.17051,120.617471,2
2018,9,10,12,40,臺中市,清水區,0,2,0,8,1,5,50,4,1,1,5,4,5,7,4,4,5,5,5,1,16,6,2,3,1,1,C03,7,5,1,10,2,11,  ,6,6,1,2,3,C03,24.274273,120.573783,2
2018,9,10,12,40,臺中市,沙鹿區,0,1,0,8,1,5,40,4,18,1,5,4,5,7,1,1,10,5,5,2,3,52,3,10,1,1,B03,7,9,1,8,2,5,  ,15,52,1,4,8,B03,24.230042,120.574408,2
2018,9,10,12,48,臺中市,西屯區,0,0,,8,,,50,,,,,,,,,,,,,,,,,,,,B03,,,1,,2,,,12,,1,22,,B03,24.181781,120.64433,3
2018,9,10,12,57,臺中市,西屯區,0,0,,8,,,50,,,,,,,,,,,,,,,,,,,,B03,,,1,,2,,,6,,1,  ,,B03,24.16028,120.640303,3
2018,9,10,12,58,臺中市,太平區,0,1,0,8,1,5,50,3,1,1,5,4,5,7,3,1,10,5,5,2,16,8,3,10,1,1,B12,7,5,1,8,2,8,  ,8,8,1,10,8,B12,24.126838,120.718793,2
2018,9,10,12,58,臺中市,龍井區,0,1,0,8,1,5,50,14,9,1,5,4,5,7,1,1,5,4,5,1,12,17,2,9,1,1,C03,7,9,1,10,2,14,  ,17,17,1,22,8,C03,24.176098,120.581858,2
2018,9,10,13,0,臺中市,太平區,0,0,,8,,,50,,,,,,,,,,,,,,,,,,,,B03,,,1,,2,,,26,,1,21,,B03,24.117659,120.706642,3
2018,9,10,13,30,臺中市,北屯區,0,1,0,8,1,5,50,4,1,1,5,4,5,7,1,1,10,5,5,2,16,23,3,10,3,4,B03,7,11,1,8,2,1,  ,23,23,1,21,8,B03,24.183075,120.697923,2
2018,9,10,13,30,臺中市,西屯區,0,1,0,8,1,5,50,14,9,1,5,4,5,7,4,4,10,5,5,2,12,19,3,10,1,1,B03,7,1,1,8,2,8,  ,19,19,1,21,8,B03,24.158586,120.651662,2
2018,9,10,13,36,臺中市,沙鹿區,0,0,,8,,,50,,,,,,,,,,,,,,,,,,,,A11,,,1,,2,,,7,,1,10,,A11,24.242152,120.561177,3
2018,9,10,13,41,臺中市,北屯區,0,1,0,8,1,5,50,4,1,1,5,4,5,7,1,1,10,5,5,2,16,6,3,10,1,1,B03,7,5,1,8,2,5,  ,6,6,1,21,8,B03,24.175236,120.670711,2
2018,9,10,13,50,臺中市,沙鹿區,0,1,0,8,1,5,50,4,1,1,5,4,5,7,3,1,5,4,4,1,16,6,3,10,1,1,B03,7,9,1,8,2,8,  ,6,6,1,19,8,B03,24.222383,120.573267,2
2018,9,10,13,57,臺中市,太平區,0,1,0,8,1,5,50,3,7,1,5,4,5,7,4,4,5,5,4,1,12,17,3,10,1,1,B12,7,9,1,8,2,2,  ,17,17,1,5,8,B12,24.148708,120.717416,2
2018,9,10,14,0,臺中市,南屯區,0,0,,8,,,50,,,,,,,,,,,,,,,,,,,,B03,,,1,,2,,,23,,1,22,,B03,24.148935,120.615467,3
2018,9,10,14,8,臺中市,西屯區,0,0,0,8,,,50,,,,,,,,,,,,,,,16,  ,  ,  ,  ,B12,  ,  ,1,  ,2,  ,  ,16,16,1,22,  ,B12,24.163406,120.628833,3
2018,9,10,14,10,臺中市,大雅區,0,0,,8,,,50,,,,,,,,,,,,,,,44,,,,,B12,,,1,,2,,,7,44,1,10,,B12,24.221135,120.648112,3
2018,9,10,14,11,臺中市,南區,0,0,,8,1,5,40,3,2,1,5,4,5,7,4,4,1,4,4,2,17,,,,,,B12,,,1,,2,,,23,,1,5,,B12,24.130926,120.676951,3
2018,9,10,14,13,臺中市,南區,0,0,,8,,,50,,,,,,,,,,,,,,,,,,,,B01,,,1,,2,,,23,,1,10,,B01,24.122859,120.654718,3
2018,9,10,14,13,臺中市,大里區,0,1,0,8,1,5,50,4,1,1,5,4,5,7,1,1,10,5,5,2,16,26,2,8,1,1,C03,7,5,1,10,2,12,  ,26,26,1,5,8,C03,24.089094,120.70958,2