年,月,日,時,分,縣市,區,死,受傷,2-30,天候,光線,道路類別,速限,道路型態,事故位置,路面鋪裝,路面狀態,路面缺陷,障礙物,視距,號誌種類,號誌動作,分向設施,快車道或一般車道間,快慢車道間,路面邊線,事故類型及型態,主要肇因,受傷程度,主要傷處,保護裝備,行動電話,當事者區分_類別,車輛用途,當事者行動狀態,駕駛資格情形,駕駛執照種類,飲酒情形,車輛撞擊部位最初,車輛撞擊部位其他,肇事因素個別,肇事因素主要,肇事逃逸,職業,旅次目的,車種,GPS座標_緯度,GPS座標_經度,事故類別
2018,9,10,14,20,臺中市,南區,0,2,0,8,1,5,50,4,1,1,5,4,5,7,1,1,10,5,5,2,16,25,2,8,1,1,C03,7,6,1,10,2,11,  ,25,25,1,4,8,C03,24.119275,120.648961,2
2018,9,10,14,20,臺中市,南屯區,0,0,0,8,,,60,,,,,,,,1,,,,,,,7,3,  ,  ,  ,B12,  ,  ,1,  ,2,  ,  ,7,7,1,21,  ,B12,24.145229,120.623509,3
2018,9,10,14,20,臺中市,大里區,0,0,,8,,,60,,,,,,,,,,,,,,,,,,,,C03,,,1,,2,,,25,,1,22,,C03,24.104492,120.68014,3
2018,9,10,14,27,臺中市,北屯區,0,0,0,8,,,50,,,,,,,,,,,,,,,23,  ,  ,  ,  ,B03,  ,  ,1,8,2,  ,  ,23,23,1,21,  ,B03,24.16516,120.695411,3
2018,9,10,14,50,臺中市,北屯區,0,0,0,8,,,50,,,,,,,,,,,,,,,17,  ,  ,  ,  ,B12,  ,  ,1,  ,2,  ,  ,17,17,1,20,  ,B12,24.182771,120.698971,3
2018,9,10,14,54,臺中市,北區,0,0,0,8,,,50,,,,,,,,,,,,,,,16,  ,  ,  ,  ,C03,  ,  ,1,  ,2,  ,  ,16,16,1,22,  ,C03,24.1533,120.6893,3
2018,9,10,14,57,臺中市,梧棲區,0,1,0,8,1,5,70,3,1,1,5,4,5,7,1,1,10,5,5,2,16,25,3,10,1,1,B12,7,9,1,8,2,8,  ,25,25,1,3,1,B12,24.251403,120.532535,2
2018,9,10,15,3,臺中市,大雅區,0,2,0,8,1,5,40,4,1,1,5,4,5,7,4,4,10,5,5,2,17,6,3,10,1,1,B03,7,9,1,8,2,5,  ,6,6,1,22,9,B03,24.22642,120.65715,2
2018,9,10,15,23,臺中市,大里區,0,0,,8,,,50,,,,,,,,,,,,,,,,,,,,B03,,,1,,2,,,23,,1,21,,B03,24.101694,120.681823,3
2018,9,10,15,25,臺中市,北區,0,1,0,8,1,5,50,14,8,1,5,4,3,5,4,4,10,4,4,2,17,4,3,10,1,4,C03,7,9,1,10,2,11,  ,4,4,1,21,8,C03,24.1591,120.68,2
2018,9,10,15,37,臺中市,潭子區,0,1,0,8,1,5,50,14,7,1,5,4,5,7,4,4,1,4,4,1,17,26,2,8,1,1,C03,7,7,1,10,2,11,  ,26,26,1,22,9,C03,24.215758,120.704021,2
2018,9,10,15,40,臺中市,東勢區,0,1,0,8,1,5,50,14,9,1,5,4,5,7,4,4,10,5,5,1,17,10,3,10,1,1,C03,7,11,1,10,2,11,  ,10,10,1,21,8,C03,24.26151,120.823813,2
2018,9,10,15,41,臺中市,北屯區,0,0,0,8,,,40,,,,,,,,,,,,,,,12,  ,  ,  ,  ,B12,  ,  ,1,  ,2,  ,  ,12,12,1,  ,  ,B12,24.174986,120.670933,3
2018,9,10,15,46,臺中市,南區,0,0,,8,1,5,40,14,8,1,5,4,5,7,4,4,1,2,4,2,12,,,,,,B12,,,1,,2,,,23,,1,5,,B12,24.126327,120.674816,3
2018,9,10,15,49,臺中市,南屯區,0,0,0,8,1,5,50,,1,1,5,4,5,7,4,1,10,5,5,2,16,6,3,10,1,1,B03,7,5,1,8,2,6,  ,6,6,1,22,8,B03,24.146758,120.649864,3
2018,9,10,15,55,臺中市,南屯區,0,1,0,8,1,5,50,4,1,1,5,4,5,7,1,1,10,5,5,2,16,6,3,10,1,1,B03,7,6,1,8,2,6,  ,6,6,1,19,8,B03,24.14482,120.630799,2
2018,9,10,15,59,臺中市,烏日區,0,0,,8,,,40,,,,,,,,,,,,,,,,,,,,A41,,,1,,2,,,33,,1,21,,A41,24.097143,120.64457,3
2018,9,10,16,4,臺中市,西屯區,0,0,,8,,,40,,,,,,,,,,,,,,,,,,,,B12,,,1,,2,,,12,,1,  ,,B12,24.187981,120.610219,3
2018,9,10,16,10,臺中市,太平區,0,0,,8,,,50,,,,,,,,,,,,,,,,,,,,B12,,,1,,2,,,23,,1,21,,B12,24.13436,120.715971,3
2018,9,10,16,20,臺中市,北屯區,,,,,,,,,,,,,,,,,,,,,,,,,,,B03,,,1,,2,,,12,,1,21,,B03,,,3
2018,9,10,16,20,臺中市,霧峰區,0,0,,8,,,40,,,,,,,,,,,,,,,,,,,,   ,,,7,,11,,,43,,  ,  ,,   ,24.043691,120.688336,3
2018,9,10,16,24,臺中市,豐原區,0,0,,8,,,50,,,,,,,,,,,,,,,,,,,,A05,,,1,,2,,,12,,1,4,,A05,24.249187,120.712854,3
2018,9,10,16,28,臺中市,和平區,0,0,0,8,1,5,25,15,22,1,5,4,1,7,1,4,4,1,5,1,12,23,3,10,3,4,B12,7,9,1,8,2,8,  ,23,23,1,4,8,B12,24.25973,121.166508,3
2018,9,10,16,30,臺中市,大甲區,0,0,,8,,,50,,,,,,,,,,,,,,,,,,,,B03,,,1,,2,,,6,,1,22,,B03,24.344996,120.622848,3
2018,9,10,16,40,臺中市,太平區,0,1,0,8,1,5,50,4,1,1,5,4,5,7,4,4,10,5,5,2,16,7,3,10,1,1,B03,7,8,1,8,2,5,  ,7,7,1,21,8,B03,24.131592,120.717912,2
2018,9,10,16,47,臺中市,烏日區,0,2,0,8,1,5,50,4,9,1,5,4,5,7,4,4,5,5,5,1,15,6,2,9,1,1,B03,7,9,1,8,2,1,  ,6,6,1,22,8,B03,24.111053,120.628664,2
2018,9,10,16,48,臺中市,西屯區,0,0,,8,,,50,,,,,,,,,,,,,,,,,,,,B03,,,1,,2,,,42,,1,22,,B03,24.199622,120.656516,3
2018,9,10,17,5,臺中市,大肚區,0,1,0,8,1,5,40,4,1,1,5,4,5,7,4,4,10,5,5,2,15,6,3,10,1,1,C03,7,9,1,10,2,11,  ,6,6,1,19,8,C03,24.148731,120.54684,2
2018,9,10,17,17,臺中市,大肚區,0,2,0,8,1,5,40,4,1,1,5,4,5,7,4,4,10,5,5,2,17,14,3,10,1,4,C03,7,9,1,10,2,12,  ,14,14,1,18,8,C03,24.163661,120.573811,2
2018,9,10,17,20,臺中市,太平區,,,,8,,,40,,,,,,,,,,,,,,,,,,,,B12,,,1,,2,,,12,,1,21,,B12,24.148665,120.706396,3
2018,9,10,17,24,臺中市,西屯區,0,0,,8,,,1,,,,,,,,,,,,,,,,,,,,B12,,,1,,2,,,12,,1,22,,B12,24.19518,120.644526,3
2018,9,10,17,26,臺中市,北區,0,0,0,8,,,40,,,,,,,,,,,,,,,,3,  ,  ,  ,B03,  ,  ,1,  ,2,  ,  ,23,  ,1,21,  ,B03,24.157525,120.679598,3
2018,9,10,17,35,臺中市,潭子區,0,2,0,8,3,5,60,4,1,1,5,4,5,7,1,1,10,5,5,2,13,23,2,9,1,1,C03,7,9,1,10,2,11,  ,23,23,1,22,8,C03,24.227089,120.707846,2
2018,9,10,17,38,臺中市,太平區,0,0,,8,,,50,,,,,,,,,,,,,,,,,,,,B03,,,1,,2,,,12,,1,21,,B03,24.110009,120.731954,3
2018,9,10,17,40,臺中市,西屯區,0,1,0,8,1,5,50,14,9,1,5,4,5,7,4,4,1,4,5,2,17,7,3,10,1,1,B03,7,7,1,8,2,7,  ,7,7,1,21,8,B03,24.197746,120.651478,2
2018,9,10,17,42,臺中市,北區,0,1,0,8,2,5,50,4,1,1,5,4,3,5,1,1,10,5,5,2,16,6,3,10,1,4,B02,7,6,1,2,2,5,  ,6,6,1,21,8,B02,24.167076,120.677921,2
2018,9,10,17,42,臺中市,南屯區,0,0,0,8,1,5,50,4,1,1,5,4,5,7,1,1,10,5,5,2,12,42,3,10,1,1,B11,7,1,1,7,2,4,  ,42,42,1,22,8,B11,24.144297,120.634231,3
2018,9,10,17,42,臺中市,太平區,0,1,0,8,2,5,50,4,1,1,5,4,5,7,2,1,10,5,5,2,16,23,2,9,1,1,C03,7,9,1,10,2,14,  ,26,23,1,6,8,C03,24.149441,120.710358,2
2018,9,10,17,45,臺中市,西屯區,0,0,,8,,,40,,,,,,,,,,,,,,,,,,,,B03,,,1,,2,,,12,,1,22,,B03,24.191334,120.593494,3
2018,9,10,17,48,臺中市,東區,0,1,0,8,2,5,40,5,1,1,5,4,5,7,1,1,10,5,5,2,29,23,2,9,3,4,C03,7,5,1,10,2,14,  ,23,23,1,5,8,C03,24.144751,120.701164,2
2018,9,10,17,49,臺中市,西屯區,0,0,0,8,,,40,,,,,,,,,,,,,,,23,  ,  ,  ,  ,B03,  ,  ,1,  ,2,  ,  ,44,23,1,  ,  ,B03,24.184915,120.609626,3
2018,9,10,17,50,臺中市,大里區,0,0,,8,,,50,,,,,,,,,,,,,,,,,,,,C03,,,1,,2,,,23,,1,22,,C03,24.107165,120.689591,4
2018,9,10,18,3,臺中市,龍井區,0,1,0,8,1,5,40,4,1,1,5,4,5,7,1,1,10,5,5,2,12,23,3,10,1,1,B03,7,6,1,8,2,2,  ,23,23,1,22,8,B03,24.184438,120.58505,2
2018,9,10,18,5,臺中市,大里區,0,1,0,8,2,5,40,4,1,1,5,4,5,7,4,4,10,5,5,2,15,6,3,10,1,1,C03,7,9,1,10,2,11,  ,6,6,1,18,8,C03,24.083038,120.699115,2
2018,9,10,18,11,臺中市,清水區,0,2,0,8,1,5,50,4,1,1,5,4,5,7,4,4,10,5,5,2,16,25,2,8,1,1,C03,7,9,1,10,2,11,  ,25,25,1,5,1,C03,24.266405,120.574345,2
2018,9,10,18,16,臺中市,西屯區,0,0,,8,,,40,,,,,,,,,,,,,,,,,,,,B01,,,1,,1,,,23,,1,10,,B01,24.181924,120.646311,3
2018,9,10,18,19,臺中市,大雅區,0,0,,8,,,40,,,,,,,,,,,,,,,,,,,,B03,,,1,,2,,,23,,1,22,,B03,24.21578,120.67271,3
2018,9,10,18,20,臺中市,南區,0,0,,8,,,50,,,,,,,,,,,,,,,,,,,,B03,,,1,,2,,,7,,1,9,,B03,24.126635,120.669923,3
2018,9,10,18,27,臺中市,北屯區,0,0,,,,,,,,,,,,,,,,,,,,,,,,,B03,,,1,,2,,,23,,1,18,,B03,24.199433,120.762546,3
2018,9,10,18,30,臺中市,南屯區,,,,8,,,50,,,,,,,,,,,,,,,,,,,,B03,,,1,,2,,,7,,1,22,,B03,24.152844,120.619676,3
2018,9,10,18,31,臺中市,西屯區,0,0,,8,,,40,,,,,,,,,,,,,,,,,,,,B12,,,1,,2,,,16,,1,22,,B12,24.187514,120.6378,3
2018,9,10,18,34,臺中市,南區,0,1,0,8,3,5,50,4,1,1,5,4,5,6,1,1,10,5,4,2,13,16,3,10,1,1,C03,7,9,1,10,2,11,  ,16,16,1,21,8,C03,24.12913,120.657853,2
2018,9,10,18,34,臺中市,南屯區,0,0,,8,,,40,,,,,,,,,,,,,,,,,,,,B03,,,1,,2,,,23,,1,22,,B03,24.152853,120.624188,3
2018,9,10,18,35,臺中市,太平區,0,1,0,8,3,5,50,4,1,1,5,4,5,7,4,4,10,5,5,2,16,10,3,10,1,1,B03,7,11,1,8,2,7,  ,10,10,1,21,8,B03,24.141654,120.732691,2
2018,9,10,18,36,臺中市,梧棲區,0,3,0,8,3,5,40,3,1,1,5,4,5,7,2,1,10,5,5,2,12,26,2,9,1,1,C03,7,8,1,10,2,12,  ,26,26,1,12,8,C03,24.242649,120.556637,2
2018,9,10,18,36,臺中市,東勢區,0,0,,8,,,60,,,,,,,,,,,,,,,,,,,,B03,,,1,,2,,,23,,1,5,,B03,24.245936,120.832565,3
2018,9,10,18,40,臺中市,西屯區,0,0,,8,,,50,,,,,,,,,,,,,,,,,,,,B03,,,1,,2,,,23,,1,21,,B03,24.170373,120.654175,3
2018,9,10,18,44,臺中市,東區,0,0,0,8,3,5,50,14,8,1,5,4,5,7,4,4,5,5,4,2,14,12,3,10,1,1,B03,7,2,1,8,9,3,  ,12,12,1,5,8,B03,24.142441,120.706075,3
2018,9,10,18,45,臺中市,西屯區,0,2,0,8,3,5,50,4,1,1,5,4,5,7,2,1,1,2,1,2,16,23,3,10,3,4,B03,7,9,1,8,2,1,  ,23,23,1,22,8,B03,24.169003,120.639221,2
2018,9,10,18,51,臺中市,潭子區,0,0,,8,3,2,50,10,16,1,4,4,5,7,4,4,10,5,5,2,13,,,,,,B03,,,1,,2,,,23,,1,2,,B03,24.201069,120.700639,3
2018,9,10,18,52,臺中市,西屯區,0,0,,8,,,50,,,,,,,,,,,,,,,,,,,,B03,,,3,,2,,,42,,1,  ,,B03,24.184059,120.627978,3
2018,9,10,18,55,臺中市,西屯區,0,0,,8,,,50,,,,,,,,,,,,,,,,,,,,B03,,,1,,2,,,6,,1,22,,B03,24.17291,120.633399,3
2018,9,10,19,0,臺中市,北屯區,0,1,0,8,3,5,50,14,9,1,5,4,5,7,4,4,5,4,5,2,16,10,3,10,1,1,B03,7,11,1,8,2,1,  ,10,10,1,21,8,B03,24.170836,120.69123,2
2018,9,10,19,22,臺中市,沙鹿區,0,0,,8,,,50,,,,,,,,,,,,,,,,,,,,B03,,,1,,2,,,23,,1,18,,B03,24.238528,120.561101,3
2018,9,10,19,23,臺中市,石岡區,0,0,0,8,,,70,,,,,,,,,,,,,,,23,  ,  ,  ,  ,B03,  ,  ,1,  ,2,  ,  ,23,23,1,9,  ,B03,24.274684,120.773563,3
2018,9,10,19,28,臺中市,北區,0,1,0,7,3,5,50,4,1,1,5,4,5,7,1,1,10,5,5,2,15,25,3,10,1,4,B02,7,9,3,18,3,8,  ,44,25,1,21,8,B02,24.173447,120.6761,2
2018,9,10,19,35,臺中市,清水區,0,0,,8,,,50,,,,,,,,,,,,,,,,,,,,B03,,,1,,2,,,19,,1,20,,B03,24.273016,120.576766,3
2018,9,10,19,36,臺中市,西屯區,0,3,0,8,3,5,50,4,1,1,5,4,5,7,1,1,10,5,5,2,16,6,2,9,3,4,C03,7,5,1,10,2,14,  ,6,6,1,22,9,C03,24.174867,120.646869,2
2018,9,10,19,48,臺中市,北屯區,0,0,0,8,,,50,,,,,,,,,,,,,,,42,3,10,3,4,B03,7,6,1,8,2,5,  ,9,42,1,21,8,B03,24.174176,120.68902,3
2018,9,10,19,54,臺中市,南區,0,2,0,8,3,5,50,3,1,1,5,4,5,7,4,4,10,5,5,2,3,51,2,9,4,5,H01,8,16,8,20,10,16,  ,51,51,1,21,8,H01,24.126034,120.659136,2
2018,9,10,19,57,臺中市,南區,0,1,0,8,2,5,50,4,2,1,5,4,5,7,1,1,5,5,4,2,16,6,3,10,1,1,B03,7,6,1,8,2,2,  ,6,6,1,5,8,B03,24.127921,120.681058,2
2018,9,10,20,30,臺中市,南區,0,0,0,8,,,40,,,,,,,,,,,,,,,12,3,  ,  ,  ,B03,  ,  ,1,8,2,  ,  ,12,12,  ,21,  ,B03,24.126943,120.675538,3
2018,9,10,20,30,臺中市,大里區,0,0,,8,,,50,,,,,,,,,,,,,,,,,,,,B12,,,1,,2,,,4,,1,22,,B12,24.099501,120.6791,3
2018,9,10,20,30,臺中市,大甲區,0,1,0,8,1,5,40,14,9,1,5,4,5,7,4,4,10,5,5,2,17,13,2,9,1,1,C03,7,9,1,10,2,11,  ,13,13,1,4,8,C03,24.355125,120.626988,2
2018,9,10,20,34,臺中市,西區,0,1,0,8,3,5,50,14,8,1,5,4,5,7,4,4,5,4,4,2,3,51,2,9,4,5,H01,8,16,8,20,2,15,  ,51,51,1,20,8,H01,24.14746,120.673746,2
2018,9,10,20,34,臺中市,潭子區,0,1,0,8,3,5,50,3,1,1,5,4,5,7,4,4,10,5,5,2,18,23,2,9,1,1,C03,7,9,1,10,2,14,  ,23,23,1,22,8,C03,24.213775,120.712357,2
2018,9,10,20,43,臺中市,西屯區,0,1,0,8,3,5,40,14,8,1,5,4,5,7,4,4,9,5,4,2,13,23,2,9,3,4,C03,7,9,1,10,2,11,  ,23,23,1,22,8,C03,24.182183,120.643366,2
2018,9,10,20,47,臺中市,南屯區,0,0,0,8,3,5,50,14,8,1,5,4,5,7,4,4,1,2,4,2,17,23,3,10,1,1,B03,7,8,1,8,2,2,  ,23,23,1,22,8,B03,24.151378,120.636995,3
2018,9,10,20,50,臺中市,西區,0,0,,8,3,5,50,14,8,1,5,4,5,7,4,4,5,5,4,2,14,,,,,,B03,,,1,,2,,,26,,1,5,,B03,24.133917,120.670249,3
2018,9,10,21,0,臺中市,西屯區,0,0,,8,,,50,,,,,,,,,,,,,,,,,,,,B01,,,1,,2,,,23,,1,21,,B01,24.170676,120.631324,3
2018,9,10,21,2,臺中市,南屯區,0,0,,8,,,40,,,,,,,,,,,,,,,23,,,,,B03,,,1,,2,,,38,23,1,22,,B03,24.139118,120.609855,3
2018,9,10,21,41,臺中市,西屯區,0,1,0,8,3,5,50,4,1,1,5,4,5,7,2,1,1,4,4,2,16,6,3,10,3,4,B03,7,5,1,8,2,6,  ,6,6,1,21,8,B03,24.170172,120.645754,2
2018,9,10,21,45,臺中市,南區,0,2,0,8,3,5,50,4,1,1,5,4,5,7,1,1,10,5,5,2,17,4,2,9,1,1,C03,7,9,1,10,2,11,  ,4,4,1,21,8,C03,24.128879,120.667198,2
2018,9,10,22,0,臺中市,南屯區,0,0,0,8,,,60,,,,,,,,,,,,,,,,3,  ,  ,  ,B03,  ,  ,1,  ,2,  ,  ,7,  ,1,22,  ,B03,24.128728,120.628474,3
2018,9,10,22,10,臺中市,北屯區,0,0,0,8,,,40,,,,,,,,,,,,,,,43,  ,  ,  ,  ,B03,  ,  ,1,  ,11,  ,  ,43,43,2,21,  ,B03,24.182836,120.664902,3
2018,9,10,22,20,臺中市,大肚區,0,2,0,8,3,5,40,3,2,1,5,4,5,7,4,4,10,5,5,2,16,43,2,8,2,1,C03,7,5,4,8,2,14,  ,43,43,1,9,5,C03,24.113462,120.579554,2
2018,9,10,22,26,臺中市,北屯區,0,1,0,8,3,5,50,14,7,1,5,4,5,7,4,4,5,5,4,2,11,43,3,10,1,1,B03,7,9,1,8,2,4,  ,43,43,1,22,8,B03,24.17213,120.694297,2
2018,9,10,23,3,臺中市,大肚區,0,0,,8,,,50,,,,,,,,,,,,,,,,,,,,C03,,,1,,2,,,23,,1,22,,C03,24.175576,120.575749,3
2018,9,10,23,17,臺中市,北屯區,0,0,,8,,,50,,,,,,,,,,,,,,,,,,,,B03,,,1,,11,,,23,,2,5,,B03,24.185786,120.663756,3
2018,9,10,23,24,臺中市,南區,0,0,,8,,,50,,,,,,,,,,,,,,,,,,,,B12,,,1,,2,,,12,,1,  ,,B12,24.123721,120.65524,3
2018,9,10,23,35,臺中市,南區,0,3,0,8,3,5,50,3,2,1,5,4,5,7,4,4,5,5,5,2,17,1,2,9,1,1,C03,7,4,1,10,7,12,  ,1,1,1,22,8,C03,24.121525,120.664476,2
2018,9,10,23,50,臺中市,南屯區,0,0,,8,,,50,,,,,,,,,,,,,,,,,,,,A12,,,1,,2,,,7,,1,10,,A12,24.150688,120.621749,3
2018,9,11,0,3,臺中市,西屯區,0,2,0,8,3,5,40,4,1,1,5,4,5,7,1,1,10,5,5,2,16,25,2,9,1,1,C03,7,15,1,10,2,12,  ,25,25,1,22,9,C03,24.18251,120.602683,2
2018,9,11,0,8,臺中市,北區,0,0,0,8,,,50,,,,,,,,,,,,,,,23,  ,  ,  ,  ,B02,  ,  ,1,  ,2,  ,  ,23,23,2,  ,  ,B02,24.159913,120.670485,3
2018,9,11,1,24,臺中市,沙鹿區,0,1,0,8,1,5,60,14,7,1,5,4,5,7,4,4,2,4,5,1,29,41,2,9,1,2,B03,7,9,3,18,2,8,  ,41,41,1,21,8,B03,24.250147,120.589935,2
2018,9,11,3,0,臺中市,神岡區,0,0,,8,,,50,,,,,,,,,,,,,,,,,,,,B01,,,1,,2,,,6,,1,10,,B01,24.251405,120.701168,4
2018,9,11,3,10,臺中市,西屯區,0,0,,8,,,50,,,,,,,,,,,,,,,,,,,,B03,,,1,,9,,,25,,1,22,,B03,24.164928,120.639276,3
2018,9,11,4,30,臺中市,西屯區,0,0,,8,,,40,,,,,,,,,,,,,,,,,,,,B03,,,1,,2,,,23,,1,22,,B03,24.162531,120.651323,3
2018,9,11,5,58,臺中市,新社區,0,0,,8,,,50,,,,,,,,,,,,,,,,,,,,A31,,,1,,3,,,6,,1,22,,A31,24.256179,120.806835,3
2018,9,11,7,3,臺中市,南屯區,0,1,0,8,1,5,40,4,2,1,5,4,5,7,1,1,5,4,4,2,18,43,2,9,1,1,C03,7,9,1,10,2,15,  ,43,43,1,22,9,C03,24.14064,120.625934,2
2018,9,11,7,10,臺中市,東勢區,0,1,0,8,1,5,60,14,9,1,5,4,1,7,4,4,5,5,5,1,17,23,2,8,1,1,C03,7,1,1,10,2,11,  ,23,23,1,22,8,C03,24.289338,120.796408,2
2018,9,11,7,13,臺中市,梧棲區,0,0,,8,,,50,,,,,,,,,,,,,,,,,,,,B12,,,1,,2,,,23,,1,20,,B12,24.255259,120.53366,3
2018,9,11,7,15,臺中市,清水區,0,0,0,8,,,50,,,,,,,,,,,,,,,26,  ,  ,  ,  ,B12,  ,  ,1,  ,2,  ,  ,26,26,1,19,  ,B12,24.264006,120.562661,3
2018,9,11,7,17,臺中市,北區,0,1,0,8,1,5,50,14,7,1,5,4,5,7,4,4,5,5,4,2,12,7,2,9,3,4,F01,7,7,8,20,2,16,16,7,7,1,22,7,F01,24.155711,120.667443,2
2018,9,11,7,17,臺中市,北區,0,1,0,8,1,5,50,5,1,1,5,4,5,7,2,1,10,5,5,2,12,1,3,10,1,1,C03,7,4,1,10,2,14,  ,1,1,1,5,8,C03,24.16502,120.685125,2
2018,9,11,7,20,臺中市,南屯區,0,0,,8,,,50,,,,,,,,,,,,,,,,,,,,B03,,,1,,2,,,23,,1,22,,B03,24.152913,120.624214,3
2018,9,11,7,22,臺中市,北區,0,0,0,8,,,50,,,,,,,,,,,,,,,23,  ,  ,  ,  ,B03,  ,  ,1,  ,2,  ,  ,23,23,1,  ,  ,B03,24.166906,120.673337,3
2018,9,11,7,22,臺中市,太平區,0,1,0,8,1,5,50,4,1,1,5,4,5,7,3,1,5,5,5,2,16,6,2,9,1,1,C03,7,5,1,10,2,11,  ,6,6,1,21,8,C03,24.142305,120.719036,2
2018,9,11,7,23,臺中市,西屯區,,,,8,,,50,,,,,,,,,,,,,,,,,,,,B03,,,1,,2,,,26,,1,22,,B03,24.169536,120.608531,3
2018,9,11,7,29,臺中市,大甲區,0,0,0,8,1,5,50,14,9,1,5,4,5,7,1,1,9,4,5,1,13,23,3,10,1,1,B03,7,14,1,8,2,1,  ,23,23,1,21,8,B03,24.380851,120.65178,3
2018,9,11,7,40,臺中市,南屯區,0,1,0,8,1,5,50,14,9,1,5,4,5,7,1,1,10,5,5,2,16,25,3,10,1,1,B03,7,9,1,7,2,4,  ,25,25,1,21,8,B03,24.122768,120.6484,2
2018,9,11,7,40,臺中市,烏日區,0,1,0,8,1,5,50,7,9,1,5,4,5,7,4,4,5,5,5,2,13,16,2,1,1,1,C03,7,9,1,10,2,11,  ,16,16,1,22,8,C03,24.107691,120.625305,2
2018,9,11,7,41,臺中市,潭子區,0,1,0,8,1,5,40,4,1,1,5,4,5,7,4,4,10,5,5,2,16,8,3,10,1,1,B03,7,5,1,8,2,8,  ,8,8,1,22,8,B03,24.204065,120.680351,2
2018,9,11,7,48,臺中市,北區,0,0,0,8,,,50,,,,,,,,,,,,,,,42,  ,  ,  ,  ,C03,  ,  ,1,10,2,  ,  ,42,42,1,  ,  ,C03,24.146328,120.686546,3
2018,9,11,7,52,臺中市,梧棲區,0,0,,8,,,50,,,,,,,,,,,,,,,,,,,,B03,,,1,,2,,,23,,1,2,,B03,24.224667,120.525588,3
2018,9,11,7,53,臺中市,北屯區,0,0,0,8,,,50,,,,,,,,,,,,,,,17,  ,  ,  ,  ,B03,  ,  ,1,  ,2,  ,  ,23,17,1,21,  ,B03,24.173123,120.685475,3
2018,9,11,7,54,臺中市,西區,0,0,0,8,,,40,,,,,,,,,,,,,,,,3,  ,  ,  ,A12,  ,  ,1,  ,2,  ,  ,26,  ,  ,21,  ,A12,24.158203,120.658056,3
2018,9,11,7,54,臺中市,梧棲區,0,0,,8,,,80,,,,,,,,,,,,,,,,,,,,A41,,,1,,2,,,7,,1,10,,A41,24.231742,120.528399,3
2018,9,11,7,55,臺中市,西區,0,0,,8,,,40,,,,,,,,,,,,,,,,,,,,B03,,,1,,2,,,12,,1,22,,B03,24.140125,120.658264,3
2018,9,11,7,55,臺中市,西屯區,0,2,0,8,1,5,40,3,1,1,5,4,5,7,4,4,9,5,5,2,16,19,2,9,1,1,C03,7,1,1,8,2,11,  ,19,19,1,21,8,C03,24.174813,120.651607,2
2018,9,11,7,57,臺中市,清水區,0,1,0,8,1,5,70,4,1,1,5,4,5,7,1,1,1,2,1,1,16,25,3,10,1,1,B02,7,5,1,8,2,5,  ,25,25,1,9,8,B02,24.300848,120.577763,2
2018,9,11,8,2,臺中市,大肚區,0,0,,8,,,60,,,,,,,,,,,,,,,,,,,,B03,,,1,,2,,,8,,1,  ,,B03,24.172389,120.582452,3
2018,9,11,8,5,臺中市,北屯區,0,2,0,8,1,5,40,14,8,1,5,4,5,7,4,4,1,4,4,2,13,16,2,9,1,1,C03,7,9,1,10,2,11,  ,16,16,1,5,8,C03,24.170335,120.68538,2
2018,9,11,8,8,臺中市,西屯區,0,2,0,8,1,5,50,3,1,1,5,4,5,7,1,1,10,5,5,2,16,43,2,9,1,1,C03,7,9,1,10,2,12,  ,43,43,1,21,8,C03,24.163141,120.628757,2
2018,9,11,8,10,臺中市,后里區,0,0,0,8,,,60,,,,,,,,,,,,,,,7,  ,  ,  ,  ,A41,  ,  ,1,  ,2,  ,  ,7,7,1,  ,  ,A41,24.285176,120.722758,3
2018,9,11,8,17,臺中市,西屯區,0,0,,8,,,50,,,,,,,,,,,,,,,,,,,,B03,,,1,,2,,,16,,1,  ,,B03,24.171346,120.636223,3
2018,9,11,8,22,臺中市,西屯區,0,1,0,8,1,5,50,14,7,1,5,4,5,7,4,4,3,4,4,2,16,43,3,10,1,1,B03,7,9,1,8,2,6,  ,43,43,1,4,8,B03,24.183461,120.622039,2
2018,9,11,8,25,臺中市,北區,0,0,0,8,,,50,,,,,,,,,,,,,,,7,3,  ,  ,  ,B03,  ,7,1,  ,2,  ,  ,7,7,  ,5,  ,B03,24.159162,120.684957,3
2018,9,11,8,30,臺中市,南區,0,1,0,8,1,5,40,14,8,1,5,4,5,7,1,1,1,4,4,2,13,16,2,9,1,1,C03,7,9,1,10,9,11,  ,16,16,1,22,8,C03,24.119783,120.666916,2
2018,9,11,8,35,臺中市,大里區,0,1,0,8,1,5,50,3,1,1,5,4,5,7,4,4,10,5,5,2,13,23,3,10,1,1,C03,7,6,1,10,2,11,  ,23,23,1,22,8,C03,24.091185,120.694156,2
2018,9,11,8,36,臺中市,西屯區,0,3,0,8,1,5,50,14,7,1,5,4,5,7,4,4,1,5,4,2,17,23,2,9,3,4,C03,7,9,1,10,2,13,  ,23,23,1,22,8,C03,24.181355,120.626444,2
2018,9,11,8,40,臺中市,西屯區,,,,8,,,30,,,,,,,,,,,,,,,,,,,,B03,,,1,,2,,,16,,1,22,,B03,24.162158,120.649413,3
2018,9,11,8,40,臺中市,梧棲區,0,1,0,8,1,5,50,4,1,1,5,4,5,7,4,4,10,5,5,2,15,6,2,9,1,1,C03,7,9,1,10,2,11,  ,6,6,1,2,1,C03,24.258436,120.558002,2