年,月,日,時,分,縣市,區,死,受傷,2-30,天候,光線,道路類別,速限,道路型態,事故位置,路面鋪裝,路面狀態,路面缺陷,障礙物,視距,號誌種類,號誌動作,分向設施,快車道或一般車道間,快慢車道間,路面邊線,事故類型及型態,主要肇因,受傷程度,主要傷處,保護裝備,行動電話,當事者區分_類別,車輛用途,當事者行動狀態,駕駛資格情形,駕駛執照種類,飲酒情形,車輛撞擊部位最初,車輛撞擊部位其他,肇事因素個別,肇事因素主要,肇事逃逸,職業,旅次目的,車種,GPS座標_緯度,GPS座標_經度,事故類別
2018,9,11,8,40,臺中市,清水區,0,1,0,8,1,5,40,4,2,1,5,4,5,7,1,1,1,4,1,1,18,23,2,9,1,1,C03,7,9,1,10,2,14,  ,23,23,1,21,8,C03,24.300596,120.577556,2
2018,9,11,8,46,臺中市,西區,0,0,0,8,,,50,,,,,,,,,,,,,,,,3,  ,  ,  ,B01,  ,  ,1,  ,2,  ,  ,10,  ,  ,21,  ,B01,24.146696,120.6581,3
2018,9,11,8,46,臺中市,沙鹿區,0,0,,8,,,50,,,,,,,,,,,,,,,,,,,,B03,,,1,,2,,,23,,1,19,,B03,24.215341,120.570731,3
2018,9,11,8,56,臺中市,沙鹿區,0,0,,8,,,50,,,,,,,,,,,,,,,,,,,,B12,,,1,,2,,,23,,1,3,,B12,24.242078,120.614778,3
2018,9,11,9,1,臺中市,北屯區,0,0,,8,,,40,,,,,,,,,,,,,,,,,,,,C03,,,1,,2,,,16,,1,22,,C03,24.182083,120.703128,3
2018,9,11,9,2,臺中市,中區,0,0,,8,,,50,,,,,,,,,,,,,,,,,,,,B12,,,1,,2,,,12,,1,22,,B12,24.140248,120.684666,3
2018,9,11,9,6,臺中市,南屯區,0,0,,8,,,50,,,,,,,,,,,,,,,,,,,,A11,,,1,,2,,,26,,1,10,,A11,24.149603,120.623184,3
2018,9,11,9,7,臺中市,南區,0,0,0,8,,,50,,,,,,,,,,,,,,,23,3,  ,  ,  ,B03,  ,  ,1,8,2,  ,  ,23,23,  ,21,  ,B03,24.129025,120.684293,3
2018,9,11,9,9,臺中市,西屯區,0,1,0,8,1,5,30,14,9,1,5,4,5,7,1,1,9,4,5,2,12,23,2,9,1,1,C03,7,9,1,10,2,14,  ,23,23,1,21,8,C03,24.159501,120.647412,2
2018,9,11,9,10,臺中市,大肚區,0,1,0,8,1,5,50,14,9,1,5,4,5,7,4,4,5,4,5,1,16,19,3,10,1,1,B11,7,1,1,6,2,4,  ,19,19,1,10,8,B11,24.162631,120.543063,2
2018,9,11,9,16,臺中市,西屯區,0,0,,8,,,50,,,,,,,,,,,,,,,,,,,,B12,,,1,,2,,,12,,  ,  ,,B12,24.169971,120.631875,3
2018,9,11,9,18,臺中市,北區,0,1,0,8,1,5,40,4,1,1,5,4,5,7,4,4,10,5,5,2,16,6,2,8,1,1,C03,7,6,1,10,2,11,  ,6,6,1,21,8,C03,24.16166,120.679232,2
2018,9,11,9,20,臺中市,南屯區,0,0,0,8,,,40,,,,,,,,4,,,,,,,18,3,  ,  ,  ,B03,  ,  ,1,  ,2,  ,  ,18,18,1,21,  ,B03,24.14705,120.640836,3
2018,9,11,9,20,臺中市,南屯區,0,0,,8,,,50,,,,,,,,,,,,,,,,,,,,B12,,,1,,2,,,23,,1,22,,B12,24.142236,120.646011,3
2018,9,11,9,20,臺中市,大甲區,0,1,0,8,1,5,50,4,1,1,5,4,5,7,4,4,10,5,5,2,15,6,2,9,1,1,C03,7,9,1,10,2,11,  ,6,6,1,22,8,C03,24.421711,120.632473,2
2018,9,11,9,30,臺中市,北屯區,0,0,0,8,,,50,,,,,,,,,,,,,,,16,  ,  ,  ,  ,B03,  ,  ,1,  ,2,  ,  ,16,16,1,21,  ,B03,24.177488,120.690488,3
2018,9,11,9,31,臺中市,潭子區,0,0,,8,,,60,,,,,,,,,,,,,,,,,,,,B03,,,1,,2,,,7,,1,22,,B03,24.21752,120.705696,3
2018,9,11,9,36,臺中市,太平區,0,2,0,8,1,5,50,4,1,1,5,4,5,7,2,1,10,5,5,2,15,25,2,8,1,1,C03,7,9,4,8,2,11,  ,25,25,1,5,8,C03,24.144443,120.71223,2
2018,9,11,9,36,臺中市,梧棲區,0,0,0,8,,,50,,,,,,,,,,,,,,,42,  ,  ,  ,  ,C03,  ,  ,1,  ,11,  ,  ,42,42,1,2,  ,C03,24.239591,120.551187,3
2018,9,11,9,41,臺中市,西屯區,0,0,,8,,,50,,,,,,,,,,,,,,,,,,,,B03,,,1,,2,,,7,,1,22,,B03,24.163486,120.628921,3
2018,9,11,10,14,臺中市,大雅區,0,0,,8,,,50,,,,,,,,,,,,,,,,,,,,C03,,,1,,2,,,16,,1,  ,,C03,24.219568,120.655973,3
2018,9,11,10,17,臺中市,南屯區,0,0,,8,,,40,,,,,,,,,,,,,,,,,,,,B11,,,1,,2,,,12,,1,9,,B11,24.136384,120.620262,3
2018,9,11,10,26,臺中市,梧棲區,0,2,0,8,1,5,50,4,1,1,5,4,5,7,4,4,10,5,5,2,15,6,2,9,1,1,C03,7,9,1,10,2,11,  ,6,6,1,2,9,C03,24.254652,120.535077,2
2018,9,11,10,31,臺中市,北區,0,0,0,8,,,40,,,,,,,,,,,,,,,4,  ,  ,  ,  ,F01,  ,  ,8,20,2,  ,  ,4,4,1,  ,  ,F01,24.163002,120.68419,3
2018,9,11,10,36,臺中市,西屯區,0,0,,8,,,50,,,,,,,,,,,,,,,,,,,,B03,,,1,,2,,,12,,1,21,,B03,24.170092,120.643045,3
2018,9,11,10,37,臺中市,西屯區,0,0,,8,,,50,,,,,,,,,,,,,,,,,,,,B03,,,1,,2,,,9,,1,  ,,B03,24.157733,120.644654,3
2018,9,11,10,40,臺中市,大雅區,0,0,,8,,,50,,,,,,,,,,,,,,,10,,,,,B03,,,1,,2,,,10,10,1,21,,B03,24.209657,120.644447,3
2018,9,11,10,49,臺中市,太平區,0,2,0,8,1,5,50,4,2,1,5,4,5,7,1,1,5,5,5,2,16,26,2,9,1,1,C03,7,11,1,10,2,14,  ,26,26,1,21,8,C03,24.128787,120.717863,2
2018,9,11,10,56,臺中市,南屯區,0,0,,8,,,40,,,,,,,,,,,,,,,,,,,,B03,,,1,,2,,,23,,1,  ,,B03,24.139906,120.648321,3
2018,9,11,11,4,臺中市,東區,0,0,0,8,1,5,40,14,9,1,5,4,5,7,4,4,5,5,5,2,14,12,3,10,1,1,B03,7,2,1,8,2,6,  ,12,12,1,5,8,B03,24.141818,120.695433,3
2018,9,11,11,10,臺中市,北區,0,1,0,8,1,5,50,14,9,1,5,4,5,7,4,4,5,5,5,2,13,23,2,9,1,1,B03,7,9,1,8,2,1,  ,23,23,1,21,8,B03,24.158237,120.689443,2
2018,9,11,11,19,臺中市,南區,0,1,0,8,1,5,50,4,1,1,5,4,5,7,1,1,10,5,5,2,15,25,3,10,1,1,B03,7,9,1,5,2,1,  ,25,25,1,4,8,B03,24.128532,120.669122,2
2018,9,11,11,25,臺中市,西屯區,0,0,,,,,,,,,,,,,,,,,,,,,,,,,C03,,,1,,2,,,12,,2,  ,,C03,24.17121,120.650133,3
2018,9,11,11,37,臺中市,西屯區,0,0,,8,,,60,,,,,,,,,,,,,,,,,,,,B03,,,1,,2,,,7,,1,4,,B03,24.181159,120.619618,3
2018,9,11,11,40,臺中市,后里區,0,0,,8,,,50,,,,,,,,,,,,,,,,,,,,B03,,,1,,2,,,23,,1,  ,,B03,24.306281,120.715763,3
2018,9,11,11,51,臺中市,西屯區,0,2,0,8,1,5,50,14,7,1,5,4,5,7,4,4,5,4,4,2,17,11,2,9,3,4,C04,7,11,1,11,2,13,14,11,11,1,22,8,C04,24.174975,120.649178,2
2018,9,11,11,52,臺中市,北區,0,1,0,8,1,5,50,4,1,1,5,4,5,7,4,4,10,5,5,2,15,6,3,10,3,4,B03,7,9,1,8,2,5,5,6,6,1,22,9,B03,24.161129,120.683622,2
2018,9,11,11,53,臺中市,沙鹿區,0,0,0,8,,,50,,,,,,,,,,,,,,,23,  ,  ,  ,  ,B03,  ,  ,1,  ,2,  ,  ,23,23,  ,  ,  ,B03,24.208484,120.574553,3
2018,9,11,12,9,臺中市,西屯區,0,1,0,8,1,5,50,3,1,4,5,4,5,7,3,1,10,5,5,2,12,1,2,8,1,1,C03,7,6,1,10,2,12,  ,1,1,1,22,8,C03,24.178821,120.646678,2
2018,9,11,12,10,臺中市,北屯區,0,0,0,8,,,40,,,,,,,,,,,,,,,23,  ,  ,  ,  ,B03,  ,  ,1,  ,2,  ,  ,23,23,1,9,  ,B03,24.177915,120.686013,3
2018,9,11,12,17,臺中市,清水區,0,1,0,8,1,5,40,3,1,1,5,4,5,7,4,4,10,5,5,2,17,6,3,10,1,1,B03,7,5,1,8,2,1,  ,6,6,1,21,5,B03,24.273283,120.535121,2
2018,9,11,12,32,臺中市,北屯區,0,0,,8,,,40,,,,,,,,,,,,,,,,,,,,B12,,,1,,2,,,19,,1,5,,B12,24.170065,120.762544,3
2018,9,11,12,38,臺中市,北區,0,1,0,8,1,5,50,3,1,1,5,4,5,7,4,4,10,5,5,2,16,6,2,7,1,1,C03,7,5,1,10,2,12,  ,6,6,1,21,8,C03,24.15315,120.686641,2
2018,9,11,12,40,臺中市,西屯區,0,0,,8,,,40,,,,,,,,,,,,,,,,,,,,B03,,,1,,2,,,12,,1,21,,B03,24.15719,120.655647,3
2018,9,11,12,46,臺中市,北區,0,1,0,8,1,5,50,4,1,1,5,4,5,7,1,1,10,5,5,2,16,8,3,10,1,1,C03,7,5,1,10,11,13,14,8,8,2,22,9,C03,24.159108,120.670261,2
2018,9,11,12,56,臺中市,北區,0,0,0,8,,,50,,,,,,,,,,,,,,,16,3,  ,  ,  ,C03,  ,  ,1,  ,2,  ,  ,16,16,1,5,  ,C03,24.159254,120.672694,3
2018,9,11,13,4,臺中市,東區,0,0,,8,,,50,,,,,,,,,,,,,,,,,,,,A04,,,1,,2,,,12,,1,10,,A04,24.138317,120.687683,3
2018,9,11,13,5,臺中市,潭子區,0,0,,8,,,40,,,,,,,,,,,,,,,,,,,,A42,,,1,,2,,,19,,1,22,,A42,24.199968,120.707264,3
2018,9,11,13,6,臺中市,潭子區,0,1,0,8,1,5,60,5,1,1,5,4,5,7,1,1,5,5,5,2,12,6,3,10,1,1,B03,7,6,1,8,1,6,  ,6,6,2,5,8,B03,24.2015,120.703513,2
2018,9,11,13,24,臺中市,北區,0,0,0,8,,,50,,,,,,,,,,,,,,,23,  ,  ,  ,  ,A04,  ,  ,1,2,2,  ,  ,23,23,1,  ,  ,A04,24.155039,120.686493,3
2018,9,11,13,30,臺中市,神岡區,0,0,0,8,,,40,,,,,,,,,,,,,,,23,  ,  ,  ,  ,B11,  ,  ,4,  ,2,  ,  ,23,23,1,10,  ,B11,24.246226,120.6863,3
2018,9,11,13,33,臺中市,南屯區,0,0,,8,,,50,,,,,,,,,,,,,,,,,,,,B03,,,1,,2,,,23,,1,22,,B03,24.146755,120.649732,3
2018,9,11,13,35,臺中市,南區,0,1,0,8,1,5,50,4,1,1,5,4,5,7,1,1,10,4,4,2,16,6,3,10,1,1,B03,7,5,1,8,2,1,  ,6,6,1,21,8,B03,24.120168,120.655925,2
2018,9,11,13,41,臺中市,霧峰區,0,1,0,8,1,5,70,4,2,1,5,4,5,7,1,1,1,4,4,1,17,21,2,9,1,1,C03,7,5,6,18,8,12,  ,21,21,1,21,8,C03,24.070371,120.696703,2
2018,9,11,13,45,臺中市,西屯區,0,2,0,8,1,5,50,14,9,1,5,4,5,7,4,4,10,5,5,2,17,10,3,10,1,1,B03,7,11,1,8,2,7,  ,10,10,1,21,8,B03,24.183855,120.602582,2
2018,9,11,13,45,臺中市,沙鹿區,0,0,,8,,,50,,,,,,,,,,,,,,,,,,,,B12,,,1,,2,,,12,,1,5,,B12,24.23091,120.572021,3
2018,9,11,13,54,臺中市,大里區,0,0,,8,,,50,,,,,,,,,,,,,,,,,,,,B03,,,1,,2,,,10,,1,22,,B03,24.090705,120.703272,3
2018,9,11,14,4,臺中市,西區,0,0,,8,,,40,,,,,,,,,,,,,,,,,,,,B03,,,1,,2,,,12,,1,22,,B03,24.154086,120.664001,3
2018,9,11,14,12,臺中市,烏日區,0,0,,8,,,50,,,,,,,,,,,,,,,12,,,,,B03,,,1,,2,,,38,12,1,5,,B03,24.073289,120.642934,3
2018,9,11,14,14,臺中市,梧棲區,0,0,,8,,,40,,,,,,,,,,,,,,,,,,,,B12,,,1,,2,,,16,,1,  ,,B12,24.251376,120.537028,4
2018,9,11,14,15,臺中市,南屯區,0,0,0,8,,,50,,,,,,,,4,,,,,,,23,3,  ,  ,  ,B03,  ,  ,1,  ,2,  ,  ,23,23,1,21,  ,B03,24.145424,120.632704,3
2018,9,11,14,19,臺中市,西屯區,0,1,0,8,1,5,50,4,18,1,5,4,5,7,1,1,10,5,5,2,2,15,3,10,1,1,B03,7,9,1,8,2,8,  ,15,15,1,4,8,B03,24.155276,120.646642,2
2018,9,11,14,20,臺中市,南屯區,0,0,,8,,,50,,,,,,,,,,,,,,,,,,,,B03,,,1,,2,,,23,,1,5,,B03,24.142376,120.637794,3
2018,9,11,14,22,臺中市,北區,0,0,0,8,,,50,,,,,,,,,,,,,,,17,  ,  ,  ,  ,B03,  ,  ,1,  ,9,  ,  ,17,17,1,22,  ,B03,24.158187,120.678754,3
2018,9,11,14,30,臺中市,西區,0,0,0,,,,,,,,,,,,,,,,,,,,3,  ,  ,  ,B03,  ,  ,1,  ,2,  ,  ,12,  ,  ,21,  ,B03,24.153265,120.654803,3
2018,9,11,14,46,臺中市,太平區,0,1,0,8,1,5,50,4,1,1,5,4,5,7,1,1,10,5,5,2,16,6,3,10,1,1,B03,7,5,1,3,2,1,  ,6,6,1,21,8,B03,24.133803,120.722512,2
2018,9,11,14,58,臺中市,外埔區,0,1,0,8,1,5,40,3,1,1,5,4,5,7,4,4,10,5,5,1,17,19,2,8,1,1,C03,7,1,1,10,2,14,  ,19,19,1,21,8,C03,24.325561,120.680141,2
2018,9,11,15,0,臺中市,梧棲區,0,1,0,8,1,5,40,4,1,1,5,4,5,7,2,1,10,5,5,2,16,43,2,9,1,1,C03,7,9,1,10,2,11,  ,23,43,1,21,1,C03,24.229788,120.514382,2
2018,9,11,15,5,臺中市,大里區,0,0,,8,,,50,,,,,,,,,,,,,,,,,,,,B03,,,1,,2,,,23,,1,20,,B03,24.102726,120.675381,4
2018,9,11,15,19,臺中市,北區,0,0,0,8,,,50,,,,,,,,,,,,,,,42,3,  ,  ,  ,B02,  ,  ,1,  ,2,  ,  ,42,42,1,21,  ,B02,24.155767,120.686644,3
2018,9,11,15,19,臺中市,西屯區,0,2,0,8,1,5,50,4,1,1,5,4,5,7,2,1,3,2,1,2,16,25,2,9,3,4,B03,7,5,1,8,2,5,  ,25,25,1,22,8,B03,24.157521,120.641605,2
2018,9,11,15,29,臺中市,北屯區,0,0,,8,,,50,,,,,,,,,,,,,,,,,,,,B03,,,1,,2,,,26,,1,5,,B03,24.17405,120.671456,3
2018,9,11,15,34,臺中市,太平區,0,0,,8,,,40,,,,,,,,,,,,,,,,,,,,B12,,,1,,2,,,12,,1,21,,B12,24.105725,120.734824,3
2018,9,11,15,38,臺中市,北屯區,0,0,,8,,,40,,,,,,,,,,,,,,,,,,,,B03,,,1,,2,,,5,,1,5,,B03,24.20304,120.784151,3
2018,9,11,15,53,臺中市,北區,0,0,0,8,,,40,,,,,,,,,,,,,,,42,  ,  ,  ,  ,B03,  ,  ,1,  ,2,  ,  ,42,42,1,5,  ,B03,24.149533,120.681075,3
2018,9,11,15,58,臺中市,西區,0,1,0,8,1,5,50,14,8,1,5,4,5,7,4,4,5,4,4,2,16,7,3,10,1,1,B03,7,8,1,8,2,2,  ,7,7,1,18,8,B03,24.149427,120.665257,2
2018,9,11,16,0,臺中市,北區,0,1,0,8,1,5,50,14,9,1,5,4,5,7,4,4,5,5,4,2,17,43,3,10,1,1,B03,7,9,1,8,2,8,  ,43,43,1,22,9,B03,24.17341,120.676128,2
2018,9,11,16,12,臺中市,太平區,0,2,0,8,1,5,50,3,2,1,5,4,5,7,4,4,5,5,5,1,16,26,3,10,1,1,B03,7,11,1,8,2,8,  ,26,26,1,21,8,B03,24.159131,120.711443,2
2018,9,11,16,15,臺中市,大雅區,0,1,0,8,1,5,40,5,1,1,5,4,5,7,4,4,10,5,5,2,16,6,3,10,1,1,B12,7,5,1,7,2,8,  ,6,6,1,22,8,B12,24.231197,120.646863,2
2018,9,11,16,17,臺中市,北區,0,2,0,8,1,5,50,3,1,1,5,4,5,7,4,4,10,5,5,2,16,9,2,8,1,1,C03,7,6,1,10,2,12,  ,9,9,1,22,8,C03,24.161151,120.681015,2
2018,9,11,16,20,臺中市,西區,0,0,,8,1,5,50,14,7,1,5,4,5,7,2,1,1,4,4,2,13,,,,,,B03,,,1,,2,,,23,,1,20,,B03,24.150727,120.654312,3
2018,9,11,16,21,臺中市,西屯區,0,2,0,8,1,5,40,14,8,1,5,4,5,7,1,1,3,4,3,2,16,23,2,9,1,1,C03,7,9,1,10,2,12,  ,23,23,1,4,8,C03,24.1566,120.643973,2
2018,9,11,16,30,臺中市,大里區,0,1,0,8,1,5,50,4,1,1,5,4,5,7,1,1,10,5,5,2,16,25,3,10,1,1,B03,7,9,1,8,2,4,  ,25,25,1,22,8,B03,24.114978,120.677838,2
2018,9,11,16,33,臺中市,南區,0,1,0,8,1,5,50,3,1,1,5,4,5,7,4,4,5,5,5,2,17,6,3,10,1,1,C03,7,5,1,10,2,15,  ,6,6,1,19,5,C03,24.113991,120.657366,2
2018,9,11,16,35,臺中市,西屯區,0,0,,8,,,50,,,,,,,,,,,,,,,,,,,,B01,,,1,,2,,,7,,1,22,,B01,24.180808,120.620049,3
2018,9,11,16,39,臺中市,太平區,0,0,,8,,,50,,,,,,,,,,,,,,,,,,,,A12,,,1,,2,,,12,,1,21,,A12,24.13651,120.716733,3
2018,9,11,16,42,臺中市,后里區,0,0,,8,,,50,,,,,,,,,,,,,,,,,,,,B03,,,1,,2,,,23,,  ,22,,B03,24.308833,120.707886,3
2018,9,11,16,54,臺中市,中區,0,1,0,8,1,5,50,4,1,1,5,4,5,7,2,1,10,5,5,2,3,6,3,10,3,4,B03,7,5,1,8,2,1,  ,6,6,1,21,8,B03,24.144042,120.677664,2
2018,9,11,16,59,臺中市,南區,0,1,0,8,1,5,50,4,1,1,5,4,5,7,2,1,10,5,5,2,12,42,3,10,1,1,C03,7,8,1,10,2,12,  ,42,42,1,18,8,C03,24.11918,120.679392,2
2018,9,11,17,0,臺中市,新社區,0,0,,8,,,40,,,,,,,,,,,,,,,,,,,,B03,,,1,,2,,,6,,1,  ,,B03,24.200883,120.803663,3
2018,9,11,17,4,臺中市,太平區,0,0,,8,,,50,,,,,,,,,,,,,,,,,,,,B03,,,1,,2,,,6,,1,4,,B03,24.097165,120.72882,3
2018,9,11,17,8,臺中市,南區,0,0,0,8,,,50,,,,,,,,,,,,,,,26,  ,  ,  ,  ,B12,  ,  ,1,  ,2,  ,  ,26,26,1,10,  ,B12,24.124308,120.679252,3
2018,9,11,17,10,臺中市,沙鹿區,0,1,0,8,1,5,40,14,8,1,5,4,5,7,4,4,1,4,4,2,13,42,3,10,1,1,B03,7,7,1,8,2,6,  ,42,42,1,19,5,B03,24.200847,120.56992,2
2018,9,11,17,10,臺中市,梧棲區,0,2,0,8,1,5,60,14,9,1,5,4,5,7,4,4,1,4,5,1,13,23,2,9,1,1,B03,7,9,1,8,2,8,  ,23,23,1,9,1,B03,24.245659,120.534561,2
2018,9,11,17,14,臺中市,龍井區,,,,8,,,60,,,,,,,,,,,,,,,,,,,,B03,,,1,,2,,,19,,1,22,,B03,24.18428,120.574124,3
2018,9,11,17,15,臺中市,南區,0,0,,8,1,5,50,3,1,1,5,4,5,7,1,1,10,5,5,2,12,,,,,,B03,,,1,,2,,,17,,1,5,,B03,24.119081,120.68418,3
2018,9,11,17,17,臺中市,大雅區,0,1,0,8,1,5,50,3,1,1,5,4,5,7,3,1,10,5,5,1,16,6,3,10,1,1,B11,7,9,1,8,2,6,  ,23,6,1,22,8,B11,24.211657,120.645891,2
2018,9,11,17,20,臺中市,西屯區,0,1,0,8,1,5,50,4,1,1,5,4,5,7,1,1,10,5,5,2,17,6,3,10,1,1,B03,7,5,1,8,2,8,  ,6,6,1,21,8,B03,24.158403,120.651643,2
2018,9,11,17,20,臺中市,太平區,0,0,,8,,,50,,,,,,,,,,,,,,,,,,,,B03,,,1,,2,,,23,,1,  ,,B03,24.159153,120.711358,3
2018,9,11,17,20,臺中市,大雅區,0,2,0,8,1,5,40,14,8,1,5,4,5,7,4,4,9,4,5,1,14,12,3,10,1,1,B03,7,2,1,8,2,7,  ,12,12,1,22,9,B03,24.23684,120.63431,2
2018,9,11,17,24,臺中市,龍井區,0,1,0,8,1,5,50,4,1,1,5,4,5,7,4,4,10,5,5,2,16,6,2,8,1,1,C03,7,6,1,10,2,11,  ,6,6,1,12,8,C03,24.210421,120.524188,2
2018,9,11,17,31,臺中市,太平區,0,2,0,8,1,5,40,4,1,1,5,4,5,7,3,1,10,5,5,2,16,43,2,9,1,1,C03,7,6,1,10,2,11,  ,43,43,1,21,8,C03,24.142227,120.723081,2
2018,9,11,17,31,臺中市,潭子區,0,0,,8,,,40,,,,,,,,,,,,,,,,,,,,C03,,,1,,2,,,16,,1,  ,,C03,24.202528,120.728258,3
2018,9,11,17,49,臺中市,南屯區,0,0,,8,,,50,,,,,,,,,,,,,,,,,,,,B03,,,1,,2,,,16,,1,  ,,B03,24.135733,120.636914,3
2018,9,11,17,52,臺中市,北區,0,1,0,8,2,5,50,3,1,1,5,4,5,7,2,1,10,5,5,2,29,67,  ,  ,  ,  ,   ,  ,  ,  ,  ,  ,  ,  ,67,67,1,  ,  ,   ,24.165378,120.680535,2
2018,9,11,18,0,臺中市,梧棲區,0,3,0,8,1,5,50,4,2,1,5,4,5,7,4,4,10,5,5,2,15,6,2,9,1,1,C03,7,9,1,10,2,14,  ,6,6,1,19,8,C03,24.244472,120.535722,2
2018,9,11,18,0,臺中市,大雅區,0,1,0,8,1,5,40,3,1,1,5,4,5,7,4,4,5,5,5,1,16,6,3,10,1,1,B12,7,5,1,8,2,8,  ,6,6,1,22,8,B12,24.2063,120.638541,2
2018,9,11,18,4,臺中市,后里區,0,1,0,8,3,5,50,4,2,1,5,4,5,7,1,1,1,2,5,1,17,26,3,10,1,1,B03,7,8,1,8,2,6,  ,26,26,1,21,9,B03,24.309318,120.722301,2
2018,9,11,18,5,臺中市,北屯區,0,0,,8,,,50,,,,,,,,,,,,,,,,,,,,B03,,,1,,2,,,16,,1,5,,B03,24.16397,120.693943,3
2018,9,11,18,6,臺中市,太平區,0,0,,8,,,50,,,,,,,,,,,,,,,,,,,,B01,,,1,,2,,,23,,1,10,,B01,24.134133,120.711,3
2018,9,11,18,10,臺中市,霧峰區,0,0,,8,,,40,,,,,,,,,,,,,,,,,,,,C03,,,1,,2,,,6,,1,18,,C03,24.050085,120.68634,3
2018,9,11,18,15,臺中市,烏日區,0,2,0,8,3,5,40,3,9,1,5,4,4,6,4,4,10,5,5,2,16,8,2,9,1,1,C03,7,5,1,10,2,11,  ,8,8,1,22,8,C03,24.108777,120.639387,2
2018,9,11,18,18,臺中市,潭子區,0,0,0,8,1,5,60,14,8,1,4,4,5,7,4,,10,3,4,2,13,16,  ,  ,  ,  ,B03,  ,  ,1,  ,2,  ,  ,16,16,1,22,  ,B03,24.208731,120.686648,3
2018,9,11,18,20,臺中市,大里區,0,0,,8,,,50,,,,,,,,,,,,,,,,,,,,B03,,,1,,2,,,23,,1,22,,B03,24.105896,120.689443,3
2018,9,11,18,25,臺中市,太平區,0,0,0,8,,,40,,,,,,,,,,,,,,,7,  ,  ,  ,  ,B03,  ,  ,1,  ,2,  ,  ,7,7,1,  ,  ,B03,24.134776,120.70987,3
2018,9,11,18,26,臺中市,南屯區,0,0,,8,,,40,,,,,,,,,,,,,,,,,,,,B03,,,1,,2,,,6,,1,22,,B03,24.130993,120.635665,3
2018,9,11,18,27,臺中市,龍井區,0,0,,8,,,50,,,,,,,,,,,,,,,,,,,,B03,,,1,,2,,,23,,1,12,,B03,24.215754,120.52363,3
2018,9,11,18,28,臺中市,北屯區,0,0,0,8,,,50,,,,,,,,,,,,,,,16,  ,  ,  ,  ,B12,  ,  ,1,  ,2,  ,  ,16,16,1,9,  ,B12,24.187351,120.675725,3
2018,9,11,18,28,臺中市,西屯區,0,0,,8,,,40,,,,,,,,,,,,,,,,,,,,B03,,,1,,2,,,16,,1,22,,B03,24.162239,120.630418,3
2018,9,11,18,30,臺中市,西屯區,0,0,,8,,,50,,,,,,,,,,,,,,,,,,,,B03,,,1,,2,,,19,,1,21,,B03,24.162225,120.639093,3
2018,9,11,18,37,臺中市,南區,0,1,0,8,3,5,50,4,1,1,5,4,5,7,4,4,5,5,5,2,16,6,2,9,1,1,C03,5,5,1,10,2,12,  ,6,6,1,5,5,C03,24.115266,120.665705,2
2018,9,11,18,40,臺中市,南區,0,2,0,8,2,5,50,14,7,1,5,4,5,7,4,4,9,5,4,2,13,16,2,9,1,1,C03,7,9,2,18,2,11,  ,16,16,1,16,8,C03,24.113543,120.666572,2
2018,9,11,18,43,臺中市,西區,0,1,0,8,3,5,50,3,1,1,5,4,5,5,4,4,10,5,5,2,16,19,3,10,1,1,B03,7,1,1,8,2,5,  ,19,19,1,21,8,B03,24.150308,120.65677,2
2018,9,11,18,45,臺中市,南屯區,0,1,0,8,3,5,50,4,3,1,5,4,5,7,2,1,10,5,5,2,13,23,3,10,1,1,C03,7,15,1,10,2,14,  ,23,23,1,22,9,C03,24.151388,120.637165,2
2018,9,11,18,45,臺中市,北屯區,0,0,0,8,,,40,,,,,,,,,,,,,,,42,  ,  ,  ,  ,A11,  ,  ,1,  ,2,  ,  ,42,42,1,21,  ,A11,24.184716,120.661989,3
2018,9,11,18,47,臺中市,南區,0,0,,8,,,50,,,,,,,,,,,,,,,,,,,,B03,,,1,,2,,,23,,1,19,,B03,24.133702,120.679863,3
2018,9,11,18,50,臺中市,南區,0,0,,8,,,50,,,,,,,,,,,,,,,,,,,,B12,,,1,,2,,,12,,1,20,,B12,24.115226,120.665053,3
2018,9,11,18,50,臺中市,南屯區,0,0,0,8,,,50,,,,,,,,,,,,,,,,3,  ,  ,  ,B03,  ,  ,1,  ,2,  ,  ,23,  ,1,22,  ,B03,24.153667,120.61684,4
2018,9,11,18,51,臺中市,西屯區,0,0,,8,,,50,,,,,,,,,,,,,,,,,,,,B03,,,1,,2,,,7,,1,22,,B03,24.179641,120.624863,3
2018,9,11,18,56,臺中市,西屯區,0,2,0,8,3,5,50,14,7,1,5,4,5,7,4,4,5,4,5,2,13,6,2,8,1,1,C03,7,9,1,10,2,11,  ,6,6,1,22,8,C03,24.16712,120.662319,2
2018,9,11,18,59,臺中市,南屯區,0,0,,8,,,60,,,,,,,,,,,,,,,,,,,,B03,,,1,,2,,,23,,1,22,,B03,24.153215,120.623581,3
2018,9,11,19,14,臺中市,大雅區,0,0,,8,,,50,,,,,,,,,,,,,,,,,,,,B03,,,1,,2,,,4,,1,22,,B03,24.23977,120.673986,3
2018,9,11,19,15,臺中市,沙鹿區,0,0,,8,,,50,,,,,,,,,,,,,,,,,,,,   ,,,7,,9,,,67,,1,  ,,   ,24.233536,120.558774,3
2018,9,11,19,20,臺中市,龍井區,0,1,0,8,3,5,50,3,2,1,5,4,5,7,4,4,5,4,5,1,11,43,2,9,3,4,C03,7,9,3,18,7,11,  ,43,43,1,12,8,C03,24.2012,120.5565,2