年,月,日,時,分,縣市,區,死,受傷,2-30,天候,光線,道路類別,速限,道路型態,事故位置,路面鋪裝,路面狀態,路面缺陷,障礙物,視距,號誌種類,號誌動作,分向設施,快車道或一般車道間,快慢車道間,路面邊線,事故類型及型態,主要肇因,受傷程度,主要傷處,保護裝備,行動電話,當事者區分_類別,車輛用途,當事者行動狀態,駕駛資格情形,駕駛執照種類,飲酒情形,車輛撞擊部位最初,車輛撞擊部位其他,肇事因素個別,肇事因素主要,肇事逃逸,職業,旅次目的,車種,GPS座標_緯度,GPS座標_經度,事故類別
2018,9,11,19,29,臺中市,西屯區,0,0,,8,,,40,,,,,,,,,,,,,,,,,,,,C03,,,1,,2,,,16,,1,22,,C03,24.169522,120.648077,3
2018,9,11,19,33,臺中市,南區,0,1,0,8,2,5,50,4,1,1,5,4,5,7,2,1,10,5,5,2,15,25,3,10,1,1,B12,7,9,1,8,2,5,  ,25,25,1,5,8,B12,24.120327,120.65564,2
2018,9,11,19,46,臺中市,北區,0,1,0,8,3,5,50,14,7,1,5,4,5,7,4,4,5,5,4,2,18,66,  ,  ,  ,  ,   ,  ,  ,  ,  ,  ,  ,  ,66,66,1,  ,  ,   ,24.158897,120.689167,2
2018,9,11,20,5,臺中市,南屯區,0,0,,8,,,40,,,,,,,,,,,,,,,,,,,,C03,,,1,,2,,,12,,1,22,,C03,24.14855,120.647916,3
2018,9,11,20,10,臺中市,西區,0,0,0,8,3,5,50,4,1,1,5,4,5,7,1,1,10,5,5,2,16,17,3,10,1,1,B03,7,6,1,8,2,2,  ,17,17,2,20,9,B03,24.159859,120.65934,3
2018,9,11,20,15,臺中市,中區,0,0,,8,,,50,,,,,,,,,,,,,,,,,,,,B03,,,1,,2,,,42,,1,22,,B03,24.146379,120.680054,3
2018,9,11,20,24,臺中市,西屯區,0,1,0,8,3,5,40,4,2,1,5,4,5,7,1,1,9,5,4,2,12,23,3,10,3,4,B03,7,9,1,8,2,5,  ,23,23,1,22,8,B03,24.163731,120.634196,2
2018,9,11,20,29,臺中市,北屯區,0,0,,8,,,50,,,,,,,,,,,,,,,44,,,,,B03,,,6,,2,,,14,44,1,4,,B03,24.186219,120.66915,3
2018,9,11,20,37,臺中市,西屯區,0,0,,8,,,50,,,,,,,,,,,,,,,,,,,,B03,,,1,,2,,,26,,1,21,,B03,24.158886,120.642718,3
2018,9,11,20,41,臺中市,南屯區,,,,8,,,50,,,,,,,,,,,,,,,,,,,,B12,,,1,,2,,,16,,1,22,,B12,24.140333,120.643289,3
2018,9,11,20,45,臺中市,西區,0,1,0,8,3,5,50,4,1,1,5,4,5,7,1,1,10,5,5,2,16,6,3,10,1,1,B03,7,6,1,8,2,2,  ,6,6,1,21,5,B03,24.129263,120.666948,2
2018,9,11,20,45,臺中市,北區,,,,8,,,50,,,,,,,,,,,,,,,,,,,,C03,,,1,,2,,,7,,1,22,,C03,24.156388,120.676659,3
2018,9,11,20,49,臺中市,西區,0,1,0,8,3,5,50,4,2,1,5,4,5,7,1,1,5,4,4,2,17,42,3,10,1,1,B03,7,8,1,8,2,15,  ,42,42,1,21,8,B03,24.133984,120.657208,2
2018,9,11,21,7,臺中市,南區,0,1,0,8,3,5,50,4,2,1,5,4,5,7,4,4,3,4,4,2,13,16,2,9,1,1,C03,7,9,1,10,2,11,  ,16,16,1,4,5,C03,24.123898,120.663095,2
2018,9,11,21,19,臺中市,梧棲區,0,0,,8,,,70,,,,,,,,,,,,,,,,,,,,B03,,,1,,2,,,16,,1,3,,B03,24.256932,120.558521,3
2018,9,11,21,21,臺中市,西屯區,0,1,0,8,3,5,50,14,7,1,5,4,5,7,4,4,5,4,4,2,29,42,2,9,1,1,C03,7,9,1,10,2,12,  ,42,42,1,22,8,C03,24.187721,120.610223,2
2018,9,11,21,29,臺中市,南區,0,0,,8,3,5,50,3,1,1,5,4,5,7,4,4,5,5,5,2,17,,,,,,B03,,,1,,2,,,23,,1,5,,B03,24.123979,120.667064,3
2018,9,11,21,42,臺中市,南區,0,1,0,8,3,5,50,14,7,1,5,4,5,7,4,4,9,4,4,2,13,23,3,10,1,1,B03,7,9,1,8,2,1,  ,23,23,1,22,8,B03,24.122886,120.653747,2
2018,9,11,21,50,臺中市,南區,0,0,,8,,,50,,,,,,,,,,,,,,,,,,,,B03,,,1,,2,,,23,,1,22,,B03,24.118483,120.682546,3
2018,9,11,21,53,臺中市,后里區,0,1,0,8,3,5,50,14,8,1,5,4,5,7,4,4,9,5,4,2,17,21,2,9,1,1,B12,7,9,1,8,8,5,  ,21,21,1,21,9,B12,24.302746,120.719003,2
2018,9,11,22,0,臺中市,西屯區,0,0,,8,,,50,,,,,,,,,,,,,,,,,,,,B03,,,1,,2,,,23,,1,22,,B03,24.173705,120.648053,3
2018,9,11,22,5,臺中市,北屯區,0,1,0,8,3,5,50,4,1,1,5,4,5,7,3,1,10,5,5,2,18,43,2,9,1,1,C03,7,9,1,10,2,14,  ,43,43,1,19,8,C03,24.19043,120.689735,2
2018,9,11,22,5,臺中市,北屯區,0,0,,8,,,50,,,,,,,,,,,,,,,,,,,,B03,,,1,,2,,,23,,1,22,,B03,24.182276,120.711867,3
2018,9,11,22,35,臺中市,北區,0,0,0,8,,,50,,,,,,,,,,,,,,,12,  ,  ,  ,  ,A12,  ,  ,1,  ,2,  ,  ,12,12,1,  ,  ,A12,24.150854,120.679579,3
2018,9,11,22,36,臺中市,北屯區,0,3,0,8,3,5,40,5,1,1,5,4,5,7,1,1,10,5,5,2,17,8,2,9,1,1,C03,7,5,3,18,2,13,  ,8,8,1,5,8,C03,24.173273,120.696751,2
2018,9,11,23,18,臺中市,北屯區,0,0,,8,,,50,,,,,,,,,,,,,,,,,,,,B03,,,1,,2,,,12,,1,22,,B03,24.178184,120.666267,3
2018,9,11,23,36,臺中市,西區,0,1,0,8,3,5,50,4,1,1,5,4,5,7,3,1,10,5,5,2,12,23,2,8,1,1,C03,7,9,1,10,2,12,  ,23,23,1,5,5,C03,24.146291,120.670322,2
2018,9,12,1,26,臺中市,烏日區,0,0,,8,,,50,,,,,,,,,,,,,,,,,,,,B03,,,1,,2,,,26,,1,21,,B03,24.108968,120.633056,3
2018,9,12,1,35,臺中市,西屯區,0,1,0,8,3,5,50,4,1,1,5,4,5,7,1,1,5,5,4,2,16,6,3,10,3,4,B03,7,5,1,7,2,1,  ,6,6,1,21,8,B03,24.166043,120.637183,2
2018,9,12,1,37,臺中市,西屯區,0,0,0,8,1,5,70,14,7,1,5,4,5,7,4,4,1,4,1,2,16,7,3,10,1,1,B03,7,7,1,8,7,7,  ,7,7,1,22,9,B03,24.182098,120.596931,3
2018,9,12,2,16,臺中市,西屯區,0,0,,8,,,40,,,,,,,,,,,,,,,,,,,,B03,,,1,,2,,,19,,1,22,,B03,24.164586,120.650855,3
2018,9,12,3,2,臺中市,南區,0,0,0,8,3,5,50,14,8,1,5,4,5,7,4,4,3,4,4,2,17,23,3,10,1,1,B03,7,15,1,8,2,5,  ,23,23,1,21,8,B03,24.13314,120.657167,3
2018,9,12,4,55,臺中市,西屯區,0,1,0,8,3,5,50,3,2,1,5,4,5,7,4,4,5,5,5,2,16,26,3,10,1,1,B03,7,6,1,8,2,1,  ,26,26,1,21,8,B03,24.1703,120.654468,2
2018,9,12,6,33,臺中市,太平區,0,1,0,8,1,5,50,4,1,1,5,4,5,7,1,1,10,5,5,2,3,1,3,10,1,1,B03,7,4,1,8,2,1,  ,1,1,1,4,8,B03,24.153791,120.718356,2
2018,9,12,6,57,臺中市,北屯區,0,0,,8,,,50,,,,,,,,,,,,,,,,,,,,B12,,,1,,2,,,19,,1,22,,B12,24.165519,120.706202,3
2018,9,12,6,58,臺中市,沙鹿區,0,1,0,8,1,5,70,14,7,1,5,4,5,7,4,4,1,4,4,1,16,7,2,9,2,1,B12,7,7,1,8,2,7,  ,7,7,1,21,8,B12,24.249003,120.602654,2
2018,9,12,7,8,臺中市,豐原區,0,1,0,8,1,5,40,3,1,1,5,4,5,7,4,4,10,5,5,1,17,6,2,9,1,1,C03,7,5,1,10,2,11,  ,6,6,1,21,8,C03,24.267648,120.730081,2
2018,9,12,7,10,臺中市,霧峰區,0,0,,8,,,50,,,,,,,,,,,,,,,,,,,,B03,,,1,,2,,,23,,1,4,,B03,24.06112,120.696612,3
2018,9,12,7,10,臺中市,大安區,0,0,0,6,1,6,40,14,9,1,4,4,5,7,4,4,10,5,5,1,11,43,3,10,1,1,B03,7,9,1,8,2,4,  ,43,43,1,3,1,B03,24.356886,120.594034,3
2018,9,12,7,20,臺中市,大甲區,0,1,0,6,1,5,40,5,1,1,4,4,5,7,4,4,10,5,5,2,15,6,3,10,1,1,B03,7,9,1,8,2,6,  ,6,6,1,9,8,B03,24.41333,120.625158,2
2018,9,12,7,22,臺中市,龍井區,0,0,,8,,,50,,,,,,,,,,,,,,,,,,,,B03,,,7,,11,,,43,,1,  ,,B03,24.190758,120.593191,3
2018,9,12,7,22,臺中市,梧棲區,0,1,0,8,1,5,40,14,13,1,5,4,5,7,1,1,2,5,2,1,17,16,2,9,3,4,C03,7,9,1,10,2,14,  ,16,16,1,21,8,C03,24.242613,120.556727,2
2018,9,12,7,22,臺中市,沙鹿區,0,0,,8,,,50,,,,,,,,,,,,,,,,,,,,B03,,,1,,2,,,23,,1,11,,B03,24.204869,120.567341,3
2018,9,12,7,29,臺中市,北屯區,0,0,,8,,,40,,,,,,,,,,,,,,,,,,,,B03,,,1,,2,,,23,,1,21,,B03,24.168208,120.705096,3
2018,9,12,7,30,臺中市,大里區,0,0,,8,,,50,,,,,,,,,,,,,,,,,,,,C03,,,1,,2,,,43,,1,22,,C03,24.08666,120.68896,3
2018,9,12,7,30,臺中市,神岡區,0,0,,8,,,40,,,,,,,,,,,,,,,44,,,,,C03,,,1,,2,,,14,44,1,12,,C03,24.243343,120.691831,3
2018,9,12,7,33,臺中市,南屯區,0,1,0,8,1,5,50,14,9,1,5,4,5,7,4,4,9,5,5,2,13,23,2,7,1,1,C03,7,9,1,10,2,11,  ,23,23,1,22,9,C03,24.141449,120.634245,2
2018,9,12,7,35,臺中市,西屯區,0,0,,8,,,40,,,,,,,,,,,,,,,,,,,,C03,,,1,,9,,,7,,1,  ,,C03,24.18028,120.620644,3
2018,9,12,7,35,臺中市,大雅區,0,1,0,8,1,5,50,4,1,1,5,4,5,7,1,1,9,4,5,1,12,26,2,9,1,1,C03,7,9,1,10,11,14,  ,26,26,2,22,1,C03,24.23489,120.65518,2
2018,9,12,7,37,臺中市,南屯區,0,0,,8,,,50,,,,,,,,,,,,,,,,,,,,B03,,,1,,2,,,6,,1,22,,B03,24.135971,120.636516,3
2018,9,12,7,37,臺中市,西屯區,0,2,0,8,1,5,40,14,9,1,5,4,5,7,2,1,5,5,5,2,17,4,2,9,3,4,C03,7,15,4,8,2,11,  ,4,4,1,22,8,C03,24.16201,120.654825,2
2018,9,12,7,39,臺中市,北區,0,1,0,8,1,5,50,14,8,1,5,4,5,7,4,4,1,4,4,2,17,23,3,10,3,4,B03,7,14,1,8,2,3,3,38,23,1,22,1,B03,24.163982,120.685116,2
2018,9,12,7,40,臺中市,北屯區,0,0,0,8,,,40,,,,,,,,,,,,,,,19,  ,  ,  ,  ,B12,  ,  ,1,  ,2,  ,  ,19,19,1,21,  ,B12,24.170111,120.733892,3
2018,9,12,7,40,臺中市,梧棲區,0,0,,8,,,60,,,,,,,,,,,,,,,,,,,,B03,,,1,,2,,,16,,  ,  ,,B03,24.224657,120.525592,4
2018,9,12,7,45,臺中市,西屯區,0,0,,8,,,50,,,,,,,,,,,,,,,,,,,,B03,,,1,,2,,,16,,1,21,,B03,24.171184,120.630349,3
2018,9,12,7,55,臺中市,北屯區,0,0,0,8,,,50,,,,,,,,,,,,,,,6,  ,  ,  ,  ,B03,  ,  ,1,  ,2,  ,  ,6,6,1,5,  ,B03,24.171461,120.718088,3
2018,9,12,7,59,臺中市,西屯區,0,1,0,8,1,5,40,11,9,1,5,4,5,7,4,4,10,5,5,2,11,17,3,10,1,1,B12,7,5,1,8,2,8,  ,17,17,1,22,8,B12,24.201515,120.648708,2
2018,9,12,8,0,臺中市,大肚區,0,0,,8,,,40,,,,,,,,,,,,,,,,,,,,B03,,,1,,2,,,17,,1,19,,B03,24.159174,120.531771,3
2018,9,12,8,2,臺中市,清水區,0,1,0,7,1,5,70,14,8,1,4,4,5,7,1,1,1,4,4,1,17,10,3,10,1,1,B03,7,11,1,8,2,6,  ,10,10,1,10,8,B03,24.300095,120.594726,2
2018,9,12,8,11,臺中市,北屯區,0,0,0,8,,,50,,,,,,,,,,,,,,,,3,  ,  ,  ,B12,  ,  ,1,  ,2,  ,  ,23,  ,  ,5,  ,B12,24.192904,120.669536,3
2018,9,12,8,13,臺中市,太平區,0,3,0,8,1,5,50,4,1,1,5,4,5,7,4,4,10,5,5,2,15,6,2,9,1,1,C03,7,9,1,10,2,14,  ,6,6,1,21,8,C03,24.156804,120.722292,2
2018,9,12,8,14,臺中市,西屯區,0,0,,8,,,26,,,,,,,,,,,,,,,,,,,,A12,,,1,,2,,,26,,1,4,,A12,24.171029,120.632348,3
2018,9,12,8,18,臺中市,烏日區,0,1,0,8,1,5,50,5,7,1,5,4,5,7,1,1,5,4,4,1,13,23,2,9,1,1,C03,7,9,1,10,2,11,  ,23,23,1,22,8,C03,24.092643,120.653803,2
2018,9,12,8,20,臺中市,南屯區,0,0,0,8,,,50,,,,,,,,1,,,,,,,25,3,  ,  ,  ,B03,  ,  ,1,  ,2,  ,  ,25,25,1,21,  ,B03,24.140302,120.622249,3
2018,9,12,8,20,臺中市,太平區,0,0,,8,,,50,,,,,,,,,,,,,,,,,,,,   ,,,7,,11,,,43,,1,  ,,   ,24.115304,120.718499,3
2018,9,12,8,22,臺中市,南屯區,0,1,0,8,1,5,50,3,1,1,5,4,5,7,4,4,5,5,5,2,12,19,3,10,1,1,B03,7,1,1,8,2,4,  ,19,19,1,22,9,B03,24.12952,120.65117,2
2018,9,12,8,23,臺中市,西屯區,0,0,0,8,,,50,,,,,,,,,,,,,,,43,  ,  ,  ,  ,C03,  ,  ,1,  ,2,  ,  ,43,43,1,22,  ,C03,24.168445,120.646651,3
2018,9,12,8,35,臺中市,西區,0,1,0,8,1,5,50,3,1,1,5,4,5,7,4,4,10,5,5,2,17,23,3,10,1,1,C03,7,4,1,10,2,12,  ,23,23,1,22,9,C03,24.157304,120.657273,2
2018,9,12,8,37,臺中市,大里區,0,0,,8,,,50,,,,,,,,,,,,,,,,,,,,C03,,,1,,2,,,43,,1,22,,C03,24.117675,120.679488,3
2018,9,12,8,42,臺中市,北區,0,0,0,8,,,50,,,,,,,,,,,,,,,23,  ,  ,  ,  ,A41,  ,  ,1,  ,2,  ,  ,23,23,1,10,  ,A41,24.159241,120.694314,3
2018,9,12,8,48,臺中市,沙鹿區,0,0,,8,,,60,,,,,,,,,,,,,,,,,,,,B03,,,1,,1,,,23,,2,6,,B03,24.242708,120.571679,3
2018,9,12,8,54,臺中市,南屯區,0,0,0,8,,,50,,,,,,,,,,,,,,,,  ,  ,  ,  ,C03,  ,  ,1,  ,11,  ,  ,12,  ,1,21,  ,C03,24.140301,120.652648,3
2018,9,12,8,54,臺中市,西屯區,0,1,0,8,1,5,40,3,1,1,5,4,5,7,1,1,10,5,1,2,12,43,3,10,1,1,B03,7,9,1,8,2,2,  ,43,43,1,21,8,B03,24.184885,120.609595,2
2018,9,12,8,54,臺中市,烏日區,0,0,,8,,,40,,,,,,,,,,,,,,,,,,,,B12,,,1,,2,,,6,,1,21,,B12,24.113931,120.584847,3
2018,9,12,9,0,臺中市,烏日區,0,0,,8,,,50,,,,,,,,,,,,,,,,,,,,B03,,,1,,2,,,18,,1,  ,,B03,24.111329,120.649761,3
2018,9,12,9,6,臺中市,南區,0,1,0,8,1,5,50,4,1,1,5,4,5,7,1,1,10,5,5,2,17,42,2,9,1,1,C03,7,14,1,10,2,13,  ,42,42,1,22,8,C03,24.124872,120.664261,2
2018,9,12,9,20,臺中市,沙鹿區,0,2,0,8,1,5,40,3,2,1,5,4,5,7,2,1,1,4,4,1,16,25,2,9,1,1,C03,7,6,3,18,2,13,  ,25,25,1,5,8,C03,24.209516,120.581228,2
2018,9,12,9,56,臺中市,西屯區,0,1,0,8,1,5,40,3,2,1,5,4,5,7,4,4,9,4,4,2,16,6,2,9,1,1,C03,7,5,1,10,2,14,  ,6,6,1,21,8,C03,24.176584,120.664685,2
2018,9,12,10,14,臺中市,西屯區,0,1,0,8,1,5,60,4,1,1,5,4,5,7,1,1,10,5,5,2,16,25,3,10,1,1,B03,7,5,1,8,2,2,  ,25,25,1,4,8,B03,24.182629,120.602782,2
2018,9,12,10,16,臺中市,西屯區,,,,8,,,50,,,,,,,,,,,,,,,,,,,,B03,,,1,,2,,,42,,1,22,,B03,24.201511,120.648675,3
2018,9,12,10,24,臺中市,沙鹿區,0,1,0,8,1,5,40,14,7,1,5,4,5,7,2,1,5,4,4,2,18,43,2,9,1,1,C03,7,15,1,10,2,15,  ,43,43,1,5,9,C03,24.235009,120.558878,2
2018,9,12,10,30,臺中市,北屯區,0,0,0,8,,,50,,,,,,,,,,,,,,,23,  ,  ,  ,  ,B03,  ,  ,1,  ,2,  ,  ,23,23,1,19,  ,B03,24.169918,120.685466,3
2018,9,12,10,44,臺中市,北屯區,0,1,0,8,1,5,40,14,16,1,5,4,5,7,4,4,10,5,5,1,13,23,2,1,1,1,B12,7,9,1,7,2,1,  ,23,23,1,21,8,B12,24.200878,120.666781,2
2018,9,12,10,45,臺中市,北區,0,1,0,8,1,5,50,4,2,1,2,4,5,7,4,4,5,5,5,2,16,6,2,9,1,1,C04,7,6,1,8,2,14,  ,6,6,1,5,8,C04,24.163976,120.682384,2
2018,9,12,10,47,臺中市,西屯區,0,0,,8,,,50,,,,,,,,,,,,,,,,,,,,B11,,,1,,2,,,40,,1,22,,B11,24.172341,120.663526,3
2018,9,12,10,50,臺中市,太平區,0,0,,8,,,40,,,,,,,,,,,,,,,,,,,,B12,,,1,,2,,,12,,1,21,,B12,24.120377,120.709325,3
2018,9,12,10,51,臺中市,龍井區,0,1,0,8,1,5,40,3,1,1,5,4,5,7,4,4,10,5,5,2,16,6,2,9,1,1,C03,7,5,1,10,2,11,  ,6,6,1,12,8,C03,24.196341,120.51295,2
2018,9,12,11,38,臺中市,沙鹿區,0,0,,8,,,40,,,,,,,,,,,,,,,,,,,,B03,,,1,,2,,,42,,1,8,,B03,24.218614,120.577709,3
2018,9,12,11,42,臺中市,中區,0,0,,8,,,50,,,,,,,,,,,,,,,,,,,,B03,,,1,,2,,,7,,1,22,,B03,24.142919,120.679017,3
2018,9,12,11,50,臺中市,龍井區,0,0,,8,,,70,,,,,,,,,,,,,,,,,,,,B03,,,1,,2,,,25,,1,19,,B03,24.19442,120.536513,3
2018,9,12,11,50,臺中市,潭子區,0,0,,8,1,5,60,3,2,1,5,4,5,7,2,1,1,3,4,1,12,,,,,,A11,,,1,,2,,,17,,1,22,,A11,24.217951,120.705816,3
2018,9,12,11,55,臺中市,東勢區,0,0,,8,,,40,,,,,,,,,,,,,,,6,,,,,B03,,,1,,2,,,17,6,1,22,,B03,24.294057,120.807621,3
2018,9,12,11,58,臺中市,西區,0,0,0,8,,,50,,,,,,,,,,,,,,,23,3,  ,  ,  ,B03,  ,  ,1,  ,1,  ,  ,23,23,2,21,  ,B03,24.148779,120.655543,3
2018,9,12,11,58,臺中市,西屯區,0,2,0,8,1,5,40,3,1,1,5,4,5,7,2,1,10,5,5,2,16,7,2,9,1,1,C03,7,8,1,10,2,12,  ,7,7,1,22,8,C03,24.180165,120.621106,2
2018,9,12,12,10,臺中市,南區,0,2,0,8,1,5,50,14,9,1,5,4,5,7,4,4,3,4,5,2,16,19,2,6,1,1,C04,7,1,1,11,2,11,  ,19,19,1,22,9,C04,24.121616,120.649621,2
2018,9,12,12,15,臺中市,太平區,0,0,,8,,,40,,,,,,,,,,,,,,,,,,,,B12,,,1,,2,,,19,,1,  ,,B12,24.149722,120.710833,3
2018,9,12,12,22,臺中市,西區,0,2,0,8,1,5,50,4,1,1,5,4,5,7,2,1,10,5,5,2,17,25,3,10,1,1,B03,7,5,1,8,2,2,  ,25,25,1,5,7,B03,24.133613,120.675468,2
2018,9,12,12,24,臺中市,梧棲區,0,0,,8,,,50,,,,,,,,,,,,,,,,,,,,C03,,,1,,2,,,26,,1,9,,C03,24.245717,120.537649,3
2018,9,12,12,27,臺中市,西屯區,0,1,0,8,1,5,50,14,9,1,5,4,5,7,4,4,3,5,5,2,18,23,2,9,1,1,C03,7,9,1,10,2,12,  ,23,23,1,4,8,C03,24.174773,120.620341,2
2018,9,12,12,27,臺中市,沙鹿區,0,1,0,8,1,5,50,4,1,1,5,4,5,7,4,4,10,5,5,2,15,6,2,7,1,1,C03,7,9,1,10,2,11,  ,6,6,1,21,8,C03,24.250468,120.565163,2
2018,9,12,12,30,臺中市,太平區,0,0,,8,,,50,,,,,,,,,,,,,,,,,,,,B03,,,1,,2,,,23,,1,21,,B03,24.150507,120.733119,3
2018,9,12,12,35,臺中市,西屯區,0,1,0,8,1,5,50,3,2,1,5,4,5,7,4,4,10,5,5,2,12,6,2,9,1,1,C03,7,6,1,10,2,13,  ,6,6,1,21,8,C03,24.180627,120.638121,2
2018,9,12,12,57,臺中市,大雅區,0,0,,8,,,50,,,,,,,,,,,,,,,,,,,,B01,,,1,,2,,,17,,1,  ,,B01,24.226521,120.644797,3
2018,9,12,13,11,臺中市,北區,0,0,0,8,,,50,,,,,,,,,,,,,,,6,3,  ,  ,  ,B03,  ,  ,1,  ,2,  ,  ,6,6,1,5,  ,B03,24.172394,120.675109,3
2018,9,12,13,14,臺中市,沙鹿區,0,0,,8,,,50,,,,,,,,,,,,,,,,,,,,A05,,,1,,2,,,42,,2,10,,A05,24.236856,120.561989,3
2018,9,12,13,16,臺中市,大雅區,0,2,0,8,1,5,40,3,1,1,5,4,5,7,4,4,10,5,5,2,17,6,2,9,1,1,C03,7,9,1,10,11,11,  ,44,6,2,12,9,C03,24.21146,120.66827,2
2018,9,12,13,18,臺中市,北屯區,0,0,,8,,,50,,,,,,,,,,,,,,,,,,,,B03,,,1,,2,,,17,,1,22,,B03,24.186133,120.751275,3
2018,9,12,13,20,臺中市,南區,0,0,,8,,,40,,,,,,,,,,,,,,,,,,,,B12,,,1,,2,,,12,,1,3,,B12,24.124733,120.661513,3
2018,9,12,13,22,臺中市,大雅區,0,1,0,8,1,5,50,5,1,1,5,4,5,7,1,1,10,5,5,2,12,6,3,10,1,1,B03,7,6,1,8,2,2,  ,6,6,1,22,9,B03,24.24126,120.629816,2
2018,9,12,13,25,臺中市,大甲區,0,0,,8,,,60,,,,,,,,,,,,,,,,,,,,B03,,,1,,2,,,26,,1,22,,B03,24.324337,120.607513,3
2018,9,12,13,36,臺中市,西屯區,0,2,0,8,1,5,40,3,1,1,5,4,5,7,1,1,10,5,5,2,16,23,2,7,1,1,C03,7,8,1,10,2,12,  ,23,23,1,4,8,C03,24.175836,120.650713,2
2018,9,12,13,46,臺中市,大雅區,0,0,,8,,,40,,,,,,,,,,,,,,,,,,,,B12,,,1,,2,,,23,,1,  ,,B12,24.224932,120.620012,3
2018,9,12,13,50,臺中市,南屯區,0,1,0,8,1,5,50,3,1,1,5,4,5,7,1,1,10,5,5,2,16,26,2,9,1,1,C03,7,5,1,10,2,13,  ,26,26,1,21,8,C03,24.144389,120.63939,2
2018,9,12,13,54,臺中市,梧棲區,0,1,0,8,1,5,40,14,8,1,5,4,5,7,4,4,1,4,3,1,12,23,3,10,1,1,A04,7,4,1,1,2,2,  ,23,23,1,10,4,A04,24.246181,120.547193,2
2018,9,12,14,20,臺中市,西屯區,0,0,,8,,,40,,,,,,,,,,,,,,,,,,,,B03,,,1,,2,,,42,,1,22,,B03,24.18349,120.614108,3
2018,9,12,14,23,臺中市,南屯區,0,2,0,8,1,5,50,4,1,1,5,4,5,7,4,4,10,5,5,2,15,6,2,9,3,4,C03,7,9,1,10,2,11,  ,6,6,1,22,9,C03,24.146822,120.614253,2
2018,9,12,14,30,臺中市,大甲區,0,0,,8,,,50,,,,,,,,,,,,,,,,,,,,A11,,,1,,2,,,42,,1,10,,A11,24.353846,120.632449,3
2018,9,12,14,31,臺中市,西區,0,1,0,8,1,5,50,4,1,1,5,4,5,7,1,1,10,5,5,2,16,6,2,9,1,1,C03,7,5,1,10,2,12,  ,6,6,1,5,8,C03,24.153626,120.655148,2
2018,9,12,14,37,臺中市,西屯區,0,1,0,8,1,5,50,4,1,1,5,4,5,7,1,1,10,5,5,2,15,25,3,10,1,1,B03,7,9,1,8,2,4,  ,25,25,1,4,8,B03,24.164895,120.639172,2
2018,9,12,14,38,臺中市,太平區,0,1,0,8,1,5,40,14,9,1,5,4,5,7,4,4,5,5,5,1,16,1,2,9,1,1,C03,7,6,1,10,2,14,  ,1,1,1,22,8,C03,24.105,120.768333,2
2018,9,12,14,55,臺中市,南屯區,0,0,,8,,,50,,,,,,,,,,,,,,,,,,,,B03,,,1,,2,,,9,,1,22,,B03,24.149119,120.64059,3
2018,9,12,14,55,臺中市,神岡區,0,1,0,8,1,5,50,14,9,1,5,4,5,7,4,4,9,5,4,2,17,19,2,9,3,4,C03,7,1,3,18,2,14,  ,19,19,1,22,9,C03,24.257418,120.662031,2
2018,9,12,14,56,臺中市,大里區,0,0,,8,,,50,,,,,,,,,,,,,,,,,,,,B03,,,1,,2,,,23,,1,22,,B03,24.091951,120.68934,3
2018,9,12,14,56,臺中市,沙鹿區,0,1,0,8,1,5,50,14,9,1,5,4,5,7,4,4,5,5,5,1,17,23,2,9,1,1,B12,7,9,1,8,2,1,  ,23,23,1,21,8,B12,24.260176,120.597395,2
2018,9,12,15,0,臺中市,北屯區,0,0,,8,,,40,,,,,,,,,,,,,,,,,,,,B03,,,1,,2,,,6,,1,4,,B03,24.171425,120.705953,3
2018,9,12,15,5,臺中市,大雅區,0,0,,8,,,50,,,,,,,,,,,,,,,,,,,,B03,,,1,,2,,,23,,1,22,,B03,24.210581,120.650516,3
2018,9,12,15,11,臺中市,太平區,0,2,0,8,1,5,50,4,1,1,5,4,5,7,1,1,5,5,5,1,12,42,2,9,1,1,C03,7,5,1,10,2,14,  ,42,42,1,20,1,C03,24.121224,120.71992,2
2018,9,12,15,12,臺中市,清水區,0,0,,8,,,50,,,,,,,,,,,,,,,,,,,,B03,,,1,,2,,,6,,1,21,,B03,24.277157,120.563091,3
2018,9,12,15,17,臺中市,西屯區,0,1,0,8,1,5,50,3,18,1,5,4,5,7,1,1,9,5,4,2,3,15,3,10,3,4,B03,7,5,1,8,2,5,  ,15,15,1,22,8,B03,24.164186,120.650695,2
2018,9,12,15,20,臺中市,大甲區,0,0,,8,,,50,,,,,,,,,,,,,,,,,,,,B12,,,1,,2,,,23,,1,21,,B12,24.345575,120.630048,3
2018,9,12,15,25,臺中市,北屯區,0,1,0,7,1,5,40,14,8,1,5,4,5,7,4,4,9,5,4,2,14,12,3,10,1,1,A12,7,2,1,5,2,6,  ,12,12,1,9,4,A12,24.189926,120.66311,2
2018,9,12,15,29,臺中市,北屯區,0,0,,8,,,40,,,,,,,,,,,,,,,,,,,,C03,,,1,,2,,,12,,1,21,,C03,24.174158,120.676275,3
2018,9,12,15,31,臺中市,南屯區,0,0,0,8,,,40,,,,,,,,,,,,,,,,  ,  ,  ,  ,B01,  ,  ,1,  ,2,  ,  ,10,  ,1,10,  ,B01,24.144984,120.64743,3