年,月,日,時,分,縣市,區,死,受傷,2-30,天候,光線,道路類別,速限,道路型態,事故位置,路面鋪裝,路面狀態,路面缺陷,障礙物,視距,號誌種類,號誌動作,分向設施,快車道或一般車道間,快慢車道間,路面邊線,事故類型及型態,主要肇因,受傷程度,主要傷處,保護裝備,行動電話,當事者區分_類別,車輛用途,當事者行動狀態,駕駛資格情形,駕駛執照種類,飲酒情形,車輛撞擊部位最初,車輛撞擊部位其他,肇事因素個別,肇事因素主要,肇事逃逸,職業,旅次目的,車種,GPS座標_緯度,GPS座標_經度,事故類別
2018,9,12,15,37,臺中市,太平區,0,0,,8,,,50,,,,,,,,,,,,,,,,,,,,B03,,,1,,2,,,12,,1,21,,B03,24.150301,120.730687,3
2018,9,12,15,43,臺中市,西區,0,1,0,8,1,5,50,14,7,1,5,4,5,7,4,4,5,4,5,2,17,23,2,9,1,1,C03,7,9,1,10,2,11,  ,23,23,1,5,1,C03,24.140041,120.677351,2
2018,9,12,15,44,臺中市,北區,0,2,0,8,1,5,50,4,1,1,5,4,5,7,1,1,10,5,5,2,16,6,2,9,1,1,C03,7,5,1,10,2,12,  ,6,6,1,21,8,C03,24.16514,120.673953,2
2018,9,12,16,5,臺中市,東勢區,0,1,0,8,1,5,60,3,9,1,5,4,5,7,4,4,5,5,5,1,17,19,3,10,1,1,B03,7,1,1,3,2,1,  ,19,19,1,10,8,B03,24.285197,120.797364,2
2018,9,12,16,10,臺中市,南區,0,0,0,8,1,5,50,4,7,1,5,4,5,7,1,1,10,5,4,2,11,7,3,10,1,1,B03,7,8,1,8,2,2,  ,7,7,1,22,8,B03,24.112769,120.67002,3
2018,9,12,16,11,臺中市,北區,0,1,0,8,1,5,40,14,8,1,5,4,5,7,4,4,1,4,4,2,16,18,3,10,1,1,B12,7,3,1,8,2,8,  ,18,18,1,22,8,B12,24.156957,120.688687,2
2018,9,12,16,19,臺中市,南屯區,0,0,,8,,,50,,,,,,,,,,,,,,,,,,,,B03,,,1,,2,,,23,,1,5,,B03,24.140303,120.649921,3
2018,9,12,16,34,臺中市,西屯區,0,0,,8,,,40,,,,,,,,,,,,,,,,,,,,B03,,,1,,2,,,23,,1,22,,B03,24.158344,120.640493,3
2018,9,12,16,37,臺中市,東區,0,3,0,8,2,5,50,3,1,1,5,4,5,7,1,1,10,5,5,2,16,6,3,10,1,1,B03,7,6,1,8,2,1,  ,6,6,1,22,8,B03,24.13648,120.687976,2
2018,9,12,16,40,臺中市,龍井區,0,1,0,8,1,5,40,4,1,1,5,4,5,7,4,4,10,5,5,2,17,26,2,9,1,4,C03,7,5,1,10,2,12,  ,26,26,1,22,8,C03,24.187315,120.593242,2
2018,9,12,16,40,臺中市,大雅區,0,0,,8,,,40,,,,,,,,,,,,,,,,,,,,B03,,,1,,2,,,12,,1,  ,,B03,24.216871,120.665661,3
2018,9,12,16,53,臺中市,南屯區,0,0,,8,,,50,,,,,,,,,,,,,,,,,,,,B03,,,1,,2,,,23,,1,22,,B03,24.135685,120.653395,3
2018,9,12,16,55,臺中市,西屯區,0,1,0,8,1,5,50,14,7,5,5,4,5,7,4,4,10,5,5,2,12,19,2,9,1,1,C03,7,1,1,10,2,14,  ,19,19,1,21,8,C03,24.186447,120.62173,2
2018,9,12,17,0,臺中市,神岡區,0,1,0,8,2,5,40,11,9,1,5,4,5,7,4,4,10,5,5,1,10,23,2,9,4,5,F03,7,9,8,20,2,16,  ,23,23,1,22,1,F03,24.269613,120.676893,2
2018,9,12,17,10,臺中市,南屯區,0,0,0,8,,,50,,,,,,,,,,,,,,,,3,  ,  ,  ,B03,  ,  ,1,  ,2,  ,  ,23,  ,1,22,  ,B03,24.134868,120.645988,4
2018,9,12,17,15,臺中市,烏日區,0,0,0,8,1,3,10,4,1,1,5,4,5,7,2,1,4,4,4,1,13,23,3,10,1,1,B12,7,9,1,6,2,1,  ,23,23,1,10,3,B12,24.083644,120.643872,3
2018,9,12,17,16,臺中市,太平區,0,0,,8,,,50,,,,,,,,,,,,,,,,,,,,C03,,,1,,2,,,26,,1,9,,C03,24.149937,120.734271,3
2018,9,12,17,17,臺中市,潭子區,0,3,0,8,1,5,50,14,8,1,5,4,5,7,4,4,8,3,4,1,13,44,2,9,1,1,F01,7,9,8,20,2,16,  ,44,44,1,22,1,F01,24.216115,120.682729,2
2018,9,12,17,20,臺中市,烏日區,0,1,0,8,1,5,50,3,1,1,5,4,5,7,4,4,5,4,4,2,16,23,3,10,1,1,C03,7,9,1,10,2,11,  ,23,23,1,21,8,C03,24.109934,120.629468,2
2018,9,12,17,22,臺中市,北區,0,0,0,8,,,50,,,,,,,,,,,,,,,23,  ,  ,  ,  ,C03,  ,  ,1,  ,2,  ,  ,23,23,1,22,  ,C03,24.154727,120.686068,3
2018,9,12,17,24,臺中市,西屯區,0,0,,8,,,40,,,,,,,,,,,,,,,,,,,,B03,,,1,,2,,,16,,1,21,,B03,24.164555,120.6299,3
2018,9,12,17,30,臺中市,大肚區,0,0,,8,,,50,,,,,,,,,,,,,,,,,,,,C03,,,1,,2,,,23,,1,12,,C03,24.132305,120.554387,3
2018,9,12,17,30,臺中市,大雅區,0,1,0,8,1,5,40,14,9,1,5,4,5,7,4,4,3,4,4,1,18,23,4,11,3,4,   ,7,21,7,19,9,15,  ,43,23,2,22,9,   ,24.216496,120.666411,2
2018,9,12,17,35,臺中市,南屯區,0,0,,8,,,40,,,,,,,,,,,,,,,,,,,,B03,,,1,,2,,,23,,1,4,,B03,24.145976,120.63629,3
2018,9,12,17,36,臺中市,南屯區,0,0,,8,,,50,,,,,,,,,,,,,,,16,,,,,B12,,,1,,2,,,16,16,1,5,,B12,24.153106,120.643816,3
2018,9,12,17,37,臺中市,北區,0,0,0,8,,,50,,,,,,,,,,,,,,,17,  ,  ,  ,  ,A04,  ,  ,1,  ,2,  ,  ,17,17,1,  ,  ,A04,24.152221,120.685176,3
2018,9,12,17,40,臺中市,南屯區,0,1,0,8,3,5,50,4,1,1,5,4,1,7,2,1,10,5,5,2,17,43,2,8,1,1,C03,7,9,1,10,2,11,  ,43,43,1,22,9,C03,24.135858,120.646615,2
2018,9,12,17,40,臺中市,大里區,0,0,,8,,,50,,,,,,,,,,,,,,,,,,,,B03,,,1,,2,,,18,,1,12,,B03,24.106098,120.689536,4
2018,9,12,17,40,臺中市,清水區,0,0,,8,,,50,,,,,,,,,,,,,,,,,,,,B12,,,1,,2,,,23,,1,12,,B12,24.267387,120.535614,3
2018,9,12,17,44,臺中市,沙鹿區,0,0,,8,,,50,,,,,,,,,,,,,,,,,,,,B03,,,1,,2,,,23,,1,  ,,B03,24.233093,120.563451,4
2018,9,12,17,45,臺中市,西屯區,0,1,0,8,3,5,50,4,2,1,5,4,5,7,2,1,3,2,5,2,29,43,2,9,3,4,C03,7,9,1,10,2,13,  ,43,43,1,22,8,C03,24.162889,120.649658,2
2018,9,12,17,47,臺中市,太平區,0,1,0,8,1,5,50,14,7,1,5,4,5,7,4,4,5,4,5,1,16,26,3,10,1,1,B12,7,5,1,7,2,1,  ,26,26,1,21,1,B12,24.134305,120.711792,2
2018,9,12,17,53,臺中市,北區,0,1,0,8,1,5,50,4,1,1,5,4,5,7,1,1,10,5,5,2,16,6,3,10,1,1,B01,7,5,1,4,2,5,  ,6,6,1,10,8,B01,24.162821,120.672328,2
2018,9,12,17,53,臺中市,清水區,0,2,0,7,1,5,60,4,1,1,5,4,5,7,1,1,1,4,4,2,17,25,3,10,1,1,B02,7,5,1,15,2,1,  ,25,25,1,21,5,B02,24.296255,120.552693,2
2018,9,12,17,54,臺中市,北區,0,0,,8,,,50,,,,,,,,,,,,,,,,,,,,B03,,,1,,2,,,23,,1,22,,B03,24.155611,120.685718,3
2018,9,12,17,57,臺中市,沙鹿區,0,1,0,8,1,5,70,3,1,1,5,4,5,7,1,1,10,5,5,2,16,9,3,10,1,1,B03,7,6,1,8,2,2,  ,9,9,1,9,5,B03,24.243942,120.615018,2
2018,9,12,18,1,臺中市,大雅區,0,1,0,8,2,5,50,3,1,1,5,4,5,7,4,4,10,5,5,1,16,11,3,10,1,1,C03,7,11,1,10,2,11,  ,11,11,1,22,8,C03,24.229266,120.646954,2
2018,9,12,18,2,臺中市,大雅區,0,1,0,8,2,5,50,4,1,1,5,4,5,7,4,4,10,5,5,2,16,1,2,9,1,1,C03,7,4,1,10,2,14,  ,1,1,1,22,9,C03,24.223411,120.648355,2
2018,9,12,18,3,臺中市,南區,0,0,0,8,3,5,50,3,1,1,5,4,5,7,4,4,5,4,5,2,16,23,3,10,1,1,B03,7,6,1,8,2,2,  ,23,23,1,22,8,B03,24.133361,120.656146,3
2018,9,12,18,4,臺中市,烏日區,0,2,0,8,2,5,50,14,7,1,5,4,5,7,4,4,5,4,5,1,13,23,2,7,1,1,C03,7,9,1,10,2,11,  ,23,23,1,22,8,C03,24.106331,120.624426,2
2018,9,12,18,4,臺中市,梧棲區,0,0,,8,,,50,,,,,,,,,,,,,,,,,,,,B03,,,1,,2,,,12,,1,9,,B03,24.257203,120.531581,3
2018,9,12,18,10,臺中市,南屯區,0,0,,8,,,50,,,,,,,,,,,,,,,,,,,,B03,,,1,,2,,,38,,1,  ,,B03,24.143676,120.612429,3
2018,9,12,18,12,臺中市,大雅區,0,1,0,8,1,5,50,3,2,1,5,4,5,7,2,1,5,5,5,1,12,23,2,9,1,1,C03,7,9,1,10,2,11,  ,23,23,1,22,9,C03,24.222816,120.653621,2
2018,9,12,18,14,臺中市,北屯區,0,0,,8,,,50,,,,,,,,,,,,,,,,,,,,A05,,,1,,2,,,42,,1,5,,A05,24.183973,120.659958,3
2018,9,12,18,23,臺中市,南屯區,0,0,,8,,,40,,,,,,,,,,,,,,,,,,,,B03,,,1,,2,,,17,,1,  ,,B03,24.143695,120.612445,3
2018,9,12,18,27,臺中市,南屯區,0,0,,8,,,40,,,,,,,,,,,,,,,,,,,,B03,,,1,,2,,,23,,1,22,,B03,24.138508,120.611351,3
2018,9,12,18,35,臺中市,太平區,0,1,0,8,2,5,50,3,1,1,5,4,5,7,2,1,10,5,5,2,3,6,3,10,1,1,B03,7,5,1,8,2,8,  ,6,6,1,5,8,B03,24.159166,120.708611,2
2018,9,12,18,40,臺中市,西區,0,0,0,8,3,5,50,4,1,1,5,4,5,7,1,1,10,5,5,2,14,12,3,  ,  ,  ,B03,  ,  ,1,8,2,6,  ,12,12,1,21,8,B03,24.159184,120.660915,3
2018,9,12,18,42,臺中市,西屯區,0,0,,8,,,50,,,,,,,,,,,,,,,,,,,,B03,,,1,,2,,,23,,1,  ,,B03,24.192614,120.606514,3
2018,9,12,18,45,臺中市,北屯區,0,2,0,8,3,5,50,14,9,1,5,4,5,7,4,4,9,5,5,1,13,43,2,9,1,1,C03,7,9,1,10,2,11,  ,43,43,1,20,8,C03,24.177536,120.681629,2
2018,9,12,18,46,臺中市,西屯區,0,0,,8,,,50,,,,,,,,,,,,,,,,,,,,B03,,,1,,2,,,16,,1,21,,B03,24.174164,120.647837,3
2018,9,12,18,48,臺中市,北區,0,1,0,8,3,5,50,4,1,1,5,4,5,7,4,4,10,5,5,2,15,6,3,10,1,1,B03,7,9,1,8,2,1,  ,6,6,1,22,8,B03,24.157873,120.677958,2
2018,9,12,18,54,臺中市,北區,0,1,0,8,1,5,50,4,1,1,5,4,5,7,2,1,10,5,5,2,16,6,2,7,1,1,C03,7,5,1,10,2,14,  ,6,6,1,21,8,C03,24.152816,120.68527,2
2018,9,12,19,0,臺中市,龍井區,0,1,0,8,1,5,40,3,2,1,5,4,5,7,4,4,10,5,5,2,11,5,3,10,1,4,B03,7,9,1,8,2,8,  ,5,5,1,4,8,B03,24.183247,120.578224,2
2018,9,12,19,9,臺中市,西區,0,0,,8,,,50,,,,,,,,,,,,,,,7,,,,,B03,,,1,,2,,,23,7,1,  ,,B03,24.146912,120.671203,3
2018,9,12,19,10,臺中市,南屯區,0,0,0,8,3,5,50,14,7,1,5,4,5,7,4,4,9,5,4,2,13,23,3,10,1,1,B03,7,1,1,8,2,1,1,23,23,1,5,5,B03,24.151812,120.610366,3
2018,9,12,19,13,臺中市,龍井區,0,1,0,8,3,5,50,14,8,1,5,4,5,7,4,4,1,4,4,2,12,23,2,9,1,1,C03,7,9,1,10,2,12,  ,23,23,1,3,8,C03,24.196278,120.523433,2
2018,9,12,19,23,臺中市,西區,0,2,0,8,3,5,50,11,9,1,5,4,5,7,4,4,1,4,5,2,17,19,2,8,1,1,B03,7,1,1,8,2,3,  ,19,19,1,21,8,B03,24.143174,120.665318,2
2018,9,12,19,32,臺中市,大雅區,0,0,,8,,,40,,,,,,,,,,,,,,,,,,,,B03,,,2,,2,,,4,,1,  ,,B03,24.222021,120.645382,3
2018,9,12,19,38,臺中市,東勢區,0,0,,8,,,50,,,,,,,,,,,,,,,67,,,,,B03,,,1,,2,,,38,67,1,22,,B03,24.249097,120.83116,3
2018,9,12,19,47,臺中市,梧棲區,0,0,,8,,,40,,,,,,,,,,,,,,,,,,,,B12,,,1,,2,,,42,,1,4,,B12,24.260917,120.536917,3
2018,9,12,19,53,臺中市,北區,0,0,0,8,,,50,,,,,,,,,,,,,,,7,  ,  ,  ,  ,B03,  ,  ,1,  ,2,  ,  ,7,7,1,22,  ,B03,24.159197,120.676498,3
2018,9,12,19,55,臺中市,太平區,0,1,0,8,2,5,50,4,1,1,5,4,5,7,4,4,10,5,5,2,15,6,2,9,1,1,C03,7,9,1,10,2,11,  ,6,6,1,9,1,C03,24.139809,120.711783,2
2018,9,12,19,55,臺中市,烏日區,0,1,0,8,1,5,40,14,11,1,5,4,5,7,4,4,1,5,4,1,13,23,3,10,4,5,H01,8,16,8,20,10,16,  ,60,23,1,21,8,H01,24.107799,120.582477,2
2018,9,12,19,57,臺中市,大里區,0,0,,8,,,50,,,,,,,,,,,,,,,,,,,,B03,,,1,,2,,,6,,1,18,,B03,24.105882,120.683823,3
2018,9,12,20,1,臺中市,南區,0,0,0,8,,,50,,,,,,,,,,,,,,,23,  ,  ,  ,  ,C03,  ,  ,1,  ,2,  ,  ,23,23,1,18,  ,C03,24.119152,120.666797,3
2018,9,12,20,13,臺中市,南屯區,0,1,0,8,1,5,50,14,9,1,4,3,5,7,4,4,10,5,5,2,18,23,2,9,1,1,C03,7,9,1,10,2,11,  ,23,23,1,21,8,C03,24.139868,120.601431,2
2018,9,12,20,21,臺中市,沙鹿區,0,4,0,8,3,5,50,3,1,1,5,4,5,7,4,4,10,5,5,2,13,42,2,8,1,1,C03,7,9,1,10,2,11,  ,42,42,1,19,8,C03,24.219842,120.579246,2
2018,9,12,20,30,臺中市,南屯區,0,0,0,8,,,50,,,,,,,,,,,,,,,,3,  ,  ,  ,B03,  ,  ,1,  ,2,  ,  ,23,  ,1,22,  ,B03,24.155543,120.65074,3
2018,9,12,20,30,臺中市,和平區,0,0,0,8,4,2,50,11,9,1,5,4,5,1,4,4,10,5,5,1,20,13,3,10,1,1,B12,7,6,1,4,2,1,  ,13,13,1,4,4,B12,24.21324,121.19414,3
2018,9,12,20,32,臺中市,北區,0,1,0,8,3,5,50,14,8,1,5,4,5,7,4,4,1,4,4,2,14,12,3,10,1,1,B03,7,2,1,8,2,7,  ,12,12,1,22,8,B03,24.168746,120.673183,2
2018,9,12,20,32,臺中市,沙鹿區,0,0,,8,,,50,,,,,,,,,,,,,,,,,,,,B12,,,1,,2,,,12,,1,9,,B12,24.226999,120.566765,4
2018,9,12,20,37,臺中市,太平區,0,0,0,8,,,50,,,,,,,,,,,,,,,10,  ,  ,  ,  ,B12,  ,  ,1,  ,2,  ,  ,10,10,1,  ,  ,B12,24.157361,120.71256,3
2018,9,12,20,41,臺中市,西屯區,0,0,,8,,,50,,,,,,,,,,,,,,,,,,,,B03,,,1,,2,,,23,,1,22,,B03,24.161028,120.60691,3
2018,9,12,20,43,臺中市,龍井區,0,0,,8,,,40,,,,,,,,,,,,,,,23,,,,,B12,,,1,,2,,,6,23,1,19,,B12,24.215731,120.526238,3
2018,9,12,20,44,臺中市,南屯區,0,0,,,,,,,,,,,,,,,,,,,,,,,,,B03,,,1,,2,,,12,,1,  ,,B03,24.138495,120.611716,3
2018,9,12,20,45,臺中市,南屯區,0,0,0,8,,,50,,,,,,,,,,,,,,,7,  ,  ,  ,  ,B03,  ,  ,1,  ,2,  ,  ,7,7,1,5,  ,B03,24.124128,120.647579,3
2018,9,12,20,55,臺中市,霧峰區,0,1,0,8,3,5,40,15,9,1,5,4,5,7,4,4,9,4,4,2,16,10,3,10,3,4,C03,7,11,1,10,2,14,  ,10,10,1,18,8,C03,24.04474,120.688207,2
2018,9,12,21,0,臺中市,潭子區,0,1,0,8,3,5,50,14,9,1,5,4,1,7,1,1,8,4,5,1,15,25,3,10,1,1,B03,7,1,1,8,2,15,  ,25,25,1,22,1,B03,24.197425,120.718147,2
2018,9,12,21,10,臺中市,南屯區,0,0,0,8,3,5,50,14,9,1,5,4,5,7,4,4,5,4,5,2,17,23,3,10,1,1,B03,7,9,1,8,2,2,2,23,23,1,5,3,B03,24.146723,120.634016,3
2018,9,12,21,16,臺中市,龍井區,0,2,0,8,3,5,50,14,9,1,5,4,5,7,4,4,5,4,5,1,17,16,2,9,1,1,C03,7,9,1,10,2,11,  ,16,16,1,22,8,C03,24.177655,120.580686,2
2018,9,12,21,17,臺中市,北屯區,0,0,,8,,,50,,,,,,,,,,,,,,,,,,,,F03,,,8,,2,,,6,,1,16,,F03,24.165286,120.695462,3
2018,9,12,21,25,臺中市,西屯區,0,1,0,8,3,5,50,4,2,1,5,4,5,7,4,4,10,5,5,2,17,42,2,9,1,1,C03,7,6,1,10,2,14,  ,42,42,1,21,8,C03,24.170964,120.641401,2
2018,9,12,21,27,臺中市,北區,0,2,0,8,3,5,50,4,1,1,5,4,5,7,1,1,10,5,5,2,16,4,2,7,1,1,C03,7,5,1,10,2,11,  ,4,4,1,21,8,C03,24.149216,120.680836,2
2018,9,12,21,36,臺中市,清水區,0,0,,8,,,50,,,,,,,,,,,,,,,,,,,,B03,,,1,,2,,,43,,1,12,,B03,24.272655,120.575763,3
2018,9,12,21,40,臺中市,中區,0,1,0,8,3,5,50,14,7,1,5,4,5,7,4,4,5,5,4,2,12,42,2,8,1,1,C03,7,9,1,10,2,14,  ,42,42,1,5,5,C03,24.145383,120.676927,2
2018,9,12,21,43,臺中市,西區,0,1,0,8,3,5,50,5,1,1,5,4,5,7,1,1,10,5,5,2,17,43,3,10,1,1,B03,7,5,1,8,2,5,  ,43,43,1,5,5,B03,24.144678,120.669026,2
2018,9,12,22,37,臺中市,西屯區,0,1,0,8,3,5,40,3,1,1,5,4,5,7,4,4,10,5,5,2,16,26,3,10,1,1,C03,7,5,1,10,2,13,  ,26,26,1,22,9,C03,24.181366,120.637123,2
2018,9,12,22,47,臺中市,北屯區,0,0,,8,,,50,,,,,,,,,,,,,,,,,,,,B03,,,1,,2,,,23,,1,22,,B03,24.193664,120.660899,3
2018,9,12,23,12,臺中市,沙鹿區,0,2,0,8,3,5,50,3,1,1,5,4,5,7,3,1,10,5,5,2,16,10,2,9,1,1,C03,7,11,1,10,2,11,  ,10,10,1,18,8,C03,24.21975,120.569606,2
2018,9,12,23,33,臺中市,北區,0,1,0,8,3,5,50,4,1,1,5,4,5,7,3,1,5,4,4,2,16,6,2,9,1,1,C03,7,9,1,10,2,12,  ,6,6,1,21,8,C03,24.154586,120.682072,2
2018,9,13,0,4,臺中市,西屯區,0,2,0,8,3,5,50,4,1,1,5,4,5,7,1,1,10,5,5,2,16,25,2,9,1,1,C03,7,9,1,10,2,11,  ,25,25,1,22,8,C03,24.169911,120.662158,2
2018,9,13,0,25,臺中市,北屯區,0,0,0,8,,,80,,,,,,,,,,,,,,,43,  ,  ,  ,  ,B03,  ,  ,8,  ,10,  ,  ,43,43,  ,19,  ,B03,24.201291,120.664866,3
2018,9,13,1,3,臺中市,南屯區,0,1,0,7,3,5,50,11,7,1,5,3,5,7,4,4,5,4,4,2,18,42,2,9,1,4,C03,7,9,1,10,2,12,  ,42,42,1,22,8,C03,24.12214,120.620408,2
2018,9,13,6,9,臺中市,西屯區,0,1,0,8,1,5,40,14,9,1,5,4,5,7,4,4,10,5,5,2,10,23,3,10,1,1,B03,7,9,1,8,2,8,  ,23,23,1,22,8,B03,24.19363,120.59522,2
2018,9,13,6,51,臺中市,南區,0,1,0,8,1,5,50,14,7,1,5,4,5,7,4,4,9,5,4,2,16,26,3,10,1,1,B01,7,11,1,4,2,8,  ,26,26,1,10,8,B01,24.114062,120.666255,2
2018,9,13,7,5,臺中市,北屯區,0,0,,8,,,50,,,,,,,,,,,,,,,,,,,,B03,,,1,,2,,,6,,1,21,,B03,24.16272,120.693071,3
2018,9,13,7,6,臺中市,梧棲區,0,1,0,8,1,5,60,14,8,1,5,4,3,7,4,4,1,2,5,1,16,9,3,10,1,1,B12,7,13,1,8,1,8,  ,38,9,1,9,8,B12,24.251786,120.536565,2
2018,9,13,7,15,臺中市,西屯區,0,0,,8,,,50,,,,,,,,,,,,,,,,,,,,C03,,,1,,1,,,2,,1,21,,C03,24.200803,120.657883,3
2018,9,13,7,15,臺中市,龍井區,0,1,0,8,1,5,50,14,9,1,5,4,5,7,4,4,9,5,5,1,12,17,2,8,1,1,C03,7,9,1,10,2,14,  ,17,17,1,21,8,C03,24.19082,120.592521,2
2018,9,13,7,15,臺中市,梧棲區,0,0,,8,,,40,,,,,,,,,,,,,,,,,,,,C03,,,1,,2,,,1,,1,9,,C03,24.232521,120.546675,3
2018,9,13,7,19,臺中市,龍井區,0,0,,8,,,40,,,,,,,,,,,,,,,,,,,,B12,,,1,,2,,,12,,1,  ,,B12,24.181644,120.582827,3
2018,9,13,7,20,臺中市,潭子區,0,1,0,8,1,5,50,3,1,1,5,4,5,7,3,1,1,4,4,1,11,6,3,10,1,1,B03,7,5,1,8,2,2,  ,6,6,1,22,9,B03,24.214777,120.678339,2
2018,9,13,7,21,臺中市,西屯區,0,2,0,8,1,5,50,4,1,1,5,4,5,7,2,1,10,5,5,2,16,8,2,9,1,1,C03,7,5,1,10,2,12,  ,8,8,1,5,9,C03,24.193558,120.649018,2
2018,9,13,7,21,臺中市,西屯區,0,1,0,8,1,5,50,14,9,1,5,4,5,7,1,1,1,5,5,2,13,23,3,10,1,1,B03,7,9,1,8,2,5,  ,23,23,1,4,8,B03,24.157296,120.646686,2
2018,9,13,7,22,臺中市,太平區,0,1,0,8,1,5,50,14,9,1,5,4,5,7,4,4,5,5,5,2,16,19,2,9,1,1,C03,7,1,1,10,2,12,  ,19,19,1,19,5,C03,24.146422,120.717105,2
2018,9,13,7,27,臺中市,東勢區,0,0,,8,,,50,,,,,,,,,,,,,,,,,,,,B03,,,1,,2,,,16,,1,22,,B03,24.286751,120.7826,3
2018,9,13,7,29,臺中市,北屯區,0,0,,8,,,50,,,,,,,,,,,,,,,,,,,,B01,,,1,,2,,,42,,1,10,,B01,24.171575,120.730488,3
2018,9,13,7,30,臺中市,大雅區,0,2,0,8,1,5,40,14,9,1,5,4,5,7,4,4,10,5,5,1,13,16,2,8,1,1,C03,7,9,3,18,2,11,  ,16,16,1,22,8,C03,24.217582,120.653577,2
2018,9,13,7,32,臺中市,北屯區,0,0,0,8,,,40,,,,,,,,,,,,,,,13,  ,  ,  ,  ,C03,  ,  ,1,  ,2,  ,  ,13,13,1,22,  ,C03,24.186288,120.75191,3
2018,9,13,7,33,臺中市,梧棲區,0,1,0,8,1,5,50,4,1,1,5,4,5,7,1,1,10,5,5,2,16,23,3,10,1,1,B12,7,5,1,8,2,8,  ,44,23,1,3,1,B12,24.251756,120.536866,2
2018,9,13,7,36,臺中市,梧棲區,0,0,,8,,,40,,,,,,,,,,,,,,,,,,,,C03,,,1,,2,,,16,,1,18,,C03,24.227151,120.545453,4
2018,9,13,7,38,臺中市,沙鹿區,0,0,0,8,,,50,,,,,,,,,,,,,,,23,  ,  ,  ,  ,B03,  ,  ,1,  ,2,  ,  ,23,23,1,21,  ,B03,24.209657,120.580998,3
2018,9,13,7,40,臺中市,西屯區,0,1,0,8,1,5,50,4,1,1,5,4,5,7,2,1,10,5,5,2,12,4,3,10,1,1,C03,7,15,1,10,2,12,  ,4,4,1,21,8,C03,24.172465,120.645513,2
2018,9,13,7,43,臺中市,神岡區,0,1,0,8,1,5,50,3,2,1,5,4,5,7,4,4,5,5,5,2,11,26,3,10,1,1,B03,7,9,1,8,2,8,  ,26,26,1,5,1,B03,24.272488,120.657848,2
2018,9,13,7,45,臺中市,北區,0,0,0,8,,,50,,,,,,,,,,,,,,,,3,  ,  ,  ,A41,  ,  ,1,  ,2,  ,  ,42,  ,1,10,  ,A41,24.166983,120.673263,3
2018,9,13,7,50,臺中市,太平區,0,0,0,8,,,50,,,,,,,,,,,,,,,23,  ,  ,  ,  ,C03,  ,  ,1,  ,2,  ,  ,23,23,1,4,  ,C03,24.157622,120.712236,3
2018,9,13,7,54,臺中市,烏日區,0,1,0,8,1,5,50,4,2,1,5,4,5,7,4,4,5,3,5,1,13,16,3,10,1,1,C03,7,9,1,10,2,11,  ,16,16,1,18,8,C03,24.115766,120.608698,2
2018,9,13,7,58,臺中市,西區,0,1,0,8,1,5,50,14,9,1,5,4,5,7,1,1,5,5,5,2,18,23,2,9,1,1,C03,7,9,1,10,2,11,  ,23,23,1,5,5,C03,24.136319,120.678594,2
2018,9,13,8,0,臺中市,大里區,0,0,,8,,,50,,,,,,,,,,,,,,,,,,,,B12,,,1,,2,,,16,,1,22,,B12,24.083395,120.663498,3
2018,9,13,8,4,臺中市,南區,0,0,,8,,,40,,,,,,,,,,,,,,,,,,,,B03,,,1,,2,,,19,,1,5,,B03,24.123938,120.661697,3
2018,9,13,8,14,臺中市,西屯區,0,1,0,8,1,5,80,14,9,1,5,4,5,7,4,4,1,4,5,2,13,23,3,10,3,4,B03,7,9,1,8,2,1,  ,23,23,1,22,8,B03,24.15609,120.625466,2
2018,9,13,8,15,臺中市,南屯區,0,0,,8,,,30,,,,,,,,,,,,,,,,,,,,B03,,,3,,2,,,7,,1,  ,,B03,24.134556,120.646501,3
2018,9,13,8,20,臺中市,烏日區,0,1,0,8,1,5,30,14,9,1,5,4,5,7,4,4,10,5,5,2,11,23,2,8,1,1,C03,7,9,1,10,2,14,  ,23,23,1,21,8,C03,24.117608,120.60593,2
2018,9,13,8,29,臺中市,太平區,0,1,0,8,1,5,50,3,1,1,5,4,5,7,4,4,10,5,5,2,16,43,2,9,1,1,C03,7,9,1,10,2,11,  ,43,43,1,4,1,C03,24.150623,120.716474,2
2018,9,13,8,30,臺中市,南屯區,0,1,0,8,1,5,50,4,1,1,5,4,5,7,1,1,4,4,4,2,11,21,3,10,1,1,B03,7,5,1,8,5,8,  ,21,21,1,22,9,B03,24.153665,120.64072,2
2018,9,13,8,30,臺中市,西屯區,0,0,,8,,,40,,,,,,,,,,,,,,,,,,,,B03,,,1,,2,,,12,,1,21,,B03,24.18371,120.619402,3
2018,9,13,8,36,臺中市,龍井區,0,0,,8,,,50,,,,,,,,,,,,,,,,,,,,B12,,,1,,2,,,12,,1,10,,B12,24.196188,120.544969,3
2018,9,13,8,45,臺中市,南區,0,2,0,8,1,5,50,4,1,1,5,4,5,7,1,2,10,5,5,2,15,25,2,3,1,1,C03,7,9,1,10,2,14,  ,25,25,1,21,8,C03,24.115672,120.661758,2
2018,9,13,8,45,臺中市,太平區,0,0,,8,,,50,,,,,,,,,,,,,,,,,,,,B03,,,1,,2,,,23,,1,  ,,B03,24.149166,120.715,3
2018,9,13,8,47,臺中市,北區,0,1,0,8,1,5,50,14,9,1,5,4,5,7,1,1,9,5,5,2,12,19,2,9,1,1,C03,7,1,1,10,2,14,  ,19,19,1,22,9,C03,24.161609,120.680977,2