年,月,日,時,分,縣市,區,死,受傷,2-30,天候,光線,道路類別,速限,道路型態,事故位置,路面鋪裝,路面狀態,路面缺陷,障礙物,視距,號誌種類,號誌動作,分向設施,快車道或一般車道間,快慢車道間,路面邊線,事故類型及型態,主要肇因,受傷程度,主要傷處,保護裝備,行動電話,當事者區分_類別,車輛用途,當事者行動狀態,駕駛資格情形,駕駛執照種類,飲酒情形,車輛撞擊部位最初,車輛撞擊部位其他,肇事因素個別,肇事因素主要,肇事逃逸,職業,旅次目的,車種,GPS座標_緯度,GPS座標_經度,事故類別
2018,9,13,18,51,臺中市,沙鹿區,0,1,0,8,3,5,60,15,8,1,5,4,5,7,4,4,1,5,3,2,17,9,3,10,1,1,B03,7,6,1,8,2,5,  ,9,9,1,4,8,B03,24.250207,120.584882,2
2018,9,13,19,0,臺中市,大雅區,0,0,,8,,,40,,,,,,,,,,,,,,,44,,,,,B03,,,1,,2,,,23,44,1,  ,,B03,24.227133,120.644297,3
2018,9,13,19,10,臺中市,西區,0,0,,8,,,50,,,,,,,,,,,,,,,,,,,,B03,,,1,,2,,,23,,1,2,,B03,24.138438,120.655021,3
2018,9,13,19,17,臺中市,西區,0,0,,8,,,40,,,,,,,,,,,,,,,,,,,,B03,,,1,,2,,,17,,1,5,,B03,24.155332,120.662431,3
2018,9,13,19,25,臺中市,烏日區,0,0,,8,,,50,,,,,,,,,,,,,,,,,,,,B02,,,1,,2,,,43,,1,22,,B02,24.111652,120.618444,3
2018,9,13,19,30,臺中市,梧棲區,0,2,0,8,3,5,50,4,1,1,5,4,5,7,1,1,10,5,5,2,16,6,2,9,1,1,C03,7,5,1,10,2,11,  ,6,6,1,2,9,C03,24.228825,120.53197,2
2018,9,13,19,31,臺中市,南屯區,0,0,0,8,3,5,50,14,9,1,5,4,1,7,4,4,1,2,5,2,12,26,3,10,1,1,B03,7,7,1,8,2,2,  ,26,26,1,22,8,B03,24.139541,120.64684,3
2018,9,13,19,54,臺中市,清水區,0,0,,8,,,70,,,,,,,,,,,,,,,,,,,,B03,,,1,,2,,,23,,1,21,,B03,24.309378,120.599896,3
2018,9,13,19,55,臺中市,沙鹿區,0,2,0,8,3,5,40,4,8,1,5,4,5,7,1,1,1,2,1,1,18,13,2,9,1,1,C03,7,9,1,10,2,12,  ,13,13,1,21,8,C03,24.221645,120.579218,2
2018,9,13,20,16,臺中市,南屯區,0,2,0,8,3,5,50,4,1,1,5,4,5,7,2,1,10,5,5,2,16,6,2,9,1,1,C03,7,5,1,10,2,11,  ,6,6,1,21,8,C03,24.140925,120.642231,2
2018,9,13,20,29,臺中市,北屯區,0,1,0,8,3,5,50,3,1,1,5,4,5,7,4,4,10,5,5,2,13,8,3,10,1,1,C03,7,9,1,10,2,11,  ,13,8,1,2,8,C03,24.1811,120.6891,2
2018,9,13,20,30,臺中市,西屯區,0,0,,8,,,50,,,,,,,,,,,,,,,,,,,,B03,,,1,,2,,,10,,1,21,,B03,24.167868,120.637914,3
2018,9,13,20,30,臺中市,大雅區,0,1,0,8,3,5,50,3,1,1,5,4,5,7,1,1,10,5,4,1,16,6,3,10,1,1,B03,7,5,1,8,2,5,  ,6,6,1,22,9,B03,24.218585,120.668281,2
2018,9,13,20,37,臺中市,清水區,0,2,0,8,3,5,40,14,9,1,5,4,5,7,4,4,10,5,5,2,26,43,2,9,1,1,B03,7,9,1,8,2,5,  ,43,43,1,21,5,B03,24.282815,120.553869,2
2018,9,13,20,38,臺中市,西屯區,0,0,,8,,,40,,,,,,,,,,,,,,,,,,,,B03,,,1,,2,,,19,,1,21,,B03,24.200917,120.656616,3
2018,9,13,20,41,臺中市,東區,0,0,0,,,,50,,,,,,,,,,,,,,,,3,  ,  ,  ,B03,  ,  ,1,  ,2,  ,  ,1,  ,1,21,  ,B03,24.132858,120.69385,3
2018,9,13,20,45,臺中市,東勢區,0,1,0,8,4,5,60,3,1,1,5,4,5,7,4,4,2,5,4,1,11,6,3,10,1,1,B03,7,5,1,8,2,2,  ,6,6,1,21,8,B03,24.263405,120.82509,2
2018,9,13,21,1,臺中市,清水區,0,1,0,8,3,5,40,4,1,1,5,4,5,7,4,4,10,5,5,2,13,23,3,10,1,1,C03,7,9,1,10,2,11,  ,23,23,1,10,8,C03,24.275465,120.571581,2
2018,9,13,21,1,臺中市,后里區,0,1,0,8,1,5,50,3,1,1,5,4,5,7,4,4,10,5,5,2,13,23,3,10,3,4,B12,7,9,1,8,2,1,  ,23,23,1,21,8,B12,24.30983,120.71641,2
2018,9,13,21,3,臺中市,西區,0,1,0,8,3,5,50,4,1,1,5,4,5,7,1,1,10,5,5,2,16,6,3,10,1,1,B03,7,6,1,8,2,5,  ,6,6,1,5,8,B03,24.133539,120.675387,2
2018,9,13,21,3,臺中市,梧棲區,0,1,0,8,3,5,60,5,1,1,5,4,5,7,1,1,10,5,5,2,16,16,3,10,3,4,B03,7,6,1,8,2,5,  ,23,16,1,21,8,B03,24.221663,120.524392,2
2018,9,13,21,6,臺中市,北區,0,2,0,8,3,5,50,4,1,1,5,4,5,7,1,1,10,5,5,2,16,6,2,9,1,1,C03,7,5,1,10,2,12,  ,6,6,1,21,8,C03,24.160372,120.665365,2
2018,9,13,21,36,臺中市,外埔區,0,3,0,8,3,5,50,14,9,1,5,4,5,7,4,4,5,4,5,1,26,43,2,1,3,4,B03,7,9,1,8,11,1,  ,43,43,2,21,8,B03,24.349598,120.663026,2
2018,9,13,21,37,臺中市,南屯區,0,0,,8,,,50,,,,,,,,,,,,,,,,,,,,B03,,,1,,2,,,7,,1,  ,,B03,24.15395,120.646673,3
2018,9,13,22,6,臺中市,西屯區,0,1,0,8,3,5,50,4,1,1,5,4,5,7,1,1,10,5,5,2,16,43,2,9,3,4,C03,7,9,1,10,2,11,  ,43,43,1,21,8,C03,24.167501,120.640867,2
2018,9,13,22,8,臺中市,北屯區,0,0,,8,,,50,,,,,,,,,,,,,,,,,,,,   ,,,7,,11,,,43,,1,  ,,   ,24.166556,120.724057,3
2018,9,13,22,36,臺中市,太平區,0,1,0,8,3,5,50,5,1,1,5,4,5,7,1,1,10,5,5,2,16,6,3,10,1,1,B03,7,5,1,8,2,6,  ,6,6,1,2,1,B03,24.149656,120.72469,2
2018,9,13,22,41,臺中市,北屯區,0,1,0,8,3,5,50,3,1,1,5,4,5,7,1,1,10,5,5,2,17,44,3,10,1,1,B03,7,5,1,8,2,15,  ,44,44,1,2,8,B03,24.1823,120.7178,2
2018,9,13,22,45,臺中市,大肚區,0,0,,8,,,20,,,,,,,,,,,,,,,,,,,,B03,,,1,,2,,,43,,1,5,,B03,24.116948,120.579051,3
2018,9,13,23,18,臺中市,沙鹿區,0,2,0,8,3,5,40,11,9,1,5,4,5,7,4,4,9,5,5,2,10,43,2,9,3,4,C03,7,9,1,10,2,11,  ,43,43,1,21,8,C03,24.197613,120.572816,2
2018,9,13,23,28,臺中市,北區,0,0,0,8,,,50,,,,,,,,,,,,,,,23,  ,  ,  ,  ,B12,  ,  ,1,  ,2,  ,  ,23,23,1,  ,  ,B12,24.164657,120.664796,3
2018,9,13,23,31,臺中市,南屯區,0,1,0,7,3,5,50,14,9,1,5,4,5,7,4,4,5,5,5,2,16,6,3,10,3,4,B03,7,6,1,8,2,2,  ,6,6,1,22,8,B03,24.152485,120.63411,2
2018,9,14,0,16,臺中市,南區,0,1,0,8,3,5,40,14,9,1,5,4,5,7,4,4,10,5,5,2,18,42,2,9,1,1,C03,7,9,1,10,2,15,  ,42,42,1,18,5,C03,24.11622,120.670964,2
2018,9,14,1,29,臺中市,西屯區,0,1,0,8,1,5,50,4,1,1,5,4,5,7,4,4,10,5,5,2,16,6,3,10,1,1,B03,7,9,1,8,2,2,  ,6,6,1,22,8,B03,24.170973,120.665125,2
2018,9,14,2,41,臺中市,西區,0,1,0,8,3,5,40,14,8,1,5,4,5,7,4,4,1,2,4,2,17,42,2,9,1,1,B03,7,15,1,8,2,1,  ,42,42,1,5,8,B03,24.136417,120.6658,2
2018,9,14,4,18,臺中市,神岡區,0,1,0,8,3,5,50,4,2,1,5,4,5,7,1,1,1,4,5,2,13,23,2,9,1,1,C03,7,9,2,18,2,11,  ,23,23,1,22,8,C03,24.248829,120.699158,2
2018,9,14,4,38,臺中市,北區,0,0,0,8,3,5,50,,,,,,,,,,,,,,,23,  ,  ,  ,  ,B01,  ,  ,1,  ,2,  ,  ,23,23,1,5,  ,B01,24.151458,120.677184,3
2018,9,14,5,0,臺中市,神岡區,0,0,0,8,,,40,,,,,,,,,,,,,,,42,  ,  ,  ,  ,B03,  ,  ,1,  ,11,  ,  ,42,42,1,20,  ,B03,24.244691,120.68341,3
2018,9,14,5,50,臺中市,北區,0,1,0,8,1,5,50,14,7,1,5,4,5,7,4,4,5,5,4,2,17,10,3,10,1,1,B01,6,11,1,3,2,8,  ,10,10,1,10,4,B01,24.149565,120.675603,2
2018,9,14,6,8,臺中市,北屯區,0,0,0,8,,,40,,,,,,,,,,,,,,,43,  ,  ,  ,  ,B03,  ,  ,1,  ,2,  ,  ,43,43,  ,19,  ,B03,24.176728,120.669925,3
2018,9,14,6,22,臺中市,太平區,0,1,0,8,1,5,50,4,1,1,5,4,5,7,1,1,10,5,5,2,15,25,2,9,1,1,C03,7,9,3,18,11,11,  ,25,25,2,21,1,C03,24.112175,120.730913,2
2018,9,14,6,40,臺中市,東勢區,0,1,0,8,1,5,50,14,9,1,5,4,1,6,4,4,5,5,5,1,11,5,2,9,4,1,F01,7,9,8,20,2,16,  ,5,5,1,21,8,F01,24.286308,120.78441,2
2018,9,14,6,58,臺中市,南屯區,0,0,0,8,1,5,50,14,7,1,5,4,5,7,4,4,9,5,4,2,13,23,3,10,1,1,B03,7,9,1,8,2,1,  ,23,23,1,22,8,B03,24.143506,120.610273,3
2018,9,14,7,15,臺中市,潭子區,0,2,0,8,1,5,40,14,9,1,5,4,5,7,1,1,8,3,5,1,10,25,2,9,1,1,C03,7,9,1,9,2,12,  ,25,25,1,22,1,C03,24.204428,120.716354,2
2018,9,14,7,17,臺中市,清水區,0,0,,8,,,50,,,,,,,,,,,,,,,,,,,,B03,,,1,,2,,,19,,1,21,,B03,24.268937,120.561926,3
2018,9,14,7,20,臺中市,后里區,0,1,0,8,1,5,40,4,9,1,5,4,5,7,4,4,10,5,5,2,16,6,3,10,1,1,B03,7,5,1,8,2,1,  ,6,6,1,4,1,B03,24.304976,120.71177,2
2018,9,14,7,30,臺中市,北屯區,0,0,0,8,1,5,50,14,9,1,5,4,5,7,4,4,1,4,5,2,14,42,3,10,3,4,B03,7,2,1,8,2,3,  ,42,42,1,21,8,B03,24.173973,120.671921,3
2018,9,14,7,30,臺中市,潭子區,0,0,0,8,,,60,,,,,,,,,,,,,,,19,3,10,1,1,B12,7,1,1,8,2,1,  ,23,19,1,7,8,B12,24.233371,120.709109,3
2018,9,14,7,34,臺中市,南屯區,0,0,0,8,,,40,,,,,,,,,,,,,,,6,  ,  ,  ,  ,B01,  ,  ,1,  ,2,  ,  ,6,6,1,10,  ,B01,24.149618,120.623684,3
2018,9,14,7,34,臺中市,石岡區,0,0,,8,,,40,,,,,,,,,,,,,,,,,,,,C03,,,1,,2,,,5,,1,  ,,C03,24.275896,120.781911,3
2018,9,14,7,35,臺中市,西屯區,0,0,,8,,,50,,,,,,,,,,,,,,,,,,,,B03,,,1,,11,,,23,,1,  ,,B03,24.193317,120.623519,3
2018,9,14,7,35,臺中市,大雅區,0,1,0,8,1,5,50,4,1,1,5,4,5,7,4,4,9,4,5,1,17,23,3,10,1,1,B03,7,5,1,8,2,8,  ,23,23,1,22,9,B03,24.23782,120.66683,2
2018,9,14,7,39,臺中市,西屯區,0,0,,8,,,40,,,,,,,,,,,,,,,,,,,,C03,,,1,,2,,,17,,1,5,,C03,,,3
2018,9,14,7,42,臺中市,潭子區,0,3,0,8,1,5,60,4,1,1,5,4,5,7,2,1,10,5,5,2,16,6,2,9,1,1,C03,7,6,1,10,2,12,  ,6,6,1,22,8,C03,24.205646,120.68449,2
2018,9,14,7,43,臺中市,潭子區,0,1,0,8,1,5,50,4,1,1,5,4,5,7,1,1,10,5,5,2,16,6,3,10,1,1,B02,7,5,1,2,2,6,  ,6,6,1,22,8,B02,24.204663,120.715581,2
2018,9,14,7,45,臺中市,南屯區,0,2,0,8,1,5,50,14,9,1,5,4,5,7,4,4,1,4,5,2,12,7,3,10,3,4,B03,7,8,1,8,2,6,  ,7,7,1,22,9,B03,24.140549,120.643494,2
2018,9,14,7,45,臺中市,南屯區,0,0,0,8,1,5,50,14,7,1,5,4,5,7,4,4,1,4,1,2,13,16,3,10,1,1,B03,7,9,1,8,2,1,  ,16,16,1,22,8,B03,24.150522,120.612431,3
2018,9,14,7,48,臺中市,南區,0,2,0,8,1,5,50,14,8,1,5,4,5,7,4,4,10,4,4,2,11,4,2,9,1,1,C03,7,9,1,10,2,12,  ,4,4,1,21,1,C03,24.124671,120.672153,2
2018,9,14,7,50,臺中市,西屯區,0,0,,8,,,40,,,,,,,,,,,,,,,,,,,,B03,,,1,,2,,,19,,1,22,,B03,24.156314,120.652844,3
2018,9,14,7,56,臺中市,北屯區,0,0,,8,,,40,,,,,,,,,,,,,,,,,,,,B03,,,1,,2,,,23,,1,21,,B03,24.176701,120.718025,3
2018,9,14,7,58,臺中市,北屯區,0,0,,8,,,50,,,,,,,,,,,,,,,,,,,,C03,,,1,,2,,,23,,1,22,,C03,24.17208,120.686477,3
2018,9,14,7,58,臺中市,潭子區,0,0,,8,,,50,,,,,,,,,,,,,,,,,,,,B03,,,1,,2,,,23,,1,22,,B03,24.204766,120.71074,3
2018,9,14,8,0,臺中市,南區,0,0,,8,,,50,,,,,,,,,,,,,,,,,,,,B03,,,1,,2,,,26,,1,19,,B03,24.11748,120.653197,3
2018,9,14,8,3,臺中市,北區,0,0,0,8,,,50,,,,,,,,,,,,,,,23,3,  ,  ,  ,B03,  ,  ,1,  ,2,  ,  ,23,23,1,22,  ,B03,24.146363,120.686941,3
2018,9,14,8,5,臺中市,南區,0,0,0,8,,,50,,,,,,,,,,,,,,,26,3,  ,  ,  ,B12,  ,  ,1,  ,2,  ,  ,26,26,  ,4,  ,B12,24.120338,120.650444,3
2018,9,14,8,5,臺中市,南屯區,0,0,0,8,1,5,50,14,9,1,5,4,5,7,4,,1,4,5,2,14,12,3,10,1,1,B03,7,2,1,8,2,3,  ,12,12,1,22,8,B03,24.145125,120.599785,3
2018,9,14,8,10,臺中市,南屯區,,,,8,,,50,,,,,,,,,,,,,,,,,,,,B03,,,1,,2,,,16,,1,22,,B03,24.147325,120.615834,3
2018,9,14,8,17,臺中市,南屯區,0,0,0,8,,,50,,,,,,,,,,,,,,,,  ,  ,  ,  ,A11,  ,  ,1,  ,2,  ,  ,17,  ,1,10,  ,A11,24.149863,120.62369,3
2018,9,14,8,17,臺中市,西屯區,0,0,,8,,,50,,,,,,,,,,,,,,,,,,,,B12,,,1,,2,,,12,,1,11,,B12,24.185847,120.62067,3
2018,9,14,8,21,臺中市,西區,0,0,0,8,,,50,,,,,,,,,,,,,,,23,3,  ,  ,  ,B03,  ,  ,1,  ,2,  ,  ,23,23,  ,5,  ,B03,24.144873,120.670769,3
2018,9,14,8,22,臺中市,南屯區,0,0,0,8,,,50,,,,,,,,,,,,,,,7,  ,  ,  ,  ,B12,  ,  ,1,  ,2,  ,  ,7,7,1,  ,  ,B12,24.147549,120.615465,3
2018,9,14,8,26,臺中市,潭子區,0,0,0,8,1,4,40,11,9,1,5,4,5,7,4,4,8,3,5,1,16,5,3,10,1,1,A12,7,9,1,3,5,7,  ,23,5,1,4,3,A12,24.216241,120.701457,3
2018,9,14,8,29,臺中市,潭子區,0,1,0,8,1,5,50,14,8,1,5,4,5,7,4,4,8,3,5,1,12,7,3,10,1,1,B12,7,7,1,8,2,7,  ,7,7,1,22,1,B12,24.215838,120.680794,2
2018,9,14,8,34,臺中市,南屯區,0,0,0,8,1,5,50,3,1,1,5,4,5,7,1,1,10,5,5,2,16,6,3,10,1,1,B03,7,6,1,8,2,2,  ,6,6,1,22,8,B03,24.14902,120.611844,3
2018,9,14,8,42,臺中市,北區,0,2,0,8,1,5,50,3,1,1,5,4,5,7,4,4,10,5,5,2,16,6,3,10,1,1,B03,7,5,1,8,2,7,  ,6,6,1,22,9,B03,24.155871,120.690084,2
2018,9,14,8,46,臺中市,大雅區,0,0,,8,,,50,,,,,,,,,,,,,,,,,,,,B12,,,1,,2,,,23,,1,22,,B12,24.21387,120.64965,3
2018,9,14,8,49,臺中市,西屯區,0,1,0,8,1,5,50,3,1,1,5,4,5,7,4,4,10,5,5,2,16,6,2,9,1,1,C03,7,6,1,10,2,12,  ,6,6,1,22,9,C03,24.177776,120.626659,2
2018,9,14,8,50,臺中市,西屯區,0,0,,8,,,50,,,,,,,,,,,,,,,,,,,,B02,,,1,,2,,,7,,1,  ,,B02,24.160535,120.652999,3
2018,9,14,9,5,臺中市,南屯區,,,,8,,,50,,,,,,,,,,,,,,,,,,,,B03,,,1,,2,,,26,,1,22,,B03,24.14154,120.635087,3
2018,9,14,9,5,臺中市,北屯區,0,0,0,8,1,5,40,10,16,1,5,4,5,7,4,4,10,5,5,1,17,43,  ,  ,  ,  ,G06,  ,  ,7,  ,11,  ,  ,43,43,1,  ,  ,G06,24.201271,120.687418,3
2018,9,14,9,6,臺中市,大雅區,0,0,,8,,,50,,,,,,,,,,,,,,,,,,,,B12,,,1,,2,,,23,,1,22,,B12,24.230927,120.657854,3
2018,9,14,9,9,臺中市,沙鹿區,0,0,,8,,,50,,,,,,,,,,,,,,,,,,,,B03,,,1,,2,,,8,,1,20,,B03,24.236888,120.561894,3
2018,9,14,9,11,臺中市,沙鹿區,0,2,0,8,1,5,40,3,1,1,5,4,5,7,4,4,1,4,4,2,13,23,2,9,1,1,C03,7,9,1,10,2,11,  ,23,23,1,4,8,C03,24.22161,120.556493,2
2018,9,14,9,19,臺中市,北屯區,0,0,0,8,,,50,,,,,,,,,,,,,,,7,  ,  ,  ,  ,B12,  ,  ,1,  ,2,  ,  ,7,7,1,10,  ,B12,24.161283,120.694236,3
2018,9,14,9,20,臺中市,西區,0,1,0,8,1,5,50,14,9,1,5,4,5,7,4,4,9,4,5,2,17,40,3,10,1,1,B12,7,13,1,7,2,4,  ,40,40,1,5,1,B12,24.132829,120.664716,2
2018,9,14,9,20,臺中市,西屯區,0,1,0,8,1,5,50,14,9,1,5,4,5,7,4,4,5,4,5,2,16,19,3,10,1,1,B12,7,1,1,8,2,4,  ,19,19,1,4,8,B12,24.192037,120.6064,2
2018,9,14,9,20,臺中市,清水區,0,1,0,8,1,5,50,14,7,1,5,4,5,7,4,4,5,5,4,2,12,26,3,10,1,1,B03,7,9,1,8,2,2,  ,26,26,1,21,8,B03,24.276828,120.576173,2
2018,9,14,9,25,臺中市,大雅區,0,0,,8,,,50,,,,,,,,,,,,,,,,,,,,A04,,,1,,2,,,12,,1,22,,A04,24.22931,120.64783,3
2018,9,14,9,37,臺中市,梧棲區,0,0,,8,,,40,,,,,,,,,,,,,,,,,,,,A41,,,1,,2,,,12,,1,10,,A41,24.244414,120.527789,4
2018,9,14,9,45,臺中市,西屯區,0,0,,8,,,50,,,,,,,,,,,,,,,,,,,,B03,,,1,,2,,,16,,1,5,,B03,24.200331,120.653277,3
2018,9,14,9,58,臺中市,北屯區,0,0,0,8,1,5,50,14,7,1,5,4,5,7,4,4,5,5,4,2,12,7,3,10,1,1,B03,7,14,1,8,2,2,  ,44,7,1,21,8,B03,24.16404,120.694123,3
2018,9,14,10,5,臺中市,大安區,0,1,0,8,1,5,50,3,2,1,5,4,5,7,4,4,5,5,5,1,17,19,3,10,1,1,B03,7,1,1,8,2,8,  ,19,19,1,22,9,B03,24.3737,120.604051,2
2018,9,14,10,27,臺中市,太平區,0,0,,8,,,40,,,,,,,,,,,,,,,,,,,,F03,,,8,,2,,,16,,1,  ,,F03,24.121944,120.706666,3
2018,9,14,10,29,臺中市,太平區,0,1,0,8,1,5,50,4,1,1,5,4,5,7,2,1,10,5,5,2,16,6,3,10,1,1,B03,7,6,1,8,2,5,  ,6,6,1,10,8,B03,24.153306,120.702933,2
2018,9,14,10,30,臺中市,北屯區,0,0,,8,,,40,,,,,,,,,,,,,,,,,,,,B03,,,1,,2,,,16,,1,22,,B03,24.182626,120.69951,3
2018,9,14,10,35,臺中市,南屯區,0,0,,8,,,40,,,,,,,,,,,,,,,,,,,,B12,,,1,,2,,,7,,1,  ,,B12,24.149544,120.623277,3
2018,9,14,10,36,臺中市,南屯區,0,0,0,8,,,50,,,,,,,,,,,,,,,,  ,  ,  ,  ,B12,  ,  ,1,  ,2,  ,  ,23,  ,1,21,  ,B12,24.133068,120.64996,3
2018,9,14,10,44,臺中市,沙鹿區,0,0,0,8,,,50,,,,,,,,,,,,,,,23,  ,  ,  ,  ,B03,  ,  ,1,  ,2,  ,  ,23,23,1,  ,  ,B03,24.233349,120.56624,3
2018,9,14,10,45,臺中市,東區,0,2,0,8,1,5,50,14,9,1,5,4,5,7,4,4,1,4,5,2,13,16,2,8,1,1,C03,7,9,2,18,2,11,  ,16,16,1,22,8,C03,24.13253,120.69993,2
2018,9,14,10,45,臺中市,太平區,0,1,0,8,1,5,50,14,13,1,5,4,5,7,4,4,5,4,5,1,16,23,2,8,1,1,C03,7,9,1,10,2,14,  ,23,23,1,5,3,C03,24.134838,120.731181,2
2018,9,14,10,53,臺中市,西屯區,0,2,0,8,1,5,40,4,1,1,5,4,5,7,4,4,10,5,5,2,16,14,2,9,3,4,C03,7,9,1,10,2,11,  ,14,14,1,22,9,C03,24.179733,120.614185,2
2018,9,14,10,55,臺中市,大雅區,0,0,,8,,,40,,,,,,,,,,,,,,,,,,,,B12,,,1,,2,,,6,,1,22,,B12,24.208543,120.641172,3
2018,9,14,11,3,臺中市,梧棲區,0,1,0,8,1,5,60,4,2,1,5,4,5,7,3,1,1,2,5,1,16,7,2,9,1,4,C03,7,7,1,10,2,14,  ,7,7,1,5,9,C03,24.251575,120.53681,2
2018,9,14,11,9,臺中市,東區,0,1,0,8,1,5,50,4,1,1,5,4,5,7,4,4,5,5,5,2,16,23,3,10,1,1,B03,7,5,1,8,2,8,  ,23,23,1,21,8,B03,24.138626,120.708911,2
2018,9,14,11,10,臺中市,后里區,0,0,0,8,,,50,,,,,,,,,,,,,,,40,  ,  ,  ,  ,B03,  ,  ,1,  ,2,  ,  ,40,40,1,20,  ,B03,24.308841,120.72421,3
2018,9,14,11,14,臺中市,大甲區,0,0,0,,,,,,,,,,,,,,,,,,,43,  ,  ,  ,  ,B12,  ,  ,1,  ,2,  ,  ,43,43,1,22,  ,B12,24.347637,120.616598,3
2018,9,14,11,20,臺中市,大甲區,0,1,0,8,1,5,40,3,1,1,5,4,5,4,4,4,10,5,5,2,17,6,3,10,1,1,B03,7,5,1,8,2,5,  ,6,6,1,21,8,B03,24.357845,120.612184,2
2018,9,14,11,28,臺中市,清水區,0,1,0,8,1,5,50,3,2,1,5,4,5,7,4,4,5,5,4,2,17,23,3,10,1,1,C03,7,9,1,10,2,11,  ,23,23,1,21,5,C03,24.276699,120.576458,2
2018,9,14,11,30,臺中市,大里區,0,0,,8,,,50,,,,,,,,,,,,,,,,,,,,B12,,,1,,2,,,17,,1,22,,B12,24.104943,120.681768,3
2018,9,14,11,39,臺中市,太平區,0,1,0,8,1,5,50,4,1,1,5,4,5,7,4,4,10,5,5,2,16,6,2,9,4,1,F01,7,5,8,20,2,16,  ,6,6,1,21,8,F01,24.122232,120.718728,2
2018,9,14,11,40,臺中市,大里區,0,1,0,8,1,5,50,3,1,1,5,4,5,7,4,4,10,5,5,2,16,23,3,10,1,1,B03,7,5,1,8,2,1,  ,6,23,1,21,8,B03,24.093909,120.69349,2
2018,9,14,11,45,臺中市,大肚區,0,1,0,8,1,5,50,5,2,1,5,4,5,7,2,1,10,5,5,2,16,6,3,10,1,1,B03,7,6,3,18,2,2,  ,6,6,1,5,7,B03,24.124103,120.563276,2
2018,9,14,11,47,臺中市,龍井區,0,2,0,8,1,5,50,14,7,1,5,4,5,7,4,4,1,4,4,2,9,60,2,1,4,5,H01,8,20,8,20,10,16,  ,60,60,1,20,8,H01,24.124576,120.512485,2
2018,9,14,11,49,臺中市,西區,0,1,0,7,1,5,50,4,1,1,5,4,5,7,1,1,10,5,5,2,17,44,3,10,1,1,B03,7,15,1,8,2,6,  ,44,44,1,22,9,B03,24.146666,120.661665,2
2018,9,14,11,50,臺中市,大雅區,0,1,0,8,1,5,50,14,8,1,5,4,5,7,4,4,9,4,4,1,11,4,3,10,1,1,C03,7,9,1,10,2,12,  ,4,4,1,22,9,C03,24.22924,120.65405,2
2018,9,14,12,0,臺中市,北屯區,0,1,0,8,1,5,50,4,1,1,5,4,5,7,1,1,10,5,5,2,16,10,3,10,3,4,B12,7,11,1,8,2,8,  ,10,10,1,21,8,B12,24.191463,120.683621,2
2018,9,14,12,12,臺中市,南屯區,0,0,,8,,,50,,,,,,,,,,,,,,,,,,,,B03,,,1,,2,,,23,,1,18,,B03,24.13475,120.644429,3
2018,9,14,12,16,臺中市,南區,0,1,0,8,1,5,50,14,7,1,5,4,5,7,4,4,5,4,5,2,12,26,2,9,4,5,F01,7,15,8,20,2,16,  ,26,26,1,22,8,F01,24.135011,120.682761,2
2018,9,14,12,19,臺中市,西屯區,0,1,0,8,1,5,40,14,8,1,5,4,5,7,4,4,1,4,1,2,16,6,3,10,3,4,B03,7,6,1,8,2,5,2,6,6,1,22,9,B03,24.160974,120.653027,2
2018,9,14,12,25,臺中市,烏日區,0,0,,8,,,60,,,,,,,,,,,,,,,,,,,,B03,,,1,,2,,,6,,1,22,,B03,24.105252,120.631736,3
2018,9,14,12,30,臺中市,潭子區,0,2,0,8,1,5,50,14,9,1,5,4,5,7,4,4,8,3,5,1,12,6,2,9,1,1,C03,7,5,1,10,2,14,  ,6,6,1,22,1,C03,24.21908,120.704953,2
2018,9,14,12,33,臺中市,西區,0,2,0,8,1,5,50,4,1,1,5,4,5,7,4,4,10,5,5,2,18,23,2,9,1,1,C03,7,9,1,10,2,12,  ,23,23,1,5,5,C03,24.141181,120.667645,2
2018,9,14,12,41,臺中市,清水區,0,0,,8,,,70,,,,,,,,,,,,,,,,,,,,A41,,,1,,2,,,23,,1,10,,A41,24.304335,120.590631,3
2018,9,14,12,50,臺中市,北區,0,0,0,8,,,50,,,,,,,,,,,,,,,16,  ,  ,  ,  ,B03,  ,  ,1,  ,2,  ,  ,16,16,1,22,  ,B03,24.163071,120.66695,3
2018,9,14,12,55,臺中市,西屯區,0,0,,8,,,40,,,,,,,,,,,,,,,,,,,,B01,,,1,,2,,,19,,1,10,,B01,24.192056,120.611666,3
2018,9,14,12,55,臺中市,西屯區,0,0,,8,,,40,,,,,,,,,,,,,,,,,,,,B03,,,1,,2,,,7,,1,  ,,B03,24.158455,120.657595,3
2018,9,14,12,56,臺中市,沙鹿區,0,1,0,8,1,5,50,11,7,1,5,4,5,7,4,4,4,5,4,2,17,42,2,9,1,1,C03,7,6,3,18,2,12,  ,42,42,1,21,8,C03,24.229611,120.573363,2
2018,9,14,13,0,臺中市,西區,0,1,0,8,1,5,50,14,9,1,5,4,5,7,4,4,1,4,5,2,17,23,2,9,1,1,C03,7,9,1,10,2,12,  ,23,23,1,5,1,C03,24.134135,120.678443,2
2018,9,14,13,10,臺中市,西屯區,0,0,,8,,,50,,,,,,,,,,,,,,,,,,,,B03,,,1,,2,,,12,,1,3,,B03,24.189365,120.615051,3
2018,9,14,13,10,臺中市,梧棲區,0,1,0,8,1,5,50,14,9,1,5,4,5,7,4,4,5,5,5,1,17,23,2,9,1,1,C03,7,9,1,10,2,12,  ,23,23,1,2,9,C03,24.253125,120.531247,2