年,月,日,時,分,縣市,區,死,受傷,2-30,天候,光線,道路類別,速限,道路型態,事故位置,路面鋪裝,路面狀態,路面缺陷,障礙物,視距,號誌種類,號誌動作,分向設施,快車道或一般車道間,快慢車道間,路面邊線,事故類型及型態,主要肇因,受傷程度,主要傷處,保護裝備,行動電話,當事者區分_類別,車輛用途,當事者行動狀態,駕駛資格情形,駕駛執照種類,飲酒情形,車輛撞擊部位最初,車輛撞擊部位其他,肇事因素個別,肇事因素主要,肇事逃逸,職業,旅次目的,車種,GPS座標_緯度,GPS座標_經度,事故類別
2018,9,14,13,15,臺中市,南屯區,0,0,0,8,,,40,,,,,,,,,,,,,,,,  ,  ,  ,  ,B03,  ,  ,1,  ,2,  ,  ,23,  ,1,21,  ,B03,24.151278,120.637621,3
2018,9,14,13,23,臺中市,南區,0,1,0,8,1,5,50,4,1,1,5,4,5,7,4,4,10,5,5,2,15,6,2,9,1,1,C03,7,9,1,10,2,11,  ,6,6,1,5,8,C03,24.1258,120.676364,2
2018,9,14,13,24,臺中市,太平區,0,2,0,8,1,5,40,3,1,1,5,4,5,7,1,1,10,5,5,2,16,16,2,8,1,1,C03,7,4,1,10,2,11,  ,16,16,1,5,8,C03,24.148055,120.701944,2
2018,9,14,13,26,臺中市,西區,0,2,0,8,1,5,50,14,9,1,5,4,5,7,4,4,4,4,5,2,12,17,2,9,1,1,C03,7,9,1,10,2,14,  ,44,17,1,22,9,C03,24.136155,120.678228,2
2018,9,14,13,31,臺中市,太平區,0,2,0,8,1,5,50,14,9,1,5,4,4,7,1,1,5,5,4,1,13,23,2,9,1,1,B03,7,9,6,8,2,1,  ,23,23,1,19,5,B03,24.154967,120.719087,2
2018,9,14,13,41,臺中市,太平區,,,,8,,,50,,,,,,,,,,,,,,,,,,,,B03,,,1,,2,,,12,,1,  ,,B03,24.151426,120.710897,3
2018,9,14,13,44,臺中市,南屯區,0,0,,8,,,50,,,,,,,,,,,,,,,,,,,,B03,,,1,,2,,,50,,1,  ,,B03,24.149378,120.624264,3
2018,9,14,13,57,臺中市,大雅區,0,0,,8,,,50,,,,,,,,,,,,,,,,,,,,B12,,,1,,2,,,6,,1,22,,B12,24.209739,120.629928,3
2018,9,14,13,58,臺中市,北區,0,1,0,8,1,5,50,14,9,1,5,4,5,7,4,4,5,5,5,2,13,23,2,9,1,1,C03,7,9,1,10,2,11,  ,23,23,1,22,8,C03,24.16017,120.691166,2
2018,9,14,14,0,臺中市,太平區,0,0,,8,,,40,,,,,,,,,,,,,,,,,,,,C03,,,1,,2,,,23,,1,  ,,C03,24.153055,120.705277,3
2018,9,14,14,6,臺中市,西屯區,0,1,0,8,1,5,40,4,1,1,5,4,5,7,1,1,10,5,5,2,16,2,3,10,1,1,B12,7,6,1,8,2,6,  ,2,2,1,21,8,B12,24.174894,120.644672,2
2018,9,14,14,6,臺中市,大甲區,0,0,,8,,,50,,,,,,,,,,,,,,,,,,,,B03,,,1,,2,,,12,,1,19,,B03,24.332925,120.613698,3
2018,9,14,14,7,臺中市,梧棲區,0,1,0,8,1,5,60,4,2,1,5,4,5,7,1,1,10,5,5,2,13,23,2,9,1,1,A41,7,9,1,1,2,1,  ,23,23,1,10,1,A41,24.238769,120.518158,2
2018,9,14,14,8,臺中市,梧棲區,0,1,0,8,1,5,50,4,1,1,5,4,5,7,1,1,10,5,5,2,12,9,3,10,1,1,B03,7,6,1,8,2,5,  ,9,9,1,20,9,B03,24.263195,120.535138,2
2018,9,14,14,8,臺中市,潭子區,0,1,0,8,1,5,50,4,1,1,5,4,5,7,1,1,10,5,5,2,16,19,3,10,1,1,C03,7,1,1,10,2,13,  ,19,19,1,22,8,C03,24.211485,120.706708,2
2018,9,14,14,9,臺中市,潭子區,0,0,,8,,,60,,,,,,,,,,,,,,,,,,,,B12,,,1,,2,,,18,,1,22,,B12,24.199034,120.701082,3
2018,9,14,14,14,臺中市,西區,0,3,0,8,1,5,50,14,8,1,5,4,5,7,4,4,5,5,4,2,16,7,2,9,1,1,C03,7,8,1,10,2,12,  ,7,7,1,5,8,C03,24.132853,120.661673,2
2018,9,14,14,17,臺中市,南屯區,0,0,,8,,,50,,,,,,,,,,,,,,,,,,,,C03,,,1,,2,,,26,,1,  ,,C03,24.151813,120.646785,3
2018,9,14,14,19,臺中市,西區,0,2,0,8,1,5,50,4,1,1,5,4,5,7,4,4,10,5,5,2,15,6,2,9,1,1,C03,7,9,1,10,2,11,  ,6,6,1,21,8,C03,24.149037,120.65951,2
2018,9,14,14,28,臺中市,西區,0,1,0,8,1,5,40,14,8,1,5,4,5,7,4,4,1,4,4,2,17,40,3,10,1,1,B03,7,13,1,8,2,4,  ,40,40,1,5,5,B03,24.144334,120.655067,2
2018,9,14,14,40,臺中市,北屯區,0,0,,8,,,50,,,,,,,,,,,,,,,,,,,,B03,,,1,,2,,,23,,1,2,,B03,24.175886,120.719624,3
2018,9,14,14,54,臺中市,西屯區,0,0,,8,,,50,,,,,,,,,,,,,,,,,,,,C03,,,1,,2,,,7,,1,8,,C03,24.192201,120.611629,3
2018,9,14,15,7,臺中市,南屯區,0,1,0,8,2,5,40,4,1,1,5,4,5,7,1,1,10,5,5,2,16,26,3,10,1,1,B02,7,6,1,4,2,5,  ,26,26,1,5,8,B02,24.140511,120.622645,2
2018,9,14,15,7,臺中市,太平區,0,2,0,8,1,5,50,4,1,1,5,4,5,7,1,1,10,5,5,2,16,6,2,9,1,1,C03,7,5,1,10,2,11,  ,6,6,1,19,5,C03,24.141473,120.714682,2
2018,9,14,15,17,臺中市,北屯區,0,1,0,8,1,5,50,11,9,1,5,4,5,7,4,4,10,5,5,2,20,23,2,9,1,1,C03,7,9,1,10,2,11,  ,23,23,1,21,8,C03,24.197175,120.766284,2
2018,9,14,15,19,臺中市,西區,0,0,0,,,,,,,,,,,,,,,,,,,,3,  ,  ,  ,B12,  ,  ,1,  ,2,  ,  ,18,  ,  ,21,  ,B12,24.149671,120.66153,3
2018,9,14,15,19,臺中市,清水區,0,0,,8,,,50,,,,,,,,,,,,,,,,,,,,B03,,,1,,2,,,6,,1,21,,B03,24.270216,120.57818,3
2018,9,14,15,24,臺中市,南屯區,0,1,0,8,1,5,40,14,8,1,5,4,5,7,4,4,10,5,1,2,16,6,3,10,1,1,A05,7,8,1,2,2,2,  ,6,6,1,21,8,A05,24.149983,120.623678,2
2018,9,14,15,27,臺中市,南區,0,0,0,8,,,50,,,,,,,,,,,,,,,,3,  ,  ,  ,B12,  ,  ,1,  ,2,  ,  ,23,  ,1,21,  ,B12,24.111833,120.650356,3
2018,9,14,15,29,臺中市,南區,0,2,0,8,1,5,50,4,1,1,5,4,5,7,3,1,10,5,5,2,15,6,3,10,1,1,B01,7,9,1,4,2,1,  ,6,6,1,21,8,B01,24.131963,120.677853,2
2018,9,14,15,29,臺中市,龍井區,0,2,0,8,1,5,60,4,2,1,5,4,5,7,1,1,1,4,4,1,16,25,2,9,1,1,B12,7,9,1,8,2,8,  ,23,25,1,12,3,B12,24.120418,120.512487,2
2018,9,14,15,41,臺中市,龍井區,0,2,0,8,1,5,50,14,9,1,5,4,5,7,4,4,5,5,5,1,17,26,2,6,1,1,C03,7,11,1,10,2,11,  ,26,26,1,22,8,C03,24.185037,120.585289,2
2018,9,14,15,42,臺中市,南區,0,2,0,8,1,5,50,4,1,1,5,4,5,7,1,1,10,5,5,2,13,23,2,8,1,1,C03,7,9,1,10,2,11,  ,23,23,1,17,6,C03,24.114901,120.655073,2
2018,9,14,15,42,臺中市,太平區,0,0,,8,,,50,,,,,,,,,,,,,,,,,,,,B12,,,1,,2,,,23,,1,9,,B12,24.149347,120.714433,3
2018,9,14,15,50,臺中市,神岡區,0,0,,8,,,50,,,,,,,,,,,,,,,,,,,,B12,,,1,,2,,,6,,1,9,,B12,24.247368,120.690758,3
2018,9,14,15,50,臺中市,大雅區,0,1,0,8,1,5,40,5,2,1,5,4,5,7,1,1,5,2,5,1,16,6,3,10,1,1,B12,7,5,1,8,2,2,  ,6,6,1,22,8,B12,24.221095,120.653559,2
2018,9,14,15,59,臺中市,西區,0,1,0,8,1,5,50,3,1,1,5,4,5,7,2,1,10,5,5,2,16,23,3,10,1,1,B03,7,5,1,8,2,8,  ,23,23,1,19,9,B03,24.144383,120.65725,2
2018,9,14,16,9,臺中市,西區,0,1,0,8,1,5,50,4,1,1,5,4,5,7,4,4,10,5,5,2,16,42,3,10,1,1,B03,7,6,3,18,2,2,  ,42,42,1,21,8,B03,24.136548,120.656073,2
2018,9,14,16,10,臺中市,烏日區,0,0,0,8,1,5,60,14,7,1,5,4,5,7,4,4,3,4,3,2,12,7,3,10,1,1,A12,7,7,1,7,2,7,  ,7,7,1,21,8,A12,24.092892,120.645019,3
2018,9,14,16,12,臺中市,西區,0,1,0,8,1,5,50,14,8,1,5,4,5,7,1,1,5,5,5,2,18,23,2,9,1,1,C03,7,9,1,10,2,12,  ,23,23,1,5,8,C03,24.14433,120.665298,2
2018,9,14,16,17,臺中市,西屯區,0,1,0,8,1,5,40,14,8,1,5,4,5,7,4,4,5,4,4,2,13,23,3,10,3,4,C03,7,9,1,10,2,11,  ,23,23,1,21,8,C03,24.18165,120.64493,2
2018,9,14,16,20,臺中市,南區,0,1,0,8,2,5,50,14,7,1,5,4,5,7,4,4,1,4,5,2,18,23,2,9,1,1,C03,7,9,1,10,2,15,  ,23,23,1,22,8,C03,24.125219,120.670079,2
2018,9,14,16,22,臺中市,西屯區,0,0,,8,,,50,,,,,,,,,,,,,,,,,,,,B03,,,1,,2,,,23,,1,  ,,B03,24.186435,120.613426,3
2018,9,14,16,25,臺中市,北區,0,1,0,8,1,5,50,3,1,1,5,4,5,7,4,4,10,5,5,2,16,6,2,9,1,1,C03,7,6,1,10,2,13,  ,6,6,1,21,8,C03,24.152597,120.694455,2
2018,9,14,16,25,臺中市,南區,0,0,0,8,,,50,,,,,,,,,,,,,,,,3,  ,  ,  ,C03,  ,  ,1,  ,2,  ,  ,12,  ,1,21,  ,C03,24.117321,120.657861,3
2018,9,14,16,32,臺中市,北屯區,0,1,0,8,1,5,50,3,1,1,5,4,5,7,4,4,10,5,5,2,29,23,2,8,1,1,C03,7,9,1,10,2,12,  ,23,23,1,21,8,C03,24.177102,120.732627,2
2018,9,14,16,47,臺中市,神岡區,0,0,,8,,,40,,,,,,,,,,,,,,,,,,,,B03,,,1,,2,,,12,,1,  ,,B03,24.274568,120.684626,3
2018,9,14,16,48,臺中市,太平區,0,1,0,8,1,5,50,4,1,1,5,4,5,7,2,1,10,5,5,2,16,7,2,8,3,4,C03,7,7,1,10,2,14,  ,7,7,1,5,8,C03,24.13348,120.716135,2
2018,9,14,16,52,臺中市,南屯區,0,0,,8,,,50,,,,,,,,,,,,,,,,,,,,B03,,,1,,2,,,12,,1,21,,B03,24.137903,120.648175,3
2018,9,14,16,53,臺中市,南屯區,0,0,0,8,,,40,,,,,,,,,,,,,,,23,  ,  ,  ,  ,B12,  ,  ,1,8,2,  ,  ,23,23,1,12,  ,B12,24.154497,120.624127,3
2018,9,14,17,0,臺中市,南區,0,1,0,8,2,5,40,14,8,1,5,4,5,7,4,4,1,4,4,2,17,19,3,10,1,1,B03,7,1,1,8,2,8,  ,19,19,1,22,8,B03,24.125733,120.664639,2
2018,9,14,17,1,臺中市,西屯區,0,0,,8,,,30,,,,,,,,,,,,,,,,,,,,G03,,,1,,2,,,17,,1,22,,G03,24.185168,120.640932,3
2018,9,14,17,10,臺中市,清水區,0,1,0,8,1,5,40,4,1,1,5,4,5,7,2,1,10,5,5,2,16,6,3,10,1,1,B12,7,5,1,8,2,8,  ,6,6,1,4,5,B12,24.250179,120.597426,2
2018,9,14,17,13,臺中市,大甲區,0,0,0,8,1,5,50,5,2,1,5,4,5,7,3,1,5,2,5,1,12,6,3,10,1,1,B03,7,5,1,8,2,5,  ,6,6,1,22,9,B03,24.379316,120.654072,3
2018,9,14,17,14,臺中市,清水區,0,2,0,8,1,5,40,14,9,1,5,4,5,7,4,4,10,5,5,2,10,5,2,7,1,1,C03,7,9,3,18,2,11,  ,5,5,1,20,8,C03,24.28653,120.611264,2
2018,9,14,17,15,臺中市,梧棲區,0,0,,8,,,50,,,,,,,,,,,,,,,,,,,,B03,,,1,,2,,,23,,  ,  ,,B03,24.238686,120.529382,4
2018,9,14,17,17,臺中市,大雅區,0,1,0,8,1,5,40,4,2,1,5,4,5,7,4,4,10,5,5,1,16,6,3,10,1,1,B02,7,6,1,8,2,8,  ,6,6,1,22,8,B02,24.219292,120.635489,2
2018,9,14,17,18,臺中市,北區,0,2,0,8,1,5,30,3,1,1,5,4,5,7,4,4,10,5,5,2,16,19,2,9,1,1,C03,7,1,1,10,2,12,  ,19,19,1,21,8,C03,24.152152,120.683027,2
2018,9,14,17,18,臺中市,南區,0,1,0,8,1,5,40,14,8,1,5,4,5,7,4,4,9,5,4,2,13,16,2,9,1,1,C03,7,9,1,10,2,11,  ,16,16,1,21,8,C03,24.120577,120.65113,2
2018,9,14,17,18,臺中市,北屯區,0,0,,,,,,,,,,,,,,,,,,,,,,,,,C03,,,1,,2,,,42,,1,21,,C03,,,3
2018,9,14,17,25,臺中市,西區,0,1,0,8,1,5,50,14,7,1,5,4,5,7,1,1,7,5,5,2,17,23,2,7,1,1,C03,7,9,1,10,2,12,  ,23,23,1,5,8,C03,24.140321,120.673968,2
2018,9,14,17,28,臺中市,南屯區,0,0,,8,,,50,,,,,,,,,,,,,,,,,,,,C03,,,1,,2,,,16,,1,5,,C03,24.146111,120.633865,3
2018,9,14,17,48,臺中市,西屯區,0,0,0,8,,,80,,,,,,,,,,,,,,,16,  ,  ,  ,  ,B03,  ,  ,1,  ,2,  ,  ,16,16,1,  ,  ,B03,24.164396,120.629556,3
2018,9,14,17,51,臺中市,西屯區,0,3,0,8,2,5,40,4,1,1,5,4,5,6,2,1,10,5,5,2,12,43,2,9,1,1,C03,7,15,1,10,2,12,  ,43,43,1,3,8,C03,24.179781,120.634636,2
2018,9,14,18,0,臺中市,后里區,0,0,,8,,,50,,,,,,,,,,,,,,,43,,,,,B03,,,1,,2,,,43,43,1,5,,B03,24.31628,120.711111,3
2018,9,14,18,2,臺中市,龍井區,0,1,0,8,2,5,40,5,1,1,5,4,5,7,1,1,10,5,5,2,16,23,2,9,1,1,C03,7,9,1,10,2,11,  ,23,23,1,22,8,C03,24.18423,120.574304,2
2018,9,14,18,9,臺中市,南屯區,0,0,,8,,,50,,,,,,,,,,,,,,,,,,,,B03,,,1,,2,,,23,,1,5,,B03,24.141966,120.645705,3
2018,9,14,18,10,臺中市,北屯區,0,0,,8,,,50,,,,,,,,,,,,,,,,,,,,B03,,,1,,2,,,23,,1,5,,B03,24.176348,120.681485,3
2018,9,14,18,10,臺中市,沙鹿區,0,2,0,8,3,5,50,14,7,1,5,4,5,7,4,4,9,5,4,2,16,19,3,10,1,1,B03,7,1,1,8,2,8,  ,19,19,1,18,8,B03,24.218787,120.579462,2
2018,9,14,18,14,臺中市,南屯區,0,0,,8,,,40,,,,,,,,,,,,,,,,,,,,B12,,,5,,11,,,23,,2,21,,B12,24.12968,120.648824,3
2018,9,14,18,19,臺中市,西區,0,1,0,8,3,5,40,14,8,1,5,4,5,7,4,4,4,4,4,2,9,51,3,10,4,5,H01,8,20,8,20,2,16,  ,51,51,1,21,8,H01,24.1521,120.665545,2
2018,9,14,18,20,臺中市,大甲區,0,1,0,8,1,5,50,3,2,1,5,4,5,7,1,1,5,5,4,1,13,23,2,7,1,1,C03,7,9,1,10,2,11,  ,23,23,1,9,8,C03,24.353533,120.629861,2
2018,9,14,18,20,臺中市,潭子區,0,1,0,8,1,5,50,4,1,1,5,4,5,7,1,1,1,2,4,1,15,25,3,10,1,1,C03,7,9,1,10,2,12,  ,25,25,1,22,8,C03,24.216163,120.684742,2
2018,9,14,18,30,臺中市,南屯區,0,0,0,8,,,50,,,,,,,,,,,,,,,16,  ,  ,  ,  ,B03,  ,  ,1,8,2,  ,  ,16,16,1,12,  ,B03,24.150007,120.615688,3
2018,9,14,18,30,臺中市,西屯區,0,0,,8,,,80,,,,,,,,,,,,,,,,,,,,B03,,,1,,2,,,16,,1,22,,B03,24.183186,120.635898,3
2018,9,14,18,33,臺中市,南屯區,0,0,,8,,,50,,,,,,,,,,,,,,,,,,,,B12,,,1,,2,,,23,,1,5,,B12,24.147808,120.628678,3
2018,9,14,18,34,臺中市,龍井區,0,1,0,8,3,5,50,3,2,1,5,4,5,7,3,1,3,4,4,2,17,43,3,10,1,1,B03,7,6,1,8,2,15,  ,43,43,1,9,8,B03,24.190676,120.545946,2
2018,9,14,18,45,臺中市,北屯區,0,1,0,8,3,5,50,3,1,1,5,4,5,7,1,1,10,5,5,2,16,43,2,9,1,1,C03,7,5,3,18,2,11,  ,43,43,1,21,8,C03,24.201238,120.693416,2
2018,9,14,18,55,臺中市,西區,0,0,,8,3,5,50,3,1,1,5,4,5,7,4,4,5,2,4,2,13,,,,,,C03,,,6,,2,,,23,,1,5,,C03,24.142109,120.675055,3
2018,9,14,18,55,臺中市,北屯區,0,0,0,8,,,50,,,,,,,,,,,,,,,7,3,  ,  ,  ,B03,  ,  ,1,  ,2,  ,  ,26,7,  ,21,  ,B03,24.166681,120.69132,3
2018,9,14,19,1,臺中市,南屯區,0,0,,,,,,,,,,,,,,,,,,,,,,,,,B01,,,1,,2,,,23,,1,  ,,B01,24.153105,120.640781,3
2018,9,14,19,2,臺中市,太平區,0,1,0,8,3,5,50,4,2,1,5,4,5,7,1,1,5,5,5,2,3,26,3,10,1,1,B03,7,11,1,8,2,1,  ,26,26,1,21,8,B03,24.138342,120.715164,2
2018,9,14,19,12,臺中市,南區,0,0,0,8,,,50,,,,,,,,,,,,,,,,3,  ,  ,  ,B03,  ,  ,1,  ,2,  ,  ,23,  ,1,21,  ,B03,24.10865,120.650583,3
2018,9,14,19,13,臺中市,北屯區,0,0,,8,,,50,,,,,,,,,,,,,,,,,,,,C03,,,1,,2,,,7,,1,22,,C03,24.174223,120.696865,3
2018,9,14,19,14,臺中市,沙鹿區,0,0,,8,,,40,,,,,,,,,,,,,,,,,,,,B12,,,1,,2,,,12,,1,10,,B12,24.233818,120.557833,3
2018,9,14,19,25,臺中市,西屯區,0,0,0,8,,,40,,,,,,,,,,,,,,,23,  ,  ,  ,  ,C03,  ,  ,1,  ,2,  ,  ,23,23,1,  ,  ,C03,24.178588,120.645022,3
2018,9,14,19,33,臺中市,北屯區,0,0,,8,,,50,,,,,,,,,,,,,,,,,,,,B03,,,1,,2,,,23,,1,  ,,B03,24.173051,120.73554,3
2018,9,14,19,34,臺中市,南區,0,0,,8,3,5,50,14,7,1,5,4,5,7,4,4,5,5,4,2,13,,,,,,B03,,,1,,2,,,42,,1,  ,,B03,24.113536,120.659211,3
2018,9,14,19,48,臺中市,梧棲區,0,1,0,8,3,5,50,4,1,1,5,4,5,7,4,4,10,5,5,1,16,23,2,9,3,4,C03,7,14,1,10,2,11,  ,38,23,1,21,8,C03,24.252126,120.527984,2
2018,9,14,19,50,臺中市,沙鹿區,0,0,,8,,,50,,,,,,,,,,,,,,,,,,,,B03,,,1,,2,,,42,,1,3,,B03,24.201767,120.579914,3
2018,9,14,19,51,臺中市,北屯區,0,1,0,8,3,5,50,14,7,1,5,4,5,7,4,4,9,5,4,2,12,19,3,10,1,1,B03,7,1,1,8,2,8,  ,19,19,1,21,8,B03,24.186844,120.683921,2
2018,9,14,19,58,臺中市,龍井區,0,1,0,8,3,5,50,4,1,1,5,4,5,7,1,1,10,5,5,2,16,43,2,8,1,1,C03,7,5,1,10,2,11,  ,43,43,1,21,8,C03,24.18619,120.545311,2
2018,9,14,20,2,臺中市,大里區,0,0,,8,,,40,,,,,,,,,,,,,,,,,,,,B03,,,1,,2,,,8,,1,22,,B03,24.100501,120.691961,3
2018,9,14,20,8,臺中市,北區,,,,8,,,50,,,,,,,,,,,,,,,,,,,,   ,,,7,,11,,,43,,  ,  ,,   ,24.149927,120.684087,3
2018,9,14,20,26,臺中市,西區,0,0,0,8,,,50,,,,,,,,,,,,,,,12,  ,  ,  ,  ,B03,  ,  ,1,  ,2,  ,  ,12,12,1,5,  ,B03,24.148229,120.661581,3
2018,9,14,20,30,臺中市,西屯區,0,2,0,8,3,5,40,4,1,1,5,4,5,7,3,1,10,5,5,2,15,6,2,9,1,1,C03,7,9,1,10,2,11,  ,6,6,1,22,8,C03,24.169207,120.650299,2
2018,9,14,20,30,臺中市,清水區,0,0,0,8,,,40,,,,,,,,,,,,,,,12,  ,  ,  ,  ,B12,  ,  ,1,  ,2,  ,  ,12,12,1,21,  ,B12,24.26428,120.56357,3
2018,9,14,20,35,臺中市,北屯區,0,2,0,8,3,5,50,3,2,1,5,4,5,7,4,4,5,4,5,2,17,26,2,9,1,1,C03,7,9,1,10,2,11,  ,26,26,1,4,8,C03,24.1688,120.7183,2
2018,9,14,20,36,臺中市,南屯區,0,0,,8,,,50,,,,,,,,,,,,,,,,,,,,B03,,,1,,2,,,6,,1,  ,,B03,24.152278,120.633783,3
2018,9,14,20,36,臺中市,南屯區,0,0,,,,,,,,,,,,,,,,,,,,,,,,,B03,,,1,,2,,,7,,1,  ,,B03,24.149276,120.624021,3
2018,9,14,20,36,臺中市,大雅區,0,1,0,8,3,5,50,4,2,1,5,4,5,7,1,1,5,5,5,1,13,23,3,10,1,1,B03,7,9,1,8,2,5,  ,23,23,1,22,7,B03,24.152336,120.654221,2
2018,9,14,20,40,臺中市,南區,0,2,0,8,3,5,40,14,8,1,5,4,5,7,4,4,1,4,4,2,17,42,2,9,1,1,C03,7,6,1,10,2,11,  ,42,42,1,22,8,C03,24.113862,120.653847,2
2018,9,14,20,42,臺中市,西區,0,1,0,8,3,5,50,4,1,1,5,4,5,7,1,1,10,5,5,2,12,42,2,9,1,1,C03,7,9,1,10,2,12,  ,42,42,1,5,8,C03,24.146659,120.661716,2
2018,9,14,20,55,臺中市,南屯區,0,0,0,8,,,50,,,,,,,,,,,,,,,23,  ,  ,  ,  ,B11,  ,  ,1,4,2,  ,  ,23,23,1,12,  ,B11,24.136404,120.6069,3
2018,9,14,20,55,臺中市,太平區,0,0,0,8,,,50,,,,,,,,,,,,,,,19,  ,  ,  ,  ,B12,  ,  ,1,  ,2,  ,  ,19,19,1,9,  ,B12,24.148996,120.719775,3
2018,9,14,21,0,臺中市,梧棲區,0,0,,8,,,50,,,,,,,,,,,,,,,,,,,,B03,,,1,,2,,,12,,1,9,,B03,24.257866,120.530095,3
2018,9,14,21,5,臺中市,南屯區,0,2,0,8,3,5,50,4,9,1,5,4,5,7,3,1,10,5,5,2,16,19,3,10,3,4,B03,7,1,1,7,2,8,  ,19,19,1,12,8,B03,24.13898,120.612701,2
2018,9,14,21,14,臺中市,南屯區,0,0,,8,,,50,,,,,,,,,,,,,,,,,,,,B03,,,1,,2,,,7,,1,5,,B03,24.153706,120.646661,3
2018,9,14,21,15,臺中市,清水區,0,0,,8,,,40,,,,,,,,,,,,,,,,,,,,B03,,,1,,2,,,12,,1,21,,B03,24.267528,120.575125,3
2018,9,14,21,18,臺中市,西屯區,0,1,0,8,3,5,50,4,1,1,5,4,5,7,1,1,5,5,5,2,16,26,2,9,1,1,C03,7,5,1,10,2,14,  ,44,26,1,21,8,C03,24.166914,120.651164,2
2018,9,14,21,20,臺中市,南屯區,1,0,0,8,3,5,40,14,8,1,5,4,5,7,2,1,1,5,1,2,20,21,1,9,1,1,C03,7,9,1,10,8,14,  ,21,21,1,5,8,C03,24.150511,120.612071,1
2018,9,14,21,22,臺中市,西屯區,0,1,0,8,3,5,50,4,8,1,5,4,5,7,2,1,5,4,4,2,16,26,3,10,1,1,B02,7,5,1,4,2,8,  ,26,26,1,10,8,B02,24.172213,120.64563,2
2018,9,14,21,24,臺中市,北屯區,0,1,0,8,3,5,50,4,1,1,5,4,5,7,1,1,10,5,5,2,16,25,3,10,1,1,B03,7,9,1,8,2,1,  ,25,25,1,21,8,B03,24.176626,120.722493,2
2018,9,14,21,25,臺中市,霧峰區,0,0,,8,,,40,,,,,,,,,,,,,,,,,,,,B03,,,1,,2,,,12,,1,  ,,B03,24.038463,120.71425,3
2018,9,14,21,26,臺中市,西屯區,0,1,0,8,1,5,50,4,1,1,5,4,5,7,2,3,10,5,5,2,15,6,2,9,1,1,C03,7,9,1,10,2,13,  ,6,6,1,22,8,C03,24.186639,120.639237,2
2018,9,14,21,40,臺中市,南區,0,1,0,8,3,5,50,14,22,1,5,4,5,7,4,4,3,4,4,2,17,43,3,10,1,1,B03,7,9,1,8,2,5,  ,43,43,1,21,8,B03,24.130076,120.672744,2
2018,9,14,21,41,臺中市,南屯區,0,3,0,8,3,5,40,3,9,1,5,4,5,7,1,1,10,5,5,2,16,25,2,9,3,4,C03,7,9,1,10,2,11,  ,25,25,1,12,8,C03,24.166511,120.585465,2
2018,9,14,21,50,臺中市,北屯區,0,0,,8,,,50,,,,,,,,,,,,,,,,,,,,B03,,,1,,2,,,23,,1,  ,,B03,24.183646,120.687736,3
2018,9,14,21,54,臺中市,北區,,,,8,,,50,,,,,,,,,,,,,,,,,,,,B12,,,1,,2,,,7,,1,  ,,B12,24.162837,120.673421,3
2018,9,14,22,0,臺中市,北區,0,0,,8,,,50,,,,,,,,,,,,,,,,,,,,C03,,,1,,11,,,23,,2,22,,C03,24.1465,120.686,3
2018,9,14,22,1,臺中市,中區,0,1,0,8,3,5,50,14,9,1,5,4,5,7,4,4,5,4,5,2,9,43,3,10,1,1,A02,7,14,1,2,11,5,  ,43,43,1,10,1,A02,24.144743,120.676954,2
2018,9,14,22,7,臺中市,西屯區,0,0,,8,,,50,,,,,,,,,,,,,,,,,,,,B03,,,1,,2,,,19,,1,  ,,B03,24.162243,120.657996,3
2018,9,14,22,25,臺中市,西屯區,0,1,0,8,3,5,50,14,7,1,5,4,5,7,4,4,5,4,4,2,17,26,2,9,3,4,C03,7,1,1,10,2,12,  ,26,26,1,22,8,C03,24.171784,120.646288,2
2018,9,14,22,28,臺中市,北屯區,0,1,0,8,3,5,50,4,1,1,5,4,5,7,2,1,10,5,5,2,16,25,3,10,1,1,B03,7,5,1,6,2,6,  ,25,25,1,19,8,B03,24.1624,120.6928,2
2018,9,14,22,30,臺中市,大雅區,0,0,,8,,,40,,,,,,,,,,,,,,,,,,,,B03,,,1,,2,,,16,,1,21,,B03,24.216158,120.667035,3
2018,9,14,22,50,臺中市,西屯區,0,2,0,8,3,5,50,3,1,1,5,4,5,7,4,4,10,5,5,2,14,12,3,10,1,1,B03,7,5,1,8,2,2,  ,23,12,1,22,8,B03,24.174103,120.643869,2
2018,9,14,23,0,臺中市,烏日區,0,1,0,8,1,5,50,3,1,1,5,4,4,7,1,1,10,5,5,2,29,50,3,10,1,1,B03,7,9,1,8,2,10,  ,50,50,1,21,8,B03,24.103078,120.6141,2
2018,9,14,23,42,臺中市,西區,0,1,0,8,3,5,50,4,1,1,5,4,5,7,1,2,10,5,5,2,13,23,3,10,1,1,B12,7,6,1,8,2,5,  ,23,23,1,21,8,B12,24.155823,120.662556,2
2018,9,15,0,16,臺中市,西屯區,0,2,0,8,3,5,40,14,9,1,5,4,5,7,4,4,10,5,5,2,9,23,2,9,3,4,C03,7,9,1,9,2,11,  ,23,23,1,21,8,C03,24.174878,120.648055,2
2018,9,15,2,26,臺中市,西屯區,0,2,0,8,1,5,50,3,2,1,5,4,5,7,4,4,10,4,5,2,13,21,3,10,3,4,B03,7,9,1,8,8,1,  ,21,21,1,21,8,B03,24.170832,120.637187,2