年,月,日,時,分,縣市,區,死,受傷,2-30,天候,光線,道路類別,速限,道路型態,事故位置,路面鋪裝,路面狀態,路面缺陷,障礙物,視距,號誌種類,號誌動作,分向設施,快車道或一般車道間,快慢車道間,路面邊線,事故類型及型態,主要肇因,受傷程度,主要傷處,保護裝備,行動電話,當事者區分_類別,車輛用途,當事者行動狀態,駕駛資格情形,駕駛執照種類,飲酒情形,車輛撞擊部位最初,車輛撞擊部位其他,肇事因素個別,肇事因素主要,肇事逃逸,職業,旅次目的,車種,GPS座標_緯度,GPS座標_經度,事故類別
2018,9,15,5,18,臺中市,北區,0,0,0,8,,,50,,,,,,,,,,,,,,,23,  ,  ,  ,  ,B12,  ,  ,1,  ,2,  ,  ,23,23,1,  ,  ,B12,24.163125,120.674357,3
2018,9,15,6,8,臺中市,烏日區,0,0,,8,,,50,,,,,,,,,,,,,,,,,,,,B03,,,1,,2,,,7,,1,22,,B03,24.113443,120.619058,3
2018,9,15,6,57,臺中市,沙鹿區,0,1,0,7,1,5,60,3,1,1,5,4,5,7,2,1,1,2,1,1,16,25,3,10,1,1,B03,7,5,1,8,2,2,  ,25,25,1,4,8,B03,24.209236,120.581395,2
2018,9,15,7,5,臺中市,沙鹿區,0,1,0,8,1,5,40,14,8,1,5,4,5,7,4,4,1,4,4,2,13,23,2,9,1,1,C03,7,9,1,10,2,11,  ,23,23,1,4,8,C03,24.208776,120.560868,2
2018,9,15,7,15,臺中市,西區,0,1,0,8,1,5,50,3,2,1,5,4,5,7,1,1,5,4,5,2,18,42,2,9,1,1,C03,7,9,1,10,2,14,  ,42,42,1,21,8,C03,24.137793,120.674843,2
2018,9,15,7,15,臺中市,大甲區,0,1,0,7,1,5,40,4,1,1,5,4,5,7,4,4,10,5,5,2,15,6,2,9,1,1,C03,7,9,1,10,2,11,  ,6,6,1,20,8,C03,24.38144,120.654253,2
2018,9,15,7,30,臺中市,梧棲區,0,0,,8,,,60,,,,,,,,,,,,,,,,,,,,B03,,,1,,2,,,12,,  ,  ,,B03,24.246518,120.534624,4
2018,9,15,7,39,臺中市,北區,0,1,0,8,1,5,40,4,1,1,5,4,5,7,1,1,10,5,5,2,17,43,3,10,1,1,B12,7,1,1,8,2,4,  ,43,43,1,22,8,B12,24.157541,120.685121,2
2018,9,15,7,59,臺中市,太平區,0,0,,8,,,40,,,,,,,,,,,,,,,,,,,,B03,,,1,,2,,,12,,1,9,,B03,24.098506,120.724821,3
2018,9,15,8,8,臺中市,太平區,0,2,0,8,1,8,40,4,1,1,5,4,5,7,4,4,10,5,5,2,16,6,2,9,1,1,C03,7,5,1,10,2,11,  ,6,6,1,18,8,C03,24.125688,120.712645,2
2018,9,15,8,10,臺中市,清水區,0,2,0,8,1,5,50,14,9,1,5,4,5,7,4,4,9,4,4,2,16,10,2,8,4,5,F01,7,11,8,20,2,16,  ,10,10,1,22,8,F01,24.275381,120.56502,2
2018,9,15,8,11,臺中市,南屯區,0,0,,8,,,50,,,,,,,,,,,,,,,23,,,,,B03,,,1,,2,,,42,23,1,21,,B03,24.145199,120.622036,3
2018,9,15,8,40,臺中市,東區,0,2,0,7,1,5,50,14,9,1,5,4,5,7,4,4,9,5,5,2,16,6,2,8,1,1,C03,7,5,1,10,2,12,  ,6,6,1,21,8,C03,24.134884,120.69451,2
2018,9,15,8,40,臺中市,北屯區,0,2,0,8,1,5,50,4,1,1,5,4,5,7,1,1,10,5,5,2,16,23,2,9,3,4,C03,7,9,1,10,2,11,  ,23,23,1,21,8,C03,24.176961,120.684878,2
2018,9,15,8,43,臺中市,新社區,0,1,0,8,1,5,50,4,1,1,5,4,5,7,4,4,10,5,5,2,16,6,3,10,1,1,B03,7,6,1,8,2,8,  ,6,6,1,21,8,B03,24.229706,120.8002,2
2018,9,15,8,45,臺中市,西屯區,0,2,0,7,1,5,50,4,1,1,5,4,5,7,1,1,10,5,5,2,16,6,3,10,1,1,B03,7,6,1,8,2,5,  ,6,6,1,22,8,B03,24.184426,120.642492,2
2018,9,15,8,48,臺中市,西屯區,0,0,,8,,,40,,,,,,,,,,,,,,,,,,,,B03,,,1,,2,,,23,,1,21,,B03,24.163469,120.628917,3
2018,9,15,9,7,臺中市,中區,0,0,,,,,,,,,,,,,,,,,,,,,,,,,B02,,,1,,2,,,42,,1,  ,,B02,,,3
2018,9,15,9,7,臺中市,潭子區,0,1,0,7,1,5,50,4,1,1,5,4,5,7,3,1,5,4,5,2,15,6,3,10,1,1,B02,7,9,1,4,2,1,  ,6,6,1,22,8,B02,24.19718,120.70133,2
2018,9,15,9,18,臺中市,大里區,0,0,,8,,,50,,,,,,,,,,,,,,,,,,,,B03,,,1,,2,,,43,,1,22,,B03,24.087284,120.707065,3
2018,9,15,9,23,臺中市,西區,0,0,0,8,,,50,,,,,,,,,,,,,,,12,3,  ,  ,  ,B03,  ,  ,6,  ,2,  ,  ,12,12,  ,5,  ,B03,24.150672,120.658204,3
2018,9,15,9,23,臺中市,大雅區,0,0,,8,,,40,,,,,,,,,,,,,,,,,,,,C04,,,1,,2,,,16,,1,  ,,C04,24.228517,120.634664,3
2018,9,15,9,29,臺中市,西屯區,0,0,,8,,,40,,,,,,,,,,,,,,,,,,,,B12,,,1,,2,,,12,,1,22,,B12,24.171588,120.646271,3
2018,9,15,9,33,臺中市,豐原區,0,1,0,8,1,5,50,3,2,1,5,4,5,7,1,1,5,5,4,2,12,17,2,8,3,4,C03,7,14,1,10,2,14,  ,44,17,1,22,8,C03,24.24889,120.714743,2
2018,9,15,9,34,臺中市,南屯區,0,1,0,8,1,5,50,14,9,1,5,4,5,7,4,4,1,4,5,2,16,6,3,10,3,4,B03,7,6,1,8,2,2,  ,6,6,1,22,9,B03,24.135338,120.64636,2
2018,9,15,9,41,臺中市,西區,0,2,0,8,1,5,40,14,7,1,5,4,5,7,4,4,5,4,4,2,17,42,2,9,3,4,C03,7,15,1,10,2,13,  ,42,42,1,21,8,C03,24.146737,120.65421,2
2018,9,15,9,41,臺中市,北屯區,0,0,,8,,,50,,,,,,,,,,,,,,,44,,,,,B03,,,1,,2,,,44,44,1,2,,B03,24.173433,120.713876,3
2018,9,15,9,46,臺中市,西屯區,0,0,,8,,,40,,,,,,,,,,,,,,,,,,,,B03,,,1,,2,,,6,,1,  ,,B03,24.182755,120.648181,3
2018,9,15,9,46,臺中市,沙鹿區,0,1,0,8,1,5,50,4,1,1,5,4,5,7,3,1,10,5,5,2,15,6,2,9,1,1,C03,7,9,1,10,2,12,  ,6,6,1,21,8,C03,24.236479,120.560699,2
2018,9,15,10,5,臺中市,太平區,0,1,0,6,1,5,50,3,1,1,4,4,5,7,4,4,5,4,5,1,12,1,3,10,1,1,B03,7,4,1,8,2,2,  ,1,1,1,5,8,B03,24.149444,120.734166,2
2018,9,15,10,6,臺中市,西屯區,0,3,0,7,1,5,50,3,1,1,5,4,5,7,1,1,10,5,5,2,16,7,2,9,1,1,C03,7,7,3,18,2,11,  ,7,7,1,19,8,C03,24.185128,120.624809,2
2018,9,15,10,14,臺中市,潭子區,0,1,0,8,1,5,50,3,3,1,5,4,5,7,2,1,4,5,5,1,14,12,3,10,1,1,B12,7,2,1,8,2,15,  ,12,12,1,22,9,B12,24.19086,120.702567,2
2018,9,15,10,19,臺中市,南屯區,0,0,0,8,1,5,50,4,1,1,5,4,5,7,1,,10,5,5,2,16,10,3,10,1,1,B03,7,11,1,8,2,1,  ,10,10,1,22,8,B03,24.140993,120.952962,3
2018,9,15,10,30,臺中市,大肚區,0,0,,8,,,50,,,,,,,,,,,,,,,,,,,,B03,,,1,,2,,,23,,1,5,,B03,24.119331,120.577086,3
2018,9,15,10,34,臺中市,大里區,0,1,0,8,1,5,50,3,2,1,4,4,5,7,4,4,5,2,5,1,18,21,2,9,1,1,C03,7,9,3,18,8,15,  ,21,21,1,22,9,C03,24.087911,120.704234,2
2018,9,15,10,37,臺中市,北屯區,0,0,,8,,,40,,,,,,,,,,,,,,,19,,,,,A12,,,1,,2,,,44,19,1,4,,A12,24.190496,120.685631,3
2018,9,15,10,48,臺中市,西屯區,0,1,0,8,1,5,40,4,1,1,5,4,5,7,1,1,10,5,5,2,18,23,2,9,1,1,C03,7,9,1,17,2,14,  ,23,23,1,4,8,C03,24.182995,120.602747,2
2018,9,15,10,48,臺中市,大雅區,0,0,,8,,,40,,,,,,,,,,,,,,,,,,,,B12,,,1,,2,,,23,,1,  ,,B12,24.22021,120.648496,3
2018,9,15,11,5,臺中市,清水區,0,0,0,8,,,80,,,,,,,,,,,,,,,17,  ,  ,  ,  ,A11,  ,  ,1,  ,2,  ,  ,17,17,1,10,  ,A11,24.270325,120.545126,3
2018,9,15,11,10,臺中市,外埔區,0,1,0,8,1,5,50,14,9,1,5,4,5,7,4,4,9,5,5,1,13,23,2,7,1,1,C03,7,9,1,10,2,14,  ,23,23,1,21,8,C03,24.340568,120.64504,2
2018,9,15,11,10,臺中市,大雅區,0,0,,8,,,50,,,,,,,,,,,,,,,,,,,,B03,,,1,,2,,,16,,1,  ,,B03,24.216741,120.649105,3
2018,9,15,11,14,臺中市,北屯區,0,0,,8,,,50,,,,,,,,,,,,,,,,,,,,B02,,,1,,2,,,7,,1,4,,B02,24.17593,120.71941,3
2018,9,15,11,16,臺中市,西屯區,0,1,0,7,1,5,40,3,1,1,5,4,5,7,4,4,10,5,5,2,18,23,2,9,3,4,C03,7,9,1,10,2,14,  ,23,23,1,22,9,C03,24.171313,120.646538,2
2018,9,15,11,20,臺中市,西區,0,0,,8,,,50,,,,,,,,,,,,,,,,,,,,B03,,,1,,2,,,42,,1,21,,B03,24.14114,120.666655,3
2018,9,15,11,20,臺中市,大肚區,0,2,0,6,1,5,50,3,1,1,4,4,5,7,4,4,10,5,5,2,16,6,3,10,1,1,B03,7,5,1,8,2,1,  ,6,6,1,5,7,B03,24.1564,120.539005,2
2018,9,15,11,27,臺中市,南屯區,0,0,,8,,,40,,,,,,,,,,,,,,,,,,,,A12,,,1,,2,,,12,,1,  ,,A12,24.140508,120.639821,3
2018,9,15,11,29,臺中市,西屯區,0,2,0,8,1,5,40,3,1,1,5,4,5,7,4,4,10,5,5,2,16,6,2,9,1,1,C03,7,5,1,10,2,14,  ,6,6,1,21,8,C03,24.183876,120.615323,2
2018,9,15,11,31,臺中市,太平區,0,0,0,8,,,50,,,,,,,,,,,,,,,42,  ,  ,  ,  ,B03,  ,  ,1,  ,2,  ,  ,44,42,1,9,  ,B03,24.125754,120.718209,3
2018,9,15,11,34,臺中市,西區,0,1,0,8,1,5,50,14,9,1,5,4,5,7,4,4,5,4,5,2,12,42,2,9,1,1,C04,7,9,1,11,2,14,  ,42,42,1,21,8,C04,24.15486,120.653255,2
2018,9,15,11,35,臺中市,北屯區,0,0,,8,,,50,,,,,,,,,,,,,,,,,,,,B03,,,1,,2,,,16,,1,21,,B03,24.177935,120.694938,3
2018,9,15,11,40,臺中市,東區,0,2,0,8,1,5,50,4,1,1,5,4,5,7,1,1,10,5,5,2,16,6,3,10,1,1,B12,7,1,1,8,2,2,  ,6,6,1,5,8,B12,24.142717,120.701224,2
2018,9,15,11,43,臺中市,中區,0,0,0,8,,,50,,,,,,,,,,,,,,,7,3,  ,  ,  ,B03,  ,  ,1,  ,2,  ,  ,7,7,  ,5,  ,B03,24.140524,120.681174,3
2018,9,15,11,47,臺中市,北屯區,0,0,,8,,,50,,,,,,,,,,,,,,,,,,,,B01,,,1,,2,,,6,,1,10,,B01,24.180215,120.68596,3
2018,9,15,11,50,臺中市,太平區,0,0,,8,,,50,,,,,,,,,,,,,,,,,,,,B03,,,1,,2,,,23,,1,9,,B03,24.147946,120.700166,3
2018,9,15,11,52,臺中市,烏日區,0,1,0,8,1,5,60,3,2,1,5,4,5,7,4,4,1,4,5,1,12,7,3,10,1,1,B03,7,8,1,8,2,5,  ,7,7,1,21,8,B03,24.10949,120.644061,2
2018,9,15,11,54,臺中市,潭子區,0,1,0,7,1,5,40,11,9,1,5,4,5,7,4,4,10,5,5,2,11,5,3,10,1,1,B03,7,5,1,8,2,4,  ,5,5,1,22,8,B03,24.197427,120.697414,2
2018,9,15,11,56,臺中市,西屯區,0,0,,8,,,40,,,,,,,,,,,,,,,,,,,,B03,,,1,,2,,,42,,1,5,,B03,24.171754,120.63501,3
2018,9,15,12,0,臺中市,北區,0,0,0,8,,,50,,,,,,,,,,,,,,,23,  ,  ,  ,  ,B12,  ,  ,1,  ,2,  ,  ,23,23,1,22,  ,B12,24.163157,120.676761,3
2018,9,15,12,5,臺中市,南區,0,1,0,8,1,5,50,4,1,1,5,4,5,7,4,4,10,5,5,2,15,6,3,10,1,1,B03,7,9,1,8,2,2,  ,6,6,1,22,8,B03,24.11946,120.66318,2
2018,9,15,12,7,臺中市,外埔區,0,0,,8,,,,,,,,,,,,,,,,,,,,,,,B12,,,1,,2,,,23,,  ,21,,B12,24.341861,120.63866,3
2018,9,15,12,10,臺中市,和平區,0,1,0,6,1,5,40,12,9,1,4,4,5,7,4,4,10,5,5,1,10,42,3,10,1,1,A11,7,9,4,7,2,5,  ,42,42,1,10,8,A11,24.256768,121.261035,2
2018,9,15,12,10,臺中市,潭子區,0,0,,8,,,50,,,,,,,,,,,,,,,,,,,,B01,,,1,,2,,,12,,1,22,,B01,24.216087,120.702383,3
2018,9,15,12,12,臺中市,北區,0,2,0,8,1,5,50,3,1,1,5,4,5,7,1,1,10,5,5,2,15,25,2,9,1,4,C03,7,9,1,10,2,12,  ,25,25,1,21,8,C03,24.159445,120.673632,2
2018,9,15,12,15,臺中市,太平區,0,1,0,7,1,5,50,3,1,1,5,4,5,7,4,4,5,5,4,1,16,26,3,10,1,1,C03,7,11,3,18,2,12,  ,26,26,1,5,8,C03,24.148888,120.717777,2
2018,9,15,12,19,臺中市,北區,0,1,0,8,1,5,50,14,7,1,5,4,5,7,4,4,5,5,4,2,13,13,2,9,1,1,C03,7,9,1,10,2,14,  ,13,13,1,22,8,C03,24.165913,120.675356,2
2018,9,15,12,20,臺中市,大里區,0,0,,8,,,50,,,,,,,,,,,,,,,26,,,,,B03,,,1,,2,,,12,26,1,22,,B03,24.096355,120.70013,3
2018,9,15,12,20,臺中市,梧棲區,0,0,,8,,,50,,,,,,,,,,,,,,,,,,,,A02,,,1,,2,,,23,,  ,  ,,A02,24.263821,120.532864,4
2018,9,15,12,20,臺中市,清水區,0,0,0,8,,,70,,,,,,,,,,,,,,,23,  ,  ,  ,  ,B03,  ,  ,1,  ,2,  ,  ,23,23,1,21,  ,B03,24.289123,120.540391,3
2018,9,15,12,30,臺中市,南屯區,0,0,,8,,,50,,,,,,,,,,,,,,,,,,,,B03,,,1,,1,,,16,,1,22,,B03,24.137684,120.612492,3
2018,9,15,12,30,臺中市,北屯區,0,0,0,8,1,5,40,3,2,1,5,4,5,7,4,4,10,5,5,2,14,12,3,10,3,4,A12,7,2,1,7,2,3,  ,12,12,1,21,8,A12,24.175311,120.76665,3
2018,9,15,12,38,臺中市,西區,0,0,,8,,,40,,,,,,,,,,,,,,,,,,,,B03,,,1,,2,,,23,,1,5,,B03,24.158008,120.660139,4
2018,9,15,12,40,臺中市,南區,0,0,0,8,,,50,,,,,,,,,,,,,,,,3,  ,  ,  ,B03,  ,  ,1,  ,2,  ,  ,23,  ,1,21,  ,B03,24.118126,120.679425,3
2018,9,15,13,0,臺中市,北屯區,0,0,,8,,,40,,,,,,,,,,,,,,,,,,,,B03,,,1,,9,,,23,,1,21,,B03,24.193601,120.684443,3
2018,9,15,13,13,臺中市,北區,,,,8,,,50,,,,,,,,,,,,,,,,,,,,B03,,,1,,2,,,25,,1,18,,B03,24.152443,120.682405,3
2018,9,15,13,15,臺中市,北屯區,0,1,0,8,1,5,50,3,1,1,5,4,5,7,1,1,10,5,5,2,16,8,2,9,3,4,C03,7,5,1,10,2,14,  ,8,8,1,22,8,C03,24.188561,120.722255,2
2018,9,15,13,46,臺中市,西屯區,0,0,,8,,,50,,,,,,,,,,,,,,,,,,,,B03,,,1,,2,,,17,,1,21,,B03,24.161652,120.656545,3
2018,9,15,13,53,臺中市,大雅區,0,0,,8,,,50,,,,,,,,,,,,,,,,,,,,B03,,,1,,2,,,16,,1,  ,,B03,24.216751,120.666337,3
2018,9,15,13,57,臺中市,中區,0,0,,8,1,5,50,4,1,1,5,4,5,7,1,1,5,2,5,2,16,,,,,,A02,,,1,,2,,,8,,1,10,,A02,24.141699,120.678787,3
2018,9,15,13,57,臺中市,西屯區,0,2,0,8,1,5,40,5,1,1,5,4,5,7,1,1,10,5,5,2,16,6,3,10,1,1,B03,7,6,1,8,2,5,  ,6,6,1,22,8,B03,24.182938,120.613079,2
2018,9,15,13,58,臺中市,南屯區,0,0,0,8,1,5,40,14,8,1,5,4,5,7,4,4,5,4,4,2,17,43,  ,  ,  ,  ,   ,  ,  ,  ,  ,  ,  ,  ,43,43,1,  ,  ,   ,24.134722,120.647772,3
2018,9,15,13,59,臺中市,西屯區,0,1,0,8,1,5,50,3,1,1,5,4,5,7,1,1,4,3,4,2,16,6,3,10,1,1,B03,7,6,1,8,2,5,  ,6,6,1,21,8,B03,24.187271,120.643183,2
2018,9,15,14,0,臺中市,北屯區,0,0,,8,,,50,,,,,,,,,,,,,,,,,,,,B03,,,1,,2,,,23,,1,4,,B03,24.170268,120.732866,3
2018,9,15,14,3,臺中市,西屯區,0,0,,8,,,50,,,,,,,,,,,,,,,,,,,,   ,,,7,,11,,,67,,1,  ,,   ,24.180157,120.638895,3
2018,9,15,14,12,臺中市,北區,0,1,0,8,1,5,50,14,8,1,5,4,5,7,4,4,5,4,5,2,13,16,2,8,1,4,C03,7,9,1,10,2,11,  ,16,16,1,21,8,C03,24.150544,120.687918,2
2018,9,15,14,14,臺中市,烏日區,0,0,,8,,,50,,,,,,,,,,,,,,,,,,,,B03,,,1,,2,,,19,,1,22,,B03,24.116092,120.616646,3
2018,9,15,14,20,臺中市,西區,0,1,0,8,1,5,50,4,1,1,5,4,5,7,4,4,10,5,5,2,18,42,2,9,1,1,C03,7,9,1,10,2,14,  ,42,42,1,22,9,C03,24.147341,120.669713,2
2018,9,15,14,29,臺中市,北區,0,1,0,8,1,5,50,5,1,1,5,4,5,7,2,1,10,5,5,2,16,26,3,10,1,1,B03,7,6,1,7,2,5,  ,26,26,1,22,8,B03,24.154741,120.686129,2
2018,9,15,14,30,臺中市,南區,0,0,0,8,1,5,40,14,8,1,5,4,5,7,4,4,1,4,4,2,12,23,3,10,1,1,B03,7,15,1,8,1,2,  ,23,23,1,22,8,B03,24.117101,120.658855,3
2018,9,15,14,32,臺中市,西屯區,0,0,0,8,,,50,,,,,,,,,,,,,,,9,  ,  ,  ,  ,B03,  ,  ,1,  ,2,  ,  ,9,9,1,21,  ,B03,24.16911,120.660099,3
2018,9,15,14,35,臺中市,北屯區,0,0,,8,,,50,,,,,,,,,,,,,,,,,,,,B03,,,1,,2,,,16,,1,  ,,B03,24.17385,120.670189,3
2018,9,15,14,38,臺中市,龍井區,0,1,0,8,1,5,50,14,7,1,5,4,5,7,4,4,3,4,4,2,12,40,3,10,1,1,B03,7,15,1,8,2,4,  ,40,40,1,1,8,B03,24.20006,120.547013,2
2018,9,15,14,39,臺中市,北區,0,0,0,8,,,50,,,,,,,,,,,,,,,19,  ,  ,  ,  ,B03,  ,  ,1,  ,2,  ,  ,19,19,1,3,  ,B03,24.162969,120.681902,3
2018,9,15,14,45,臺中市,西區,0,0,0,8,,,50,,,,,,,,,,,,,,,,3,  ,  ,  ,B03,  ,  ,1,  ,2,  ,  ,23,  ,  ,21,  ,B03,24.152169,120.66579,3
2018,9,15,14,45,臺中市,潭子區,0,0,0,8,,,50,,,,,,,,,,,,,,,14,  ,  ,  ,  ,B03,  ,  ,1,  ,2,  ,  ,6,14,1,22,  ,B03,24.224069,120.695128,3
2018,9,15,14,53,臺中市,南屯區,0,0,,8,,,40,,,,,,,,,,,,,,,,,,,,B03,,,1,,2,,,12,,1,22,,B03,24.14993,120.636681,3
2018,9,15,14,57,臺中市,西屯區,0,0,,8,,,50,,,,,,,,,,,,,,,,,,,,B03,,,1,,2,,,23,,1,21,,B03,24.200033,120.655362,3
2018,9,15,14,57,臺中市,西屯區,0,0,,8,,,70,,,,,,,,,,,,,,,,,,,,B03,,,1,,2,,,23,,1,22,,B03,24.185301,120.587812,3
2018,9,15,15,0,臺中市,北區,0,1,0,8,1,5,50,4,1,1,5,4,5,7,1,1,10,5,5,2,16,23,2,7,1,1,C03,7,5,1,10,2,11,  ,23,23,1,5,8,C03,24.151673,120.678108,2
2018,9,15,15,5,臺中市,西區,0,0,,8,1,5,50,14,7,1,5,4,5,7,4,4,1,3,4,2,13,,,,,,B03,,,3,,2,,,23,,1,5,,B03,24.146674,120.672577,4
2018,9,15,15,13,臺中市,太平區,0,0,,8,,,50,,,,,,,,,,,,,,,,,,,,B03,,,1,,2,,,12,,1,18,,B03,24.150518,120.703281,3
2018,9,15,15,21,臺中市,南屯區,0,0,0,8,1,5,50,14,7,1,5,,,,4,4,5,5,4,2,13,23,3,10,1,1,A02,7,9,1,2,2,1,  ,23,23,1,10,8,A02,24.152447,120.635016,3
2018,9,15,15,30,臺中市,北區,0,1,0,8,1,5,50,5,1,1,5,4,5,7,2,1,10,5,5,2,15,25,2,9,1,1,C03,7,9,1,10,2,12,  ,25,25,1,21,8,C03,24.164905,120.670565,2
2018,9,15,15,37,臺中市,北區,0,2,0,8,1,5,50,14,9,1,5,4,5,7,4,4,5,5,4,2,16,26,2,8,1,1,C03,7,7,1,10,2,11,  ,26,26,1,21,8,C03,24.161503,120.686935,2
2018,9,15,16,3,臺中市,北屯區,0,0,,8,,,50,,,,,,,,,,,,,,,,,,,,B03,,,1,,2,,,23,,1,  ,,B03,24.182284,120.691345,3
2018,9,15,16,4,臺中市,南屯區,0,1,0,8,1,5,40,14,17,1,5,4,5,7,4,4,1,5,5,1,29,43,2,9,1,1,B12,7,15,1,8,2,1,2,43,43,1,10,4,B12,24.153844,120.617764,2
2018,9,15,16,5,臺中市,中區,0,1,0,8,1,5,50,4,1,1,5,4,5,7,4,4,10,5,5,2,15,6,3,10,1,1,C03,7,9,1,10,2,12,  ,6,6,1,21,8,C03,24.138659,120.682298,2
2018,9,15,16,8,臺中市,西屯區,0,0,,8,,,50,,,,,,,,,,,,,,,,,,,,B03,,,1,,2,,,23,,1,  ,,B03,24.201526,120.6569,3
2018,9,15,16,15,臺中市,西區,0,0,0,8,,,50,,,,,,,,,,,,,,,,3,  ,  ,  ,B03,  ,  ,1,  ,2,  ,  ,23,  ,  ,21,  ,B03,24.146849,120.65735,4
2018,9,15,16,18,臺中市,北區,0,0,0,8,,,50,,,,,,,,,,,,,,,,3,  ,  ,  ,C03,  ,  ,1,  ,2,  ,  ,42,  ,1,21,  ,C03,24.146613,120.683988,3
2018,9,15,16,22,臺中市,西屯區,0,2,0,8,1,5,80,14,9,1,5,4,5,7,4,4,9,4,5,2,29,48,2,9,1,1,B12,7,9,1,8,2,1,  ,48,48,1,21,8,B12,24.164624,120.629598,2
2018,9,15,16,26,臺中市,沙鹿區,0,0,,8,,,40,,,,,,,,,,,,,,,,,,,,B03,,,1,,2,,,23,,1,2,,B03,24.203513,120.56761,3
2018,9,15,16,34,臺中市,西屯區,0,1,0,8,1,5,50,4,1,1,5,4,5,7,2,1,10,5,5,2,17,10,2,9,3,4,C03,7,11,1,10,2,12,  ,10,10,1,22,8,C03,24.204668,120.598508,2
2018,9,15,16,40,臺中市,北區,0,0,0,8,,,50,,,,,,,,,,,,,,,12,  ,  ,  ,  ,B03,  ,  ,1,  ,2,  ,  ,12,12,1,5,  ,B03,24.151452,120.684969,3
2018,9,15,16,45,臺中市,西區,0,0,,8,1,5,50,14,9,1,5,4,5,7,4,4,9,5,5,2,17,,,,,,B03,,,1,,2,,,40,,1,5,,B03,24.141591,120.658302,4
2018,9,15,16,45,臺中市,沙鹿區,0,1,0,8,1,5,50,5,1,1,5,4,5,7,1,1,1,4,4,2,10,42,2,9,1,1,C03,7,15,1,10,6,11,  ,42,42,1,4,8,C03,24.250321,120.565948,2
2018,9,15,16,51,臺中市,西區,0,0,0,8,,,50,,,,,,,,,,,,,,,8,  ,  ,  ,  ,B03,  ,  ,1,  ,2,  ,  ,44,8,1,21,  ,B03,24.136587,120.66159,3
2018,9,15,16,52,臺中市,西區,0,2,0,8,1,5,50,14,8,1,2,4,5,7,4,4,1,5,4,2,18,23,2,9,1,1,C03,7,9,2,18,2,12,  ,23,23,1,5,8,C03,24.146713,120.657349,2
2018,9,15,16,54,臺中市,西屯區,0,1,0,8,1,5,50,14,9,1,5,4,5,7,4,4,5,4,5,2,12,6,3,10,1,1,C03,7,6,1,10,2,12,  ,6,6,1,21,8,C03,24.158373,120.635236,2
2018,9,15,16,57,臺中市,北屯區,0,1,0,8,1,5,50,14,8,1,5,4,5,7,4,4,1,5,1,2,17,23,2,9,3,4,C03,7,9,1,10,3,12,  ,23,23,1,5,8,C03,24.161494,120.725205,2
2018,9,15,17,1,臺中市,北區,0,2,0,8,1,5,50,14,7,1,5,4,5,7,4,4,5,5,4,2,12,17,2,9,1,1,C03,7,9,1,10,2,14,  ,17,17,1,5,8,C03,24.17139,120.676774,2
2018,9,15,17,24,臺中市,北區,0,1,0,7,2,5,50,4,18,1,5,4,5,7,1,1,10,5,5,2,3,15,3,10,1,1,B03,7,5,1,8,2,8,  ,15,15,1,21,8,B03,24.163107,120.678335,2
2018,9,15,17,50,臺中市,南區,0,0,,8,,,50,,,,,,,,,,,,,,,,,,,,C03,,,1,,2,,,26,,1,22,,C03,24.134831,120.682745,3
2018,9,15,17,57,臺中市,西屯區,0,0,,8,,,50,,,,,,,,,,,,,,,,,,,,B03,,,1,,2,,,26,,1,22,,B03,24.15954,120.649715,3
2018,9,15,17,59,臺中市,北區,0,0,0,8,,,50,,,,,,,,,,,,,,,16,3,  ,  ,  ,B03,  ,  ,1,  ,2,  ,  ,16,16,1,21,  ,B03,24.14635,120.675074,3
2018,9,15,17,59,臺中市,西屯區,0,0,,8,,,80,,,,,,,,,,,,,,,,,,,,B03,,,1,,2,,,23,,1,  ,,B03,24.170881,120.632479,3
2018,9,15,18,0,臺中市,大雅區,0,0,,8,,,40,,,,,,,,,,,,,,,,,,,,B12,,,1,,2,,,6,,1,21,,B12,24.226937,120.656988,3
2018,9,15,18,17,臺中市,西屯區,0,1,0,8,3,5,50,3,1,1,5,4,5,7,4,4,10,5,5,2,16,10,3,10,1,1,B03,7,11,1,8,2,4,  ,10,10,1,21,8,B03,24.171591,120.648926,2
2018,9,15,18,23,臺中市,烏日區,0,0,,8,,,50,,,,,,,,,,,,,,,,,,,,B03,,,1,,2,,,9,,1,21,,B03,24.093503,120.649433,3
2018,9,15,18,28,臺中市,梧棲區,0,4,0,8,3,5,70,4,1,1,5,4,5,7,1,1,10,5,5,2,16,6,2,9,1,1,B12,7,5,1,8,2,2,  ,6,6,1,9,8,B12,24.253478,120.557158,2
2018,9,15,18,29,臺中市,南屯區,0,0,0,8,,,40,,,,,,,,,,,,,,,23,  ,  ,  ,  ,B12,  ,  ,1,8,2,  ,  ,23,23,1,12,  ,B12,24.146261,120.622957,3
2018,9,15,18,34,臺中市,北區,0,0,0,8,,,50,,,,,,,,,,,,,,,23,3,  ,  ,  ,B03,  ,  ,1,  ,2,  ,  ,23,23,1,21,  ,B03,24.163127,120.682331,3
2018,9,15,18,39,臺中市,清水區,0,0,,8,,,50,,,,,,,,,,,,,,,,,,,,B02,,,1,,2,,,23,,1,20,,B02,24.280125,120.57521,3
2018,9,15,18,43,臺中市,龍井區,0,1,0,8,3,5,40,14,8,1,5,4,5,7,4,4,10,5,1,2,17,23,2,9,3,4,C03,7,9,1,10,8,15,  ,23,23,1,22,8,C03,24.176894,120.577975,2