年,月,日,時,分,縣市,區,死,受傷,2-30,天候,光線,道路類別,速限,道路型態,事故位置,路面鋪裝,路面狀態,路面缺陷,障礙物,視距,號誌種類,號誌動作,分向設施,快車道或一般車道間,快慢車道間,路面邊線,事故類型及型態,主要肇因,受傷程度,主要傷處,保護裝備,行動電話,當事者區分_類別,車輛用途,當事者行動狀態,駕駛資格情形,駕駛執照種類,飲酒情形,車輛撞擊部位最初,車輛撞擊部位其他,肇事因素個別,肇事因素主要,肇事逃逸,職業,旅次目的,車種,GPS座標_緯度,GPS座標_經度,事故類別
2018,9,15,18,49,臺中市,南屯區,0,0,,8,,,50,,,,,,,,,,,,,,,,,,,,B03,,,1,,2,,,44,,1,5,,B03,24.139876,120.620581,3
2018,9,15,18,50,臺中市,后里區,0,0,,8,,,40,,,,,,,,,,,,,,,,,,,,B03,,,1,,8,,,21,,1,  ,,B03,24.308576,120.724546,3
2018,9,15,18,53,臺中市,北區,0,0,0,8,,,50,,,,,,,,,,,,,,,23,  ,  ,  ,  ,B03,  ,  ,1,  ,2,  ,  ,23,23,1,5,  ,B03,24.153742,120.685951,3
2018,9,15,18,55,臺中市,南屯區,0,1,0,8,3,5,50,4,1,1,5,4,5,7,1,1,10,5,5,2,16,6,3,10,3,4,B03,7,5,1,8,2,5,  ,6,6,1,12,8,B03,24.134821,120.643903,2
2018,9,15,19,0,臺中市,沙鹿區,0,0,,8,,,50,,,,,,,,,,,,,,,,,,,,B03,,,1,,2,,,23,,1,19,,B03,24.238987,120.564647,3
2018,9,15,19,7,臺中市,沙鹿區,0,1,0,8,3,5,50,3,2,1,5,4,5,7,1,1,10,5,5,2,13,16,2,9,1,1,C03,7,9,1,10,2,11,  ,16,16,1,18,8,C03,24.23472,120.558772,2
2018,9,15,19,15,臺中市,太平區,0,0,,8,,,50,,,,,,,,,,,,,,,,,,,,B01,,,1,,2,,,12,,1,10,,B01,24.126362,120.710814,3
2018,9,15,19,19,臺中市,南區,0,2,0,8,3,5,50,4,1,1,5,4,5,7,1,1,10,5,5,2,16,6,3,10,1,1,B03,7,6,1,8,2,2,  ,6,6,1,22,5,B03,24.132248,120.684061,2
2018,9,15,19,24,臺中市,烏日區,0,0,,8,,,50,,,,,,,,,,,,,,,,,,,,B01,,,1,,2,,,7,,1,22,,B01,24.115805,120.618508,3
2018,9,15,19,25,臺中市,北屯區,0,0,0,8,,,50,,,,,,,,,,,,,,,16,3,  ,  ,  ,B03,  ,  ,1,  ,2,  ,  ,16,16,  ,21,  ,B03,24.164924,120.691416,3
2018,9,15,19,25,臺中市,龍井區,0,1,0,8,3,5,40,14,9,1,5,4,5,7,4,4,10,5,5,2,17,19,3,10,3,4,B03,7,1,1,8,2,4,  ,19,19,1,9,9,B03,24.210003,120.540501,2
2018,9,15,19,27,臺中市,龍井區,0,0,,8,,,70,,,,,,,,,,,,,,,,,,,,B03,,,1,,2,,,7,,1,22,,B03,24.187621,120.5825,3
2018,9,15,19,28,臺中市,北區,0,0,0,8,3,5,50,4,1,1,5,4,5,7,3,1,10,5,5,2,14,12,  ,  ,  ,  ,B03,  ,  ,1,  ,2,  ,  ,12,12,1,2,  ,B03,24.14529,120.673142,3
2018,9,15,19,33,臺中市,梧棲區,0,1,0,8,3,5,60,4,1,1,5,4,5,7,1,1,10,5,5,2,16,25,3,10,1,1,B03,7,5,1,8,2,5,  ,25,25,1,9,8,B03,24.242923,120.533601,2
2018,9,15,19,37,臺中市,霧峰區,0,2,0,8,3,5,50,14,9,1,5,4,5,7,4,4,5,4,5,1,12,1,2,8,1,1,C03,7,4,1,10,2,12,  ,1,1,1,18,8,C03,24.04526,120.688146,2
2018,9,15,19,39,臺中市,南區,0,1,0,7,3,5,50,4,1,1,5,4,5,7,1,1,10,5,5,2,16,6,3,10,1,1,B03,7,5,1,8,2,5,  ,6,6,1,21,8,B03,24.114582,120.652362,2
2018,9,15,19,50,臺中市,北區,0,1,0,8,3,5,50,4,2,1,5,4,5,7,4,4,1,4,5,2,3,23,3,10,1,4,C03,7,9,1,10,2,11,  ,23,23,1,22,8,C03,24.155236,120.696979,2
2018,9,15,19,55,臺中市,南屯區,0,1,0,8,3,5,50,4,1,1,5,4,5,7,1,1,10,5,5,2,16,23,3,10,3,4,B03,7,9,1,8,2,1,  ,23,23,1,12,8,B03,24.133578,120.646493,2
2018,9,15,19,55,臺中市,北屯區,0,0,0,8,,,40,,,,,,,,,,,,,,,23,  ,  ,  ,  ,B03,  ,  ,1,  ,2,  ,  ,23,23,2,20,  ,B03,24.163961,120.694201,3
2018,9,15,20,10,臺中市,南屯區,0,0,,8,,,50,,,,,,,,,,,,,,,,,,,,B03,,,1,,2,,,7,,1,5,,B03,24.139983,120.65397,3
2018,9,15,20,18,臺中市,西屯區,0,0,,8,,,80,,,,,,,,,,,,,,,,,,,,B03,,,1,,2,,,7,,1,22,,B03,24.167976,120.631445,3
2018,9,15,20,28,臺中市,北區,0,3,0,8,3,5,50,4,1,1,5,4,5,7,2,1,10,5,5,2,15,42,2,9,1,1,C03,7,9,1,10,2,11,  ,42,42,1,19,8,C03,24.162029,120.664164,2
2018,9,15,20,32,臺中市,北區,0,0,0,8,,,50,,,,,,,,,,,,,,,,  ,  ,  ,  ,   ,  ,  ,7,  ,11,  ,  ,43,  ,1,  ,  ,   ,24.161449,120.688649,3
2018,9,15,20,32,臺中市,西屯區,0,0,,8,,,40,,,,,,,,,,,,,,,,,,,,C03,,,1,,2,,,42,,1,18,,C03,24.161906,120.651405,3
2018,9,15,20,40,臺中市,大里區,0,1,0,8,3,5,50,14,8,1,5,4,5,7,4,4,5,5,4,2,16,9,3,10,1,1,B03,7,6,1,8,2,2,  ,9,9,1,4,8,B03,24.107054,120.684992,2
2018,9,15,21,0,臺中市,北屯區,0,1,0,8,3,5,50,14,9,1,5,4,5,7,4,4,1,2,5,2,12,17,3,10,1,1,B03,7,9,1,6,2,5,  ,17,17,1,4,8,B03,24.1827,120.6993,2
2018,9,15,21,0,臺中市,梧棲區,0,0,,8,,,70,,,,,,,,,,,,,,,,,,,,B03,,,1,,2,,,23,,1,9,,B03,24.243155,120.533668,4
2018,9,15,21,10,臺中市,大甲區,0,0,0,,,,50,,,,,,,,,,,,,,,8,  ,  ,  ,  ,B03,  ,  ,1,  ,2,  ,  ,8,8,1,22,  ,B03,24.344969,120.628308,3
2018,9,15,21,10,臺中市,大雅區,0,0,,8,,,50,,,,,,,,,,,,,,,,,,,,B12,,,1,,2,,,12,,1,  ,,B12,24.210225,120.65059,3
2018,9,15,21,23,臺中市,北屯區,0,0,0,8,3,5,50,14,9,1,5,4,5,7,4,4,1,4,5,2,13,23,3,10,1,1,B03,7,9,1,8,8,1,  ,23,23,1,21,8,B03,24.173551,120.670571,3
2018,9,15,21,24,臺中市,西屯區,0,2,0,8,1,5,40,14,7,1,5,4,5,7,4,4,5,4,4,2,17,8,2,9,1,1,C03,7,5,1,10,2,15,  ,8,8,1,22,8,C03,24.175399,120.666422,2
2018,9,15,21,30,臺中市,太平區,0,0,,8,,,50,,,,,,,,,,,,,,,,,,,,B03,,,1,,2,,,23,,1,21,,B03,24.155438,120.720046,3
2018,9,15,21,40,臺中市,東勢區,0,1,0,7,3,5,50,4,1,1,5,4,5,7,3,1,5,5,5,1,12,26,3,10,1,1,B12,7,4,1,8,2,6,  ,26,26,1,9,8,B12,24.244628,120.839048,2
2018,9,15,22,7,臺中市,龍井區,0,0,,8,,,60,,,,,,,,,,,,,,,,,,,,B03,,,1,,2,,,7,,1,21,,B03,24.189862,120.579708,3
2018,9,15,22,10,臺中市,龍井區,0,1,0,8,3,5,50,3,1,1,5,4,5,7,4,4,10,5,5,2,14,12,3,10,3,4,B03,7,2,1,8,2,3,  ,12,12,1,9,7,B03,24.212276,120.525071,2
2018,9,15,22,16,臺中市,中區,0,0,0,8,,,50,,,,,,,,,,,,,,,,3,  ,  ,  ,B03,  ,  ,1,  ,2,  ,  ,26,  ,  ,21,  ,B03,24.144764,120.681832,3
2018,9,15,22,19,臺中市,北區,0,1,0,8,4,5,50,14,7,1,5,4,5,7,4,4,1,4,4,2,17,23,2,7,1,1,C03,7,8,1,10,2,12,  ,23,23,1,21,8,C03,24.153791,120.688238,2
2018,9,15,22,20,臺中市,潭子區,0,0,,8,,,80,,,,,,,,,,,,,,,,,,,,B03,,,1,,2,,,7,,1,22,,B03,24.201076,120.703461,3
2018,9,15,22,40,臺中市,北區,0,2,0,8,3,5,50,14,7,1,5,4,5,7,4,4,5,4,5,2,16,10,3,10,1,1,B02,7,11,1,8,2,8,  ,10,10,1,22,8,B02,24.1483,120.6831,2
2018,9,15,22,50,臺中市,西區,0,1,0,8,3,5,50,14,9,1,5,4,5,7,4,4,1,4,4,2,23,42,2,9,1,1,B03,7,6,1,8,2,1,3,42,42,1,5,8,B03,24.140165,120.656631,2
2018,9,15,22,53,臺中市,西區,0,0,,8,,,50,,,,,,,,,,,,,,,,,,,,B03,,,1,,2,,,23,,1,21,,B03,24.150672,120.670186,3
2018,9,15,22,53,臺中市,沙鹿區,0,1,0,7,3,5,50,4,1,1,5,4,5,7,1,1,10,5,5,2,10,25,2,9,1,1,C03,7,9,1,10,2,14,  ,25,25,1,21,9,C03,24.229246,120.566788,2
2018,9,15,23,2,臺中市,北屯區,0,1,0,8,3,5,50,4,2,1,5,4,5,7,1,1,5,5,4,2,13,23,3,10,1,1,B03,7,9,1,8,2,1,  ,23,23,1,21,8,B03,24.166681,120.691329,2
2018,9,15,23,2,臺中市,神岡區,0,0,0,8,,,50,,,,,,,,,,,,,,,17,  ,  ,  ,  ,B03,  ,  ,1,  ,2,  ,  ,17,17,1,21,  ,B03,24.248835,120.697998,3
2018,9,15,23,13,臺中市,南區,0,0,0,,,,,,,,,,,,,,,,,,,23,3,  ,  ,  ,B03,  ,  ,1,  ,2,  ,  ,23,23,1,22,  ,B03,24.121248,120.661351,3
2018,9,15,23,15,臺中市,北屯區,0,0,0,8,,,50,,,,,,,,,,,,,,,23,  ,  ,  ,  ,C03,  ,  ,1,  ,2,  ,  ,23,23,1,21,  ,C03,24.169801,120.70258,3
2018,9,15,23,20,臺中市,大里區,0,0,,,,,,,,,,,,,,,,,,,,,,,,,C03,,,1,,2,,,44,,1,5,,C03,,,3
2018,9,15,23,37,臺中市,北區,0,2,0,8,3,5,50,14,9,1,5,4,5,7,4,4,5,5,5,2,3,23,2,9,1,1,C03,7,9,1,10,2,11,  ,23,23,1,21,8,C03,24.146608,120.68403,2
2018,9,16,0,4,臺中市,西屯區,0,0,0,8,,,40,,,,,,,,,,,,,,,42,  ,  ,  ,  ,B03,  ,  ,1,  ,2,  ,  ,42,42,1,  ,  ,B03,24.191081,120.613534,3
2018,9,16,0,46,臺中市,北區,0,0,0,8,,,40,,,,,,,,,,,,,,,23,  ,  ,  ,  ,C03,  ,  ,1,  ,11,  ,  ,23,23,1,22,  ,C03,24.159,120.6841,3
2018,9,16,0,50,臺中市,豐原區,0,1,0,7,3,5,50,14,8,1,5,4,5,7,4,4,5,4,4,2,13,23,2,9,1,1,B12,7,9,1,8,2,1,  ,23,23,1,21,8,B12,24.240951,120.696616,2
2018,9,16,1,5,臺中市,潭子區,0,1,0,8,3,5,60,5,1,1,5,4,5,7,1,1,10,5,5,2,16,44,2,9,1,1,C03,7,9,1,10,2,14,  ,23,44,1,22,8,C03,24.200689,120.70357,2
2018,9,16,1,36,臺中市,西屯區,0,1,0,8,3,5,50,4,1,1,5,4,5,7,1,1,10,5,5,2,16,25,2,9,3,4,C03,7,9,1,10,2,11,  ,13,25,1,21,8,C03,24.162531,120.649422,2
2018,9,16,4,10,臺中市,中區,0,1,0,8,3,5,50,14,9,1,5,4,5,7,4,4,5,2,5,2,12,23,2,8,1,1,C03,7,9,1,10,2,14,  ,23,23,1,21,8,C03,24.142284,120.684473,2
2018,9,16,4,10,臺中市,北屯區,0,0,0,8,3,5,50,4,9,1,5,4,5,7,1,1,1,1,5,2,13,23,3,10,1,1,B02,7,9,1,4,2,1,  ,23,23,1,21,8,B02,24.193315,120.686486,3
2018,9,16,4,26,臺中市,大甲區,0,0,0,8,,,50,,,,,,,,,,,,,,,6,  ,  ,  ,  ,B03,  ,  ,1,  ,2,  ,  ,6,6,1,22,  ,B03,24.349434,120.623785,3
2018,9,16,5,50,臺中市,烏日區,0,1,0,8,2,5,30,14,9,1,5,4,5,7,4,4,9,4,5,1,18,43,3,10,1,1,B03,7,9,1,8,2,1,  ,43,43,1,22,8,B03,24.115901,120.64253,2
2018,9,16,6,13,臺中市,西屯區,0,1,0,8,1,5,50,14,9,1,5,4,5,7,4,4,1,4,5,2,16,43,3,10,3,4,B03,7,1,1,8,2,4,  ,43,43,1,21,8,B03,24.20612,120.598873,2
2018,9,16,7,14,臺中市,西屯區,0,1,0,8,1,5,40,4,1,1,5,4,5,7,1,1,10,5,5,2,16,26,3,10,1,1,B03,7,6,1,8,2,2,  ,26,26,1,5,8,B03,24.161056,120.633728,2
2018,9,16,8,2,臺中市,東勢區,0,0,,8,,,30,,,,,,,,,,,,,,,,,,,,B03,,,1,,2,,,17,,1,22,,B03,24.257626,120.82443,3
2018,9,16,8,10,臺中市,西屯區,0,2,0,8,1,5,50,4,2,1,5,4,5,7,1,1,5,4,4,2,16,26,2,9,1,1,C04,7,11,1,8,2,11,  ,26,26,1,21,8,C04,24.183905,120.620513,2
2018,9,16,8,15,臺中市,大甲區,0,0,,8,,,50,,,,,,,,,,,,,,,,,,,,B03,,,1,,2,,,23,,1,21,,B03,24.342613,120.622633,3
2018,9,16,8,18,臺中市,北屯區,0,0,,8,,,50,,,,,,,,,,,,,,,,,,,,B03,,,1,,2,,,26,,2,20,,B03,24.200411,120.686952,3
2018,9,16,8,35,臺中市,潭子區,0,1,0,8,1,5,50,3,1,1,5,4,5,7,1,1,10,5,5,2,16,8,2,9,1,1,C03,7,5,1,10,2,11,  ,8,8,1,22,8,C03,24.213351,120.722716,2
2018,9,16,9,34,臺中市,北區,0,1,0,8,1,5,50,5,1,1,5,4,5,7,2,1,10,5,5,2,17,4,3,10,1,1,B03,7,11,1,8,2,15,  ,4,4,1,21,8,B03,24.163229,120.676777,2
2018,9,16,9,48,臺中市,后里區,0,0,,8,,,50,,,,,,,,,,,,,,,,,,,,B03,,,1,,2,,,19,,1,22,,B03,24.309266,120.727893,3
2018,9,16,10,0,臺中市,北區,0,0,0,8,,,50,,,,,,,,,,,,,,,43,  ,  ,  ,  ,   ,  ,  ,7,19,11,15,  ,43,43,  ,  ,  ,   ,24.1654,120.6796,3
2018,9,16,10,0,臺中市,大肚區,0,2,0,8,1,5,70,3,1,1,5,4,5,7,1,1,10,5,5,2,16,26,2,8,1,1,C03,7,9,6,10,2,14,  ,26,26,1,5,5,C03,24.162874,120.543104,2
2018,9,16,10,0,臺中市,龍井區,0,1,0,8,1,5,40,14,8,1,5,4,5,7,4,4,1,4,1,1,23,43,2,8,3,4,C03,7,9,1,10,2,14,  ,43,43,1,20,6,C03,24.21314,120.50733,2
2018,9,16,10,1,臺中市,南屯區,0,0,0,8,1,5,50,14,7,1,5,4,5,7,4,4,9,5,4,2,16,42,3,10,1,1,C03,7,10,1,10,2,14,  ,42,42,1,22,8,C03,24.132005,120.648882,3
2018,9,16,10,4,臺中市,西區,0,0,,8,1,5,50,4,1,1,5,4,5,7,4,4,10,5,5,2,15,14,,,,,B03,,,1,,2,,,6,14,1,5,,B03,24.14573,120.672558,3
2018,9,16,10,5,臺中市,北屯區,0,0,,8,,,50,,,,,,,,,,,,,,,,,,,,B03,,,1,,2,,,23,,1,21,,B03,24.193584,120.684498,3
2018,9,16,10,10,臺中市,中區,0,0,,8,,,50,,,,,,,,,,,,,,,43,,,,,B02,,,1,,2,,,43,43,1,5,,B02,24.137464,120.684773,3
2018,9,16,10,18,臺中市,南區,0,1,0,8,1,5,50,14,7,1,5,4,5,7,4,4,5,4,4,2,12,17,3,10,1,1,B03,7,9,1,8,2,2,  ,17,17,1,22,8,B03,24.131052,120.674876,2
2018,9,16,10,21,臺中市,北屯區,0,0,,8,,,50,,,,,,,,,,,,,,,,,,,,B03,,,1,,2,,,6,,1,  ,,B03,24.179978,120.741088,3
2018,9,16,10,25,臺中市,后里區,0,1,0,8,1,5,50,14,7,1,5,4,5,7,4,4,5,5,4,1,16,6,3,10,1,1,B12,7,11,1,8,2,8,  ,6,6,1,22,9,B12,24.313721,120.693465,2
2018,9,16,10,31,臺中市,西屯區,0,1,0,8,1,5,50,4,1,1,5,4,5,7,4,4,10,5,5,2,18,43,2,9,1,1,F01,7,9,8,20,2,16,  ,43,43,1,22,8,F01,24.18861,120.616893,2
2018,9,16,10,32,臺中市,北區,0,1,0,8,1,5,40,4,2,1,5,4,5,7,1,1,10,4,5,2,16,25,2,9,1,1,C03,7,6,1,10,2,14,  ,25,25,1,22,8,C03,24.155592,120.698058,2
2018,9,16,10,35,臺中市,西屯區,0,0,,8,,,50,,,,,,,,,,,,,,,,,,,,B03,,,1,,2,,,23,,1,  ,,B03,24.176426,120.637116,3
2018,9,16,10,36,臺中市,北區,0,0,0,8,,,50,,,,,,,,,,,,,,,,3,  ,  ,  ,B03,  ,  ,1,  ,2,  ,  ,7,  ,1,21,  ,B03,24.153565,120.683481,3
2018,9,16,10,38,臺中市,西區,0,1,0,8,1,5,50,4,1,1,5,4,5,7,1,1,10,5,5,2,12,26,2,9,1,1,C03,7,9,1,10,2,12,  ,26,26,1,21,8,C03,24.149126,120.674944,2
2018,9,16,10,39,臺中市,沙鹿區,0,0,,8,,,50,,,,,,,,,,,,,,,,,,,,B11,,,1,,2,,,12,,1,10,,B11,24.242185,120.614921,3
2018,9,16,10,50,臺中市,北區,0,1,0,8,1,5,40,14,8,1,5,4,5,7,4,4,1,2,4,2,17,23,2,9,1,1,C03,7,7,1,10,2,11,  ,23,23,1,22,8,C03,24.15348,120.683849,2
2018,9,16,10,52,臺中市,北區,0,2,0,8,1,5,50,4,1,1,5,4,5,7,1,1,10,5,5,2,15,25,2,9,1,4,C03,7,9,1,10,2,11,  ,25,25,1,21,8,C03,24.160447,120.675297,2
2018,9,16,11,2,臺中市,沙鹿區,0,0,,8,,,40,,,,,,,,,,,,,,,,,,,,B03,,,1,,2,,,23,,1,4,,B03,24.20922,120.583575,3
2018,9,16,11,3,臺中市,西區,0,2,0,8,1,5,50,4,1,1,5,4,5,7,1,1,10,5,5,2,16,6,3,10,1,1,B03,7,5,1,8,2,2,  ,6,6,1,4,6,B03,24.139842,120.671359,2
2018,9,16,11,4,臺中市,西屯區,0,0,,8,,,40,,,,,,,,,,,,,,,,,,,,B02,,,1,,2,,,12,,1,22,,B02,24.160198,120.652774,3
2018,9,16,11,10,臺中市,西屯區,0,0,0,8,,,40,,,,,,,,,,,,,,,43,  ,  ,  ,  ,B03,  ,  ,1,  ,2,  ,  ,43,43,1,5,  ,B03,24.170243,120.645683,3
2018,9,16,11,35,臺中市,沙鹿區,0,2,0,8,1,5,50,4,1,1,5,4,5,7,4,4,10,5,5,2,16,6,2,9,1,1,C03,7,5,1,10,2,13,  ,6,6,1,5,9,C03,24.237858,120.560945,2
2018,9,16,11,40,臺中市,北屯區,0,1,0,8,1,5,40,4,1,1,5,4,5,7,4,4,10,5,5,2,12,19,3,10,3,4,B03,7,1,1,8,2,8,  ,19,19,1,21,8,B03,24.158955,120.648458,2
2018,9,16,11,43,臺中市,太平區,0,0,,8,,,40,,,,,,,,,,,,,,,,,,,,C03,,,2,,2,,,6,,1,16,,C03,24.104634,120.728595,3
2018,9,16,11,55,臺中市,外埔區,0,1,0,8,1,5,50,4,1,1,5,4,5,7,4,4,10,5,5,2,17,43,2,8,1,1,C03,7,9,1,9,2,12,  ,43,43,1,23,8,C03,24.332483,120.655541,2
2018,9,16,11,58,臺中市,北屯區,0,2,0,8,1,5,50,14,7,1,5,4,5,7,4,4,5,5,4,2,16,26,2,9,1,1,C03,7,5,1,10,2,11,  ,26,26,1,21,8,C03,24.176552,120.681002,2
2018,9,16,12,0,臺中市,大甲區,0,0,,8,,,50,,,,,,,,,,,,,,,,,,,,B03,,,1,,4,,,19,,1,9,,B03,24.345432,120.619446,3
2018,9,16,12,9,臺中市,西屯區,0,0,,8,,,40,,,,,,,,,,,,,,,,,,,,B02,,,1,,2,,,12,,1,22,,B02,24.182,120.638851,3
2018,9,16,12,9,臺中市,沙鹿區,0,0,,8,,,50,,,,,,,,,,,,,,,,,,,,C03,,,1,,2,,,23,,1,  ,,C03,24.231708,120.558667,4
2018,9,16,12,10,臺中市,南屯區,0,0,0,8,,,50,,,,,,,,,,,,,,,,3,  ,  ,  ,B03,  ,  ,1,  ,2,  ,  ,23,  ,1,22,  ,B03,24.13208,120.649975,4
2018,9,16,12,23,臺中市,烏日區,0,2,0,8,1,5,30,3,1,1,5,4,5,7,1,1,10,5,5,2,16,26,2,9,1,1,C03,7,5,1,15,2,12,  ,26,26,1,21,8,C03,24.10887,120.625555,2
2018,9,16,12,30,臺中市,清水區,0,0,0,8,,,70,,,,,,,,,,,,,,,7,  ,  ,  ,  ,B03,  ,  ,1,  ,2,  ,  ,7,7,1,22,  ,B03,24.304138,120.596086,3
2018,9,16,12,47,臺中市,大雅區,0,0,,8,,,40,,,,,,,,,,,,,,,23,,,,,C03,,,1,,2,,,44,23,1,  ,,C03,24.221981,120.64546,3
2018,9,16,12,53,臺中市,北屯區,0,0,,8,,,50,,,,,,,,,,,,,,,,,,,,B03,,,1,,2,,,25,,1,  ,,B03,24.173579,120.676088,3
2018,9,16,12,54,臺中市,清水區,0,1,0,8,1,5,40,4,1,1,5,4,5,7,3,1,10,5,5,2,15,6,3,10,1,1,B03,7,9,1,8,2,5,  ,6,6,1,21,8,B03,24.270329,120.561135,2
2018,9,16,12,55,臺中市,南屯區,,,,8,,,50,,,,,,,,,,,,,,,,,,,,B03,,,1,,2,,,23,,1,22,,B03,24.145833,120.633169,3
2018,9,16,13,4,臺中市,太平區,0,2,0,8,1,5,50,4,1,1,5,4,5,7,4,4,10,5,5,2,16,6,2,9,1,1,C03,7,9,1,10,2,11,  ,6,6,1,18,8,C03,24.128585,120.718147,2
2018,9,16,13,17,臺中市,東區,0,0,0,8,,,40,,,,,,,,,,,,,,,,3,  ,  ,  ,B12,  ,  ,1,  ,2,  ,  ,23,  ,1,21,  ,B12,24.1492,120.708364,3
2018,9,16,13,20,臺中市,北屯區,0,0,,8,,,30,,,,,,,,,,,,,,,,,,,,B03,,,1,,2,,,23,,1,22,,B03,24.180006,120.667243,3
2018,9,16,13,29,臺中市,南屯區,0,0,,8,,,50,,,,,,,,,,,,,,,,,,,,B03,,,1,,2,,,23,,1,22,,B03,24.140082,120.613072,3
2018,9,16,13,30,臺中市,北屯區,0,0,,8,,,50,,,,,,,,,,,,,,,,,,,,B03,,,1,,2,,,23,,1,4,,B03,24.17357,120.68537,3
2018,9,16,13,35,臺中市,北屯區,0,2,0,8,1,5,50,4,1,1,5,4,5,7,1,1,10,5,5,2,16,42,2,9,3,4,C03,7,9,1,10,2,11,  ,23,42,1,21,8,C03,24.182425,120.710763,2
2018,9,16,13,35,臺中市,西屯區,0,2,0,8,1,5,50,3,1,1,5,4,5,7,4,4,10,5,5,2,16,6,2,9,3,4,C03,7,5,1,10,2,12,  ,6,6,1,22,9,C03,24.170815,120.646994,2
2018,9,16,13,42,臺中市,西屯區,0,2,0,7,1,5,50,4,1,1,5,4,5,7,1,1,10,5,5,2,13,16,3,10,1,1,B03,7,9,1,8,2,1,  ,16,16,1,5,8,B03,24.164704,120.638761,2
2018,9,16,13,43,臺中市,大雅區,0,0,,8,,,40,,,,,,,,,,,,,,,,,,,,C03,,,2,,2,,,16,,1,23,,C03,24.226772,120.656285,3
2018,9,16,14,5,臺中市,烏日區,0,1,0,8,1,5,40,3,1,1,5,4,5,7,4,4,10,5,5,2,16,19,3,10,1,1,C03,7,1,3,18,2,11,  ,19,19,1,21,8,C03,24.077741,120.643222,2
2018,9,16,14,6,臺中市,西屯區,0,0,,8,,,1,,,,,,,,,,,,,,,,,,,,B03,,,1,,2,,,12,,1,21,,B03,24.187105,120.621696,3
2018,9,16,14,11,臺中市,北屯區,0,0,,8,,,50,,,,,,,,,,,,,,,,,,,,B12,,,1,,2,,,23,,1,  ,,B12,24.185849,120.664357,3
2018,9,16,14,18,臺中市,南區,0,2,0,8,1,5,50,4,1,1,5,4,5,7,1,1,10,5,5,2,17,23,3,10,1,1,B12,7,5,1,8,2,8,  ,23,23,1,21,8,B12,24.113858,120.663766,2
2018,9,16,14,18,臺中市,南屯區,0,0,0,8,,,40,,,,,,,,,,,,,,,12,  ,  ,  ,  ,B03,  ,  ,1,8,2,  ,  ,12,12,1,12,  ,B03,24.137051,120.641837,3
2018,9,16,14,28,臺中市,龍井區,0,3,0,8,1,5,40,14,9,1,5,4,5,7,4,4,10,5,5,2,10,23,2,8,1,1,C03,7,9,1,10,2,11,  ,23,23,1,22,8,C03,24.182749,120.586937,2
2018,9,16,14,30,臺中市,神岡區,0,0,0,8,,,50,,,,,,,,,,,,,,,17,  ,  ,  ,  ,C03,  ,  ,1,  ,2,  ,  ,17,17,1,21,  ,C03,24.251365,120.701156,3
2018,9,16,14,32,臺中市,北屯區,0,0,,8,,,50,,,,,,,,,,,,,,,,,,,,B03,,,1,,2,,,23,,1,  ,,B03,24.168082,120.685308,3
2018,9,16,14,32,臺中市,清水區,0,1,0,8,1,5,40,3,1,1,5,4,5,7,4,4,10,5,5,2,16,23,2,9,4,5,F01,7,5,8,20,2,16,  ,23,23,1,15,8,F01,24.282397,120.577749,2
2018,9,16,14,40,臺中市,南屯區,0,0,0,8,,,50,,,,,,,,,,,,,,,,3,  ,  ,  ,B03,  ,  ,1,  ,2,  ,  ,9,  ,1,22,  ,B03,24.134743,120.646462,3
2018,9,16,14,40,臺中市,北屯區,0,1,0,8,1,5,50,14,8,1,5,4,5,7,4,4,1,4,4,2,16,7,3,10,3,4,B03,7,7,1,8,2,5,  ,7,7,1,19,8,B03,24.182286,120.71703,2
2018,9,16,14,41,臺中市,石岡區,0,0,,8,,,70,,,,,,,,,,,,,,,,,,,,B03,,,1,,2,,,23,,1,19,,B03,24.27365,120.789621,3
2018,9,16,14,49,臺中市,西區,0,0,0,8,,,60,,,,,,,,,,,,,,,,3,  ,  ,  ,B03,  ,  ,1,  ,2,  ,  ,23,  ,  ,21,  ,B03,24.15611,120.66159,3
2018,9,16,14,50,臺中市,西區,0,1,0,8,1,5,50,4,1,1,5,4,5,7,4,4,10,5,5,2,15,6,2,9,1,1,C03,7,9,1,10,2,12,  ,6,6,1,21,8,C03,24.155259,120.660197,2
2018,9,16,14,55,臺中市,南區,0,0,,,,,,,,,,,,,,,,,,,,,,,,,B03,,,1,,2,,,19,,1,4,,B03,24.128926,120.671638,3
2018,9,16,15,0,臺中市,大雅區,0,0,,8,,,40,,,,,,,,,,,,,,,,,,,,B12,,,1,,2,,,12,,1,  ,,B12,24.230733,120.643012,3
2018,9,16,15,5,臺中市,北區,0,0,,8,,,40,,,,,,,,,,,,,,,,,,,,B03,,,1,,2,,,23,,1,5,,B03,24.151929,120.68387,3
2018,9,16,15,15,臺中市,新社區,0,1,0,8,1,5,50,3,1,1,5,4,5,7,4,4,5,5,5,1,16,6,3,10,1,1,B12,7,6,1,8,2,8,  ,6,6,1,21,8,B12,24.202873,120.797545,2
2018,9,16,15,19,臺中市,南屯區,0,0,0,8,,,40,,,,,,,,,,,,,,,19,  ,  ,  ,  ,B03,  ,  ,1,8,2,  ,  ,19,19,1,12,  ,B03,24.150251,120.637271,3