年,月,日,時,分,縣市,區,死,受傷,2-30,天候,光線,道路類別,速限,道路型態,事故位置,路面鋪裝,路面狀態,路面缺陷,障礙物,視距,號誌種類,號誌動作,分向設施,快車道或一般車道間,快慢車道間,路面邊線,事故類型及型態,主要肇因,受傷程度,主要傷處,保護裝備,行動電話,當事者區分_類別,車輛用途,當事者行動狀態,駕駛資格情形,駕駛執照種類,飲酒情形,車輛撞擊部位最初,車輛撞擊部位其他,肇事因素個別,肇事因素主要,肇事逃逸,職業,旅次目的,車種,GPS座標_緯度,GPS座標_經度,事故類別
2018,9,16,15,27,臺中市,清水區,0,1,0,8,1,5,50,4,1,1,4,4,5,7,1,1,1,2,4,2,16,9,3,10,1,1,B03,7,6,1,8,2,2,  ,9,9,1,21,8,B03,24.277224,120.564541,2
2018,9,16,15,28,臺中市,西屯區,0,0,0,8,,,50,,,,,,,,,,,,,,,16,  ,  ,  ,  ,B03,  ,  ,1,  ,2,  ,  ,44,16,1,  ,  ,B03,24.200625,120.65979,3
2018,9,16,15,29,臺中市,西區,0,1,0,8,1,5,50,4,1,1,5,4,5,7,4,4,10,5,5,2,15,6,2,9,1,1,C03,7,9,1,10,2,11,  ,6,6,1,5,8,C03,24.153682,120.660197,2
2018,9,16,15,35,臺中市,中區,0,1,0,8,1,5,50,14,9,1,5,4,5,7,4,4,5,5,5,2,9,51,2,8,4,5,H01,8,16,8,20,10,15,  ,51,51,1,22,9,H01,24.138136,120.686073,2
2018,9,16,15,41,臺中市,東區,0,0,0,8,1,5,50,3,2,1,5,4,5,7,4,4,1,5,5,2,12,9,3,10,1,1,B01,7,4,1,4,2,2,  ,9,9,1,10,8,B01,24.136103,120.68664,3
2018,9,16,15,45,臺中市,北區,0,0,0,8,,,50,,,,,,,,,,,,,,,42,  ,  ,  ,  ,B03,  ,  ,1,  ,2,  ,  ,42,42,1,5,  ,B03,24.153232,120.68401,3
2018,9,16,15,47,臺中市,南區,0,0,,8,,,50,,,,,,,,,,,,,,,,,,,,B03,,,1,,2,,,19,,1,22,,B03,24.108971,120.659708,3
2018,9,16,15,50,臺中市,南屯區,0,0,0,8,,,40,,,,,,,,,,,,,,,,3,  ,  ,  ,B03,  ,  ,1,  ,2,  ,  ,23,  ,1,22,  ,B03,24.132114,120.648859,4
2018,9,16,16,0,臺中市,清水區,0,0,,8,,,50,,,,,,,,,,,,,,,,,,,,B03,,,1,,2,,,18,,1,21,,B03,24.27021,120.576663,3
2018,9,16,16,0,臺中市,后里區,0,1,0,8,1,8,60,14,9,1,5,4,5,7,1,1,1,5,4,1,13,7,3,10,3,4,B03,7,7,3,18,2,1,  ,7,7,1,22,8,B03,24.30513,120.710238,2
2018,9,16,16,10,臺中市,北區,0,1,0,8,1,5,50,4,1,1,5,4,5,7,4,4,10,5,5,2,15,6,3,10,1,4,B03,7,9,1,8,2,2,  ,6,6,1,5,8,B03,24.155647,120.697374,2
2018,9,16,16,10,臺中市,北區,0,0,,8,,,50,,,,,,,,,,,,,,,,,,,,B03,,,1,,2,,,6,,1,  ,,B03,24.152542,120.690048,3
2018,9,16,16,10,臺中市,東區,,,,6,1,5,50,14,7,1,5,4,5,7,4,4,5,5,4,2,13,,,,,,B03,,,1,,2,,,23,,1,5,,B03,24.139675,120.688861,3
2018,9,16,16,12,臺中市,西屯區,0,0,,6,,,40,,,,,,,,,,,,,,,,,,,,B03,,,1,,2,,,43,,1,22,,B03,24.16282,120.6434,3
2018,9,16,16,20,臺中市,西區,0,1,0,7,1,5,50,14,9,1,5,4,5,7,1,1,5,2,5,2,13,23,2,9,1,1,C03,7,9,1,10,2,11,  ,23,23,1,9,1,C03,24.160157,120.659414,2
2018,9,16,16,24,臺中市,烏日區,0,0,,6,,,70,,,,,,,,,,,,,,,,,,,,B03,,,1,,2,,,8,,1,22,,B03,24.113163,120.586516,3
2018,9,16,16,28,臺中市,南區,0,0,0,6,1,5,50,4,1,1,5,4,5,7,2,1,10,5,5,2,17,23,3,10,1,1,C03,7,9,1,10,2,12,  ,23,23,1,21,8,C03,24.119115,120.671968,3
2018,9,16,16,31,臺中市,新社區,0,1,0,6,1,5,40,4,1,1,4,4,5,7,4,4,10,5,5,2,17,6,3,10,1,1,C03,7,9,1,10,2,11,  ,6,6,1,22,8,C03,24.226661,120.799685,2
2018,9,16,16,32,臺中市,西屯區,0,0,0,6,1,5,50,,,,,,,,,,,,,,,19,  ,  ,  ,  ,B03,  ,  ,1,  ,2,8,  ,19,19,1,22,  ,B03,24.163196,120.63105,3
2018,9,16,16,40,臺中市,北區,0,1,0,8,1,5,50,3,18,1,4,4,5,7,1,1,10,5,5,2,3,15,3,10,1,4,B03,7,5,1,8,2,5,  ,15,15,1,5,8,B03,24.159274,120.668063,2
2018,9,16,16,40,臺中市,沙鹿區,0,2,0,8,1,5,50,4,1,5,5,4,5,7,3,1,10,5,5,2,15,6,2,9,1,1,C03,7,9,1,10,2,11,  ,6,6,1,7,5,C03,24.236421,120.564183,2
2018,9,16,16,42,臺中市,烏日區,0,0,0,8,,,50,,,,,,,,,,,,,,,7,  ,  ,  ,  ,B03,  ,  ,1,  ,2,  ,  ,7,7,1,23,  ,B03,24.115916,120.618854,3
2018,9,16,16,44,臺中市,西屯區,0,0,,6,,,50,,,,,,,,,,,,,,,,,,,,B03,,,1,,2,,,23,,1,22,,B03,24.167657,120.638265,3
2018,9,16,16,47,臺中市,東勢區,0,0,0,6,,,60,,,,,,,,,,,,,,,17,  ,  ,  ,  ,B12,  ,  ,1,  ,2,  ,  ,17,17,1,22,  ,B12,24.251507,120.827388,3
2018,9,16,16,47,臺中市,豐原區,0,2,0,6,1,5,40,4,1,1,4,4,5,7,4,4,1,4,5,2,15,42,2,8,1,1,C03,7,9,1,10,2,14,  ,42,42,1,21,8,C03,24.269841,120.724156,2
2018,9,16,16,50,臺中市,龍井區,0,0,,6,,,50,,,,,,,,,,,,,,,,,,,,C03,,,1,,2,,,23,,  ,22,,C03,24.18124,120.599867,3
2018,9,16,16,55,臺中市,大里區,0,0,,6,,,40,,,,,,,,,,,,,,,,,,,,B01,,,1,,2,,,23,,1,10,,B01,24.111275,120.695714,3
2018,9,16,17,4,臺中市,西區,0,1,0,6,1,5,40,4,1,1,4,4,5,7,4,4,10,5,5,2,15,6,2,2,1,1,C03,7,9,1,10,2,11,  ,6,6,1,5,8,C03,24.137298,120.660176,2
2018,9,16,17,10,臺中市,北屯區,0,0,0,6,,,50,,,,,,,,,,,,,,,25,3,  ,  ,  ,B03,  ,  ,1,  ,2,  ,  ,25,25,  ,21,  ,B03,24.201408,120.693398,3
2018,9,16,17,23,臺中市,北區,0,1,0,6,1,5,50,3,1,1,4,4,5,7,1,1,1,4,4,2,11,10,3,10,1,1,B03,7,11,1,8,2,2,  ,10,10,1,21,8,B03,24.153151,120.69858,2
2018,9,16,17,23,臺中市,南區,0,2,0,6,2,5,50,14,9,1,4,4,5,7,4,4,1,4,5,2,13,7,3,10,1,1,B03,7,8,1,8,2,5,  ,7,7,1,5,8,B03,24.113736,120.670081,2
2018,9,16,17,24,臺中市,北區,0,2,0,6,1,5,50,14,9,1,4,4,5,7,4,4,5,5,5,2,16,19,3,10,3,1,B03,7,1,1,8,2,8,  ,19,19,1,22,8,B03,24.152226,120.686212,2
2018,9,16,17,24,臺中市,西屯區,0,1,0,6,1,5,50,4,2,1,4,4,5,7,1,1,5,4,5,2,17,23,2,9,1,1,C03,7,9,1,10,2,11,  ,23,23,1,20,9,C03,24.176812,120.623604,2
2018,9,16,17,30,臺中市,西區,0,1,0,6,2,5,50,14,9,1,4,4,5,7,4,4,4,4,5,2,18,42,2,9,1,1,C03,7,9,1,10,2,14,  ,42,42,1,18,9,C03,24.136053,120.67779,2
2018,9,16,17,30,臺中市,東區,0,0,0,6,1,5,50,5,1,1,4,4,5,7,4,1,3,2,5,2,12,42,3,10,1,1,B01,7,9,1,4,2,5,  ,42,42,1,5,8,B01,24.137415,120.689391,3
2018,9,16,17,34,臺中市,南屯區,0,0,,6,,,40,,,,,,,,,,,,,,,23,,,,,C03,,,1,,2,,,23,23,1,19,,C03,24.131613,120.648606,3
2018,9,16,17,42,臺中市,北屯區,0,0,,6,,,50,,,,,,,,,,,,,,,,,,,,B03,,,1,,2,,,23,,1,  ,,B03,24.164168,120.693921,3
2018,9,16,17,45,臺中市,西屯區,0,0,,8,,,50,,,,,,,,,,,,,,,,,,,,B03,,,1,,2,,,23,,1,  ,,B03,24.16845,120.635777,3
2018,9,16,17,48,臺中市,大里區,0,0,,6,,,50,,,,,,,,,,,,,,,,,,,,B03,,,1,,2,,,16,,1,5,,B03,24.101606,120.692067,3
2018,9,16,17,50,臺中市,西屯區,0,0,,8,,,50,,,,,,,,,,,,,,,,,,,,B12,,,1,,2,,,16,,1,22,,B12,24.16457,120.664301,3
2018,9,16,17,58,臺中市,西區,0,1,0,6,3,5,50,15,7,1,4,4,5,7,4,4,1,2,4,2,13,42,2,7,1,1,C03,7,7,1,10,2,14,11,42,42,1,5,8,C03,24.140163,120.66051,2
2018,9,16,18,14,臺中市,北區,0,1,0,8,3,5,50,3,1,1,4,4,5,7,4,4,10,5,5,2,17,10,3,10,3,4,B03,7,11,1,6,2,15,  ,10,10,1,5,8,B03,24.159239,120.676917,2
2018,9,16,18,17,臺中市,南屯區,0,0,0,8,,,50,,,,,,,,,,,,,,,16,  ,  ,  ,  ,B03,  ,  ,1,8,2,  ,  ,16,16,1,12,  ,B03,24.150627,120.647771,3
2018,9,16,18,19,臺中市,龍井區,0,1,0,8,3,5,40,3,1,1,4,4,5,7,4,4,10,5,5,2,11,23,3,10,1,1,B12,7,5,1,8,2,1,  ,23,23,1,22,8,B12,24.188295,120.59512,2
2018,9,16,18,20,臺中市,西屯區,0,0,0,6,3,5,50,,,,,,,,,,,,,,,7,  ,  ,  ,  ,B03,  ,  ,1,  ,2,8,  ,7,7,1,22,  ,B03,24.168771,120.641857,3
2018,9,16,18,30,臺中市,南屯區,0,1,0,7,3,5,40,14,8,1,4,4,5,7,4,4,3,4,1,2,18,23,2,9,1,4,C03,7,9,1,10,2,12,  ,23,23,1,18,8,C03,24.150614,120.612186,2
2018,9,16,18,34,臺中市,沙鹿區,0,0,0,8,,,60,,,,,,,,,,,,,,,7,  ,  ,  ,  ,B03,  ,  ,1,  ,2,  ,  ,7,7,  ,  ,  ,B03,24.221283,120.579421,3
2018,9,16,18,35,臺中市,中區,0,1,0,8,3,5,50,4,1,1,5,4,5,7,3,1,10,5,5,2,15,6,3,10,1,1,B03,7,9,1,8,2,1,  ,6,6,1,21,8,B03,24.142937,120.682074,2
2018,9,16,18,38,臺中市,西區,0,1,0,8,3,5,50,3,1,1,5,4,4,7,1,1,10,5,5,2,3,15,3,10,1,1,B01,7,6,1,4,2,5,  ,15,15,1,20,4,B01,24.149149,120.672054,2
2018,9,16,18,39,臺中市,烏日區,0,1,0,8,3,5,60,4,1,1,4,4,5,7,1,1,1,4,4,1,17,6,3,10,3,4,B03,7,8,1,8,2,15,  ,6,6,1,21,8,B03,24.113376,120.589743,2
2018,9,16,18,48,臺中市,南區,0,1,0,7,3,5,50,4,2,1,5,4,5,7,1,1,10,5,5,2,17,6,2,9,1,1,C03,7,9,3,18,2,11,  ,6,6,1,21,8,C03,24.116848,120.657246,2
2018,9,16,18,49,臺中市,北區,0,0,0,8,,,50,,,,,,,,,,,,,,,12,  ,  ,  ,  ,B03,  ,  ,1,  ,2,  ,  ,12,12,1,  ,  ,B03,24.168143,120.668256,3
2018,9,16,18,50,臺中市,北屯區,0,0,,8,,,50,,,,,,,,,,,,,,,,,,,,B03,,,1,,2,,,7,,1,  ,,B03,24.162123,120.718766,3
2018,9,16,19,7,臺中市,龍井區,0,0,,8,,,70,,,,,,,,,,,,,,,,,,,,B02,,,1,,2,,,23,,1,22,,B02,24.18585,120.586436,3
2018,9,16,19,15,臺中市,北屯區,0,0,,8,,,50,,,,,,,,,,,,,,,,,,,,B03,,,1,,2,,,12,,1,5,,B03,24.179578,120.700876,3
2018,9,16,19,24,臺中市,東區,0,0,0,8,3,5,50,14,9,1,5,4,5,7,4,4,5,5,5,2,14,12,3,10,1,1,B03,7,2,1,8,9,5,  ,12,12,2,5,8,B03,24.141726,120.68667,3
2018,9,16,19,30,臺中市,南屯區,0,0,0,8,,,50,,,,,,,,,,,,,,,,3,  ,  ,  ,B03,  ,  ,1,  ,2,  ,  ,23,  ,1,22,  ,B03,24.150862,120.648655,3
2018,9,16,19,31,臺中市,西區,0,0,0,8,3,5,40,4,1,1,5,4,5,7,1,1,10,5,5,2,16,8,  ,  ,  ,  ,B03,  ,  ,1,  ,2,  ,  ,8,8,1,5,  ,B03,24.133625,120.666498,3
2018,9,16,19,55,臺中市,大肚區,0,0,,8,,,70,,,,,,,,,,,,,,,,,,,,B12,,,3,,2,,,16,,1,21,,B12,24.139428,120.550073,3
2018,9,16,20,23,臺中市,西屯區,0,1,0,8,3,5,50,4,1,1,5,4,5,7,4,4,10,5,5,2,16,6,2,9,1,1,C03,7,9,1,10,2,12,  ,14,6,1,21,8,C03,24.185016,120.594191,2
2018,9,16,20,30,臺中市,西屯區,0,0,,8,,,50,,,,,,,,,,,,,,,,,,,,C03,,,1,,2,,,16,,1,22,,C03,24.162891,120.649803,3
2018,9,16,20,37,臺中市,西屯區,0,0,,8,,,50,,,,,,,,,,,,,,,,,,,,C03,,,1,,9,,,26,,1,  ,,C03,24.174531,120.615453,3
2018,9,16,20,58,臺中市,南區,0,2,0,8,3,5,40,14,8,1,4,4,5,7,3,1,5,4,4,2,13,23,2,9,1,1,C04,7,9,1,10,2,11,  ,23,23,1,17,5,C04,24.124076,120.677328,2
2018,9,16,21,0,臺中市,中區,0,0,0,8,,,50,,,,,,,,,,,,,,,43,3,  ,  ,  ,C03,  ,  ,1,  ,2,  ,  ,43,43,1,21,  ,C03,24.143851,120.681054,3
2018,9,16,21,0,臺中市,沙鹿區,0,0,0,8,,,40,,,,,,,,,,,,,,,9,  ,  ,  ,  ,B03,  ,  ,1,  ,2,  ,  ,9,9,1,9,  ,B03,24.249991,120.597572,3
2018,9,16,21,10,臺中市,西屯區,0,2,0,8,3,5,50,5,1,1,5,4,5,7,2,1,10,5,5,2,12,6,3,10,1,3,C03,7,5,1,10,2,15,  ,6,6,1,22,8,C03,24.190975,120.595613,2
2018,9,16,21,10,臺中市,大甲區,0,1,0,8,1,5,50,4,1,1,5,4,5,7,4,4,10,5,5,2,17,8,3,10,1,1,B03,7,5,1,8,2,8,  ,8,8,1,22,9,B03,24.347349,120.621302,2
2018,9,16,21,10,臺中市,潭子區,0,2,0,8,3,5,50,14,7,1,5,4,5,7,4,4,5,4,5,2,1,51,2,9,4,2,H01,8,16,8,20,10,16,  ,51,51,1,22,8,H01,24.211611,120.704888,2
2018,9,16,21,18,臺中市,東區,0,0,,8,,,40,,,,,,,,,,,,,,,,,,,,B03,,,7,,11,,,19,,2,  ,,B03,24.140244,120.702115,3
2018,9,16,21,19,臺中市,北區,0,1,0,8,3,5,50,4,1,1,5,4,5,7,1,1,10,5,5,2,17,8,3,10,1,1,C03,7,5,1,10,2,15,  ,8,8,1,22,8,C03,24.165337,120.682452,2
2018,9,16,21,41,臺中市,西屯區,0,0,,8,,,40,,,,,,,,,,,,,,,,,,,,B02,,,1,,2,,,23,,1,22,,B02,24.160681,120.652653,3
2018,9,16,21,47,臺中市,南區,0,2,0,8,3,5,50,14,7,1,5,4,5,7,4,4,9,5,4,2,16,6,2,7,1,1,C03,7,5,1,10,2,11,  ,6,6,1,18,8,C03,24.115652,120.650563,2
2018,9,16,22,18,臺中市,西屯區,0,1,0,8,3,5,40,3,1,1,5,4,5,7,4,4,10,5,5,2,16,6,2,9,3,4,C03,7,6,1,10,2,12,  ,6,6,1,21,8,C03,24.169646,120.638749,2
2018,9,16,22,23,臺中市,南區,0,0,0,,,,,,,,,,,,,,,,,,,17,3,  ,  ,  ,B03,  ,  ,1,  ,2,  ,  ,17,17,1,22,  ,B03,24.120194,120.679251,3
2018,9,16,22,59,臺中市,北區,0,1,0,7,3,5,50,3,1,1,5,4,5,7,4,4,10,5,5,2,16,6,2,7,1,1,C03,7,5,1,10,2,12,  ,6,6,1,5,8,C03,24.153952,120.684424,2
2018,9,16,23,9,臺中市,北區,0,1,0,8,3,5,50,14,9,1,5,4,5,7,4,4,10,4,5,2,17,42,2,9,1,1,C03,7,9,2,18,2,15,  ,42,42,1,21,8,C03,24.165292,120.670123,2
2018,9,16,23,15,臺中市,太平區,0,1,0,8,3,5,50,3,1,1,5,4,5,7,4,4,5,5,5,2,16,23,2,9,1,1,C03,7,9,1,10,2,11,  ,23,23,1,21,8,C03,24.144378,120.734392,2
2018,9,16,23,51,臺中市,梧棲區,0,0,,8,,,50,,,,,,,,,,,,,,,,,,,,B03,,,1,,2,,,22,,2,5,,B03,24.260269,120.538732,3
2018,9,17,0,0,臺中市,中區,0,0,0,8,,,50,,,,,,,,,,,,,,,23,3,  ,  ,  ,B03,  ,  ,1,  ,2,  ,  ,23,23,1,21,  ,B03,24.141355,120.676863,3
2018,9,17,0,48,臺中市,東區,0,0,0,8,,,50,,,,,,,,,,,,,,,25,  ,  ,  ,  ,B03,  ,  ,1,8,2,  ,  ,25,25,1,  ,  ,B03,24.142728,120.701207,3
2018,9,17,2,2,臺中市,北區,0,0,0,8,,,50,,,,,,,,,,,,,,,23,  ,  ,  ,  ,B03,  ,  ,1,  ,2,  ,  ,23,23,1,22,  ,B03,24.1628,120.674,3
2018,9,17,3,0,臺中市,北屯區,0,0,0,8,,,50,,,,,,,,,,,,,,,42,  ,  ,  ,  ,B03,  ,  ,1,  ,2,  ,  ,42,42,1,20,  ,B03,24.176985,120.67523,3
2018,9,17,4,7,臺中市,東區,0,0,,8,,,50,,,,,,,,,,,,,,,,,,,,B12,,,1,,2,,,25,,1,22,,B12,24.135021,120.69618,3
2018,9,17,6,25,臺中市,梧棲區,0,0,,8,,,50,,,,,,,,,,,,,,,,,,,,B03,,,1,,2,,,60,,1,20,,B03,24.220514,120.527752,3
2018,9,17,6,43,臺中市,西屯區,0,2,0,8,1,5,50,4,1,1,5,4,5,7,1,1,10,5,5,2,17,7,2,9,1,1,C03,7,9,1,10,2,11,  ,23,7,1,21,8,C03,24.189135,120.615589,2
2018,9,17,6,56,臺中市,大雅區,0,1,0,8,1,5,50,3,2,1,5,4,5,7,1,1,3,4,4,1,17,48,3,10,1,1,B03,7,15,1,8,2,4,  ,48,48,1,21,8,B03,24.230041,120.641362,2
2018,9,17,7,10,臺中市,烏日區,0,0,,8,,,50,,,,,,,,,,,,,,,,,,,,B03,,,1,,2,,,16,,1,9,,B03,24.107246,120.636138,3
2018,9,17,7,11,臺中市,太平區,0,1,0,8,1,5,50,14,9,1,5,4,5,7,4,4,10,5,5,2,13,23,2,7,4,5,F01,7,9,8,20,2,16,  ,23,23,1,15,2,F01,24.123167,120.723207,2
2018,9,17,7,14,臺中市,潭子區,0,0,,8,,,50,,,,,,,,,,,,,,,,,,,,B03,,,1,,2,,,19,,1,22,,B03,24.21415,120.69712,3
2018,9,17,7,17,臺中市,東勢區,0,1,0,8,1,5,60,14,9,1,5,4,5,7,4,4,5,4,5,1,17,7,3,10,1,1,B12,7,8,1,8,2,7,  ,7,7,1,9,8,B12,24.294616,120.800788,2
2018,9,17,7,30,臺中市,南屯區,0,0,0,8,,,40,,,,,,,,,,,,,,,,3,  ,  ,  ,B03,  ,  ,1,  ,2,  ,  ,23,  ,1,22,  ,B03,24.143649,120.614297,3
2018,9,17,7,30,臺中市,北屯區,0,1,0,8,1,5,50,4,1,1,5,4,5,7,4,4,10,5,5,2,16,6,3,10,3,4,B03,7,9,1,8,2,1,  ,6,6,1,19,8,B03,24.18574,120.702018,2
2018,9,17,7,30,臺中市,潭子區,0,2,0,8,1,5,50,14,9,1,5,4,5,7,4,4,5,4,5,1,12,19,2,9,1,1,C03,7,1,1,10,2,11,  ,19,19,1,22,9,C03,24.201388,120.706072,2
2018,9,17,7,31,臺中市,沙鹿區,0,1,0,8,1,5,40,4,1,1,5,4,5,7,4,4,10,5,5,2,15,6,2,8,1,1,C03,7,9,1,10,2,11,  ,6,6,1,21,8,C03,24.23599,120.572191,2
2018,9,17,7,33,臺中市,南區,0,0,0,8,1,5,50,4,1,1,5,4,5,7,1,1,10,5,5,2,17,23,3,10,1,1,B01,7,15,1,4,2,5,2,23,23,1,21,8,B01,24.132611,120.678696,3
2018,9,17,7,36,臺中市,南屯區,0,0,,8,,,40,,,,,,,,,,,,,,,,,,,,B03,,,1,,2,,,23,,1,22,,B03,24.149816,120.623098,3
2018,9,17,7,38,臺中市,西屯區,0,2,0,8,1,5,40,14,8,1,5,4,5,7,4,4,9,4,4,2,13,16,2,8,1,1,C03,7,9,1,10,2,11,  ,16,16,1,5,8,C03,24.156022,120.60875,2
2018,9,17,7,38,臺中市,西屯區,0,1,0,8,1,5,50,3,1,1,5,4,5,7,4,4,10,5,4,2,16,43,2,8,1,1,C03,7,5,1,10,2,14,  ,43,43,1,21,8,C03,24.16614,120.663707,2
2018,9,17,7,47,臺中市,西屯區,0,1,0,8,1,5,40,3,1,1,5,4,5,7,1,1,10,5,5,2,16,6,2,9,1,1,C03,7,6,1,10,5,12,  ,6,6,1,21,8,C03,24.196067,120.647751,2
2018,9,17,7,50,臺中市,北屯區,0,1,0,8,1,5,50,4,1,1,5,4,5,7,1,1,10,5,5,2,16,26,3,10,3,4,B03,7,6,1,8,2,5,  ,26,26,1,21,8,B03,24.182071,120.688096,2
2018,9,17,7,59,臺中市,西屯區,0,0,,8,,,40,,,,,,,,,,,,,,,,,,,,C03,,,1,,2,,,23,,1,22,,C03,24.164983,120.645796,3
2018,9,17,8,0,臺中市,北屯區,0,1,0,8,1,5,30,3,1,1,5,4,1,7,1,1,10,5,5,2,16,25,3,10,3,4,C03,7,9,1,10,2,12,  ,25,25,1,21,8,C03,24.183908,120.678669,2
2018,9,17,8,3,臺中市,南區,0,0,,8,,,50,,,,,,,,,,,,,,,,,,,,B03,,,1,,2,,,23,,1,22,,B03,24.12383,120.655337,3
2018,9,17,8,3,臺中市,西屯區,0,1,0,8,1,5,50,4,1,1,5,4,5,7,4,4,10,5,5,2,16,6,3,10,1,1,B03,7,5,1,8,2,7,  ,6,6,1,5,8,B03,24.192479,120.594386,2
2018,9,17,8,9,臺中市,西屯區,0,0,,8,,,50,,,,,,,,,,,,,,,,,,,,B03,,,1,,2,,,42,,1,  ,,B03,24.197025,120.642219,3
2018,9,17,8,9,臺中市,龍井區,0,0,,8,,,50,,,,,,,,,,,,,,,,,,,,A11,,,1,,2,,,12,,1,  ,,A11,24.125478,120.512549,3
2018,9,17,8,15,臺中市,西屯區,0,0,0,8,,,50,,,,,,,,,,,,,,,26,  ,  ,  ,  ,B03,  ,  ,1,  ,2,  ,  ,26,26,1,5,  ,B03,24.178293,120.624786,3
2018,9,17,8,17,臺中市,西屯區,0,1,0,8,1,5,50,14,9,1,5,4,5,7,4,4,1,5,5,2,29,67,  ,  ,  ,  ,   ,  ,  ,  ,  ,  ,  ,  ,67,67,1,  ,  ,   ,24.201297,120.662882,2
2018,9,17,8,20,臺中市,西屯區,0,0,,8,,,50,,,,,,,,,,,,,,,,,,,,B03,,,1,,2,,,42,,1,22,,B03,24.199551,120.655803,3
2018,9,17,8,25,臺中市,北屯區,0,1,0,8,1,5,40,14,8,1,5,4,5,7,4,4,1,4,4,2,13,42,2,9,3,4,C03,7,9,1,10,2,11,  ,42,42,1,21,8,C03,24.189086,120.661923,2
2018,9,17,8,30,臺中市,南區,0,2,0,8,1,5,50,4,1,1,5,4,5,7,1,1,10,5,5,2,16,6,2,9,1,1,C03,7,5,1,10,2,11,  ,6,6,1,21,1,C03,24.119826,120.656371,2
2018,9,17,8,36,臺中市,太平區,0,0,,8,,,50,,,,,,,,,,,,,,,,,,,,B12,,,1,,2,,,12,,1,5,,B12,24.108138,120.724451,3
2018,9,17,8,37,臺中市,梧棲區,0,1,0,8,1,5,60,4,1,1,5,4,5,7,1,1,10,5,5,2,16,6,3,10,1,1,B03,7,5,1,8,2,2,  ,6,6,1,2,9,B03,24.225322,120.518401,2
2018,9,17,8,45,臺中市,西區,0,0,,8,,,50,,,,,,,,,,,,,,,,,,,,F03,,,1,,2,,,42,,1,21,,F03,24.15672,120.662472,3
2018,9,17,8,45,臺中市,龍井區,0,1,0,8,1,5,40,3,2,1,5,4,5,7,4,4,10,5,5,2,17,42,3,10,1,4,B03,7,15,1,7,2,5,  ,42,42,1,22,8,B03,24.181482,120.575513,2
2018,9,17,8,46,臺中市,大里區,0,1,0,8,1,5,50,14,8,1,5,4,5,7,4,4,1,4,4,1,16,6,3,10,1,1,C03,7,6,1,10,2,12,  ,6,6,1,22,9,C03,24.097038,120.684161,2
2018,9,17,9,0,臺中市,南屯區,0,0,0,8,,,50,,,,,,,,,,,,,,,,3,  ,  ,  ,B03,  ,  ,1,  ,2,  ,  ,23,  ,1,22,  ,B03,24.151362,120.635381,4
2018,9,17,9,0,臺中市,霧峰區,0,0,,8,,,80,,,,,,,,,,,,,,,,,,,,A21,,,1,,2,,,30,,1,  ,,A21,24.109804,120.695885,3
2018,9,17,9,0,臺中市,沙鹿區,0,0,,8,,,50,,,,,,,,,,,,,,,,,,,,   ,,,8,,10,,,67,,1,  ,,   ,24.22602,120.573415,3
2018,9,17,9,3,臺中市,西區,0,0,0,8,,,50,,,,,,,,,,,,,,,26,3,  ,  ,  ,B12,  ,  ,1,  ,2,  ,  ,26,26,  ,5,  ,B12,24.133049,120.674949,3
2018,9,17,9,5,臺中市,北屯區,0,0,,8,,,50,,,,,,,,,,,,,,,,,,,,B12,,,1,,2,,,23,,1,22,,B12,24.178345,120.737545,3
2018,9,17,9,10,臺中市,北區,0,1,0,8,1,5,50,14,8,1,5,4,5,7,4,4,3,4,4,2,16,9,3,10,1,4,B02,7,6,1,8,2,2,  ,9,9,1,21,8,B02,24.146203,120.684909,2
2018,9,17,9,10,臺中市,龍井區,0,0,,8,,,50,,,,,,,,,,,,,,,,,,,,B03,,,1,,2,,,23,,1,12,,B03,24.193948,120.534696,3
2018,9,17,9,15,臺中市,東區,0,2,0,8,1,5,50,4,1,1,5,4,5,7,1,1,10,5,5,2,17,23,2,9,1,2,C03,7,9,1,10,2,12,  ,23,23,1,21,8,C03,24.129798,120.685216,2
2018,9,17,9,15,臺中市,西屯區,,,,8,,,50,,,,,,,,,,,,,,,,,,,,B12,,,1,,2,,,12,,1,22,,B12,24.158046,120.652553,3
2018,9,17,9,16,臺中市,西屯區,0,2,0,8,1,5,40,14,8,1,5,4,5,7,1,1,1,3,4,2,13,16,2,9,1,1,C03,7,9,1,10,2,11,  ,16,16,1,21,8,C03,24.18395,120.611488,2
2018,9,17,9,21,臺中市,北屯區,0,2,0,8,1,5,40,3,1,1,5,4,5,7,4,4,10,5,5,2,12,1,2,9,1,1,C03,7,4,1,10,2,12,  ,1,1,1,5,8,C03,24.19323,120.671716,2
2018,9,17,9,23,臺中市,大里區,0,0,,8,,,,,,,,,,,,,,,,,,,,,,,C03,,,3,,2,,,26,,1,19,,C03,24.092283,120.69175,3
2018,9,17,9,24,臺中市,西區,0,1,0,8,1,5,50,14,9,1,5,4,5,7,4,4,10,5,5,2,14,12,3,10,1,1,B03,7,2,1,10,2,3,  ,12,12,1,4,7,B03,24.137519,120.67803,2
2018,9,17,9,25,臺中市,南屯區,0,0,,,,,,,,,,,,,,,,,,,,,,,,,B12,,,1,,2,,,23,,1,22,,B12,24.14085,120.623288,3
2018,9,17,9,26,臺中市,霧峰區,1,0,0,8,1,5,50,4,1,1,5,4,5,7,3,1,10,5,5,2,12,23,3,10,1,1,B12,7,9,1,8,2,2,  ,23,23,1,22,8,B12,24.06737,120.701915,1