年,月,日,時,分,縣市,區,死,受傷,2-30,天候,光線,道路類別,速限,道路型態,事故位置,路面鋪裝,路面狀態,路面缺陷,障礙物,視距,號誌種類,號誌動作,分向設施,快車道或一般車道間,快慢車道間,路面邊線,事故類型及型態,主要肇因,受傷程度,主要傷處,保護裝備,行動電話,當事者區分_類別,車輛用途,當事者行動狀態,駕駛資格情形,駕駛執照種類,飲酒情形,車輛撞擊部位最初,車輛撞擊部位其他,肇事因素個別,肇事因素主要,肇事逃逸,職業,旅次目的,車種,GPS座標_緯度,GPS座標_經度,事故類別
2018,9,17,9,34,臺中市,大甲區,0,0,,8,,,30,,,,,,,,,,,,,,,,,,,,A12,,,1,,2,,,17,,1,22,,A12,24.357357,120.632163,3
2018,9,17,9,35,臺中市,南區,0,0,0,8,1,5,50,14,9,1,5,4,5,7,4,4,3,4,5,2,13,23,3,10,1,1,B03,7,9,1,8,2,1,  ,23,23,1,21,8,B03,24.115664,120.655792,3
2018,9,17,9,37,臺中市,南區,0,3,0,8,1,5,50,4,1,1,5,4,5,7,1,1,10,5,5,2,17,42,2,8,1,1,C03,7,1,1,10,2,12,  ,42,42,1,22,8,C03,24.126367,120.682574,2
2018,9,17,9,50,臺中市,神岡區,0,0,0,8,,,50,,,,,,,,,,,,,,,12,  ,  ,  ,  ,A12,  ,  ,1,  ,2,  ,  ,12,12,1,21,  ,A12,24.25713,120.669432,3
2018,9,17,10,5,臺中市,南屯區,,,,8,,,40,,,,,,,,,,,,,,,,,,,,B01,,,1,,2,,,16,,1,10,,B01,24.141707,120.622919,3
2018,9,17,10,11,臺中市,西屯區,0,0,,8,,,40,,,,,,,,,,,,,,,,,,,,B03,,,1,,2,,,12,,1,22,,B03,24.154559,120.622761,3
2018,9,17,10,12,臺中市,西區,0,1,0,8,1,5,40,14,8,1,5,4,5,7,4,4,1,4,1,2,13,42,2,9,1,1,C03,7,9,1,10,2,11,  ,42,42,1,21,8,C03,24.152131,120.669008,2
2018,9,17,10,12,臺中市,西屯區,0,0,,8,,,50,,,,,,,,,,,,,,,,,,,,B12,,,1,,2,,,12,,1,  ,,B12,24.15467,120.640058,3
2018,9,17,10,17,臺中市,梧棲區,0,1,0,8,1,5,50,14,9,1,5,4,5,7,4,4,9,5,5,1,16,43,2,9,1,1,C03,7,5,1,10,2,11,  ,43,43,1,2,9,C03,24.235662,120.549715,2
2018,9,17,10,18,臺中市,西區,0,2,0,8,1,5,40,3,1,1,5,4,5,7,4,4,10,5,5,2,16,8,2,8,1,1,C03,7,5,1,10,2,14,  ,8,8,1,21,8,C03,24.143051,120.670828,2
2018,9,17,10,25,臺中市,西屯區,0,0,0,8,,,40,,,,,,,,,,,,,,,43,  ,  ,  ,  ,B03,  ,  ,1,  ,2,  ,  ,43,43,1,5,  ,B03,24.172458,120.642386,3
2018,9,17,10,32,臺中市,潭子區,0,1,0,8,1,5,50,3,1,1,5,4,5,7,1,1,10,5,5,2,16,19,3,10,1,1,B01,7,1,1,4,2,8,  ,19,19,1,22,8,B01,24.197181,120.702715,2
2018,9,17,10,38,臺中市,北屯區,0,0,,8,,,40,,,,,,,,,,,,,,,,,,,,B12,,,1,,2,,,12,,1,5,,B12,24.182473,120.714955,3
2018,9,17,10,40,臺中市,北區,0,1,0,8,1,5,50,5,1,1,5,4,5,7,1,1,10,5,5,2,16,9,3,10,1,1,B03,7,6,1,8,2,6,  ,9,9,1,21,8,B03,24.165151,120.669235,2
2018,9,17,10,42,臺中市,西屯區,0,1,0,8,1,5,50,4,1,1,5,4,5,7,2,1,10,5,5,2,16,25,3,10,3,4,B03,7,9,1,8,2,6,  ,25,25,1,22,8,B03,24.183521,120.614136,2
2018,9,17,10,44,臺中市,北區,0,1,0,8,1,5,50,3,1,1,5,4,5,7,4,4,10,5,5,2,17,12,3,10,1,4,B03,7,2,1,8,2,3,  ,12,12,1,21,8,B03,24.158793,120.677629,2
2018,9,17,10,45,臺中市,北區,0,1,0,8,1,5,50,3,2,1,5,4,5,7,4,4,3,4,4,2,17,6,3,10,1,1,B12,7,6,1,8,2,8,  ,6,6,1,22,8,B12,24.163213,120.679977,2
2018,9,17,10,50,臺中市,南屯區,0,0,,8,,,40,,,,,,,,,,,,,,,,,,,,B03,,,1,,9,,,17,,2,22,,B03,24.153251,120.635968,3
2018,9,17,10,51,臺中市,南屯區,0,0,0,8,1,5,50,14,9,1,5,4,5,7,4,4,5,5,5,2,14,12,3,10,1,1,B03,7,2,1,8,2,6,  ,12,12,1,22,8,B03,24.147427,120.642613,3
2018,9,17,10,53,臺中市,南屯區,0,0,,,,,,,,,,,,,,,,,,,,,,,,,B03,,,1,,2,,,25,,1,  ,,B03,24.133103,120.650591,3
2018,9,17,10,55,臺中市,中區,0,0,0,8,,,50,,,,,,,,,,,,,,,7,3,  ,  ,  ,B12,  ,  ,1,  ,2,  ,  ,7,7,  ,5,  ,B12,24.142472,120.67956,3
2018,9,17,10,59,臺中市,北區,0,3,0,8,1,5,50,3,1,1,5,4,5,7,4,4,10,5,5,2,16,6,2,8,1,1,C03,7,5,1,10,2,11,  ,6,6,1,22,8,C03,24.155522,120.691205,2
2018,9,17,11,1,臺中市,西屯區,0,0,,8,,,50,,,,,,,,,,,,,,,,,,,,B12,,,1,,2,,,23,,1,22,,B12,24.19741,120.656945,3
2018,9,17,11,5,臺中市,西屯區,0,2,0,8,1,5,50,4,1,1,5,4,5,7,4,4,10,5,5,2,15,6,2,8,1,1,B03,7,9,1,8,2,5,  ,6,6,1,21,8,B03,24.160713,120.642039,2
2018,9,17,11,5,臺中市,東勢區,0,1,0,8,1,5,30,14,9,1,5,4,1,7,4,4,1,3,4,1,16,6,3,10,1,1,B03,7,6,1,8,2,4,  ,6,6,1,22,9,B03,24.261172,120.822778,2
2018,9,17,11,9,臺中市,南區,0,0,0,8,,,50,,,,,,,,,,,,,,,23,3,  ,  ,  ,B03,  ,  ,1,8,2,  ,  ,23,23,  ,21,  ,B03,24.111808,120.670446,3
2018,9,17,11,10,臺中市,潭子區,0,2,0,8,1,5,50,14,7,1,5,4,5,7,4,4,1,4,4,1,12,19,2,9,1,1,C03,7,1,1,10,2,14,  ,19,19,1,22,9,C03,24.215198,120.701759,2
2018,9,17,11,24,臺中市,西屯區,0,2,0,8,1,5,50,3,1,1,5,4,5,7,4,4,10,5,5,2,13,16,2,9,1,1,C03,7,9,1,10,2,11,  ,16,16,1,5,8,C03,24.168566,120.662635,2
2018,9,17,11,31,臺中市,西區,0,0,0,8,1,5,50,14,9,1,5,4,5,7,4,4,5,5,5,2,12,,3,  ,  ,  ,B03,  ,  ,1,  ,2,  ,  ,12,  ,1,21,  ,B03,24.15552,120.654337,3
2018,9,17,11,32,臺中市,西屯區,0,1,0,8,1,5,40,14,8,1,5,4,5,7,4,4,1,5,1,2,16,19,3,10,1,1,B03,7,1,1,8,2,4,  ,19,19,1,21,8,B03,24.163677,120.648128,2
2018,9,17,11,34,臺中市,太平區,0,0,,8,,,50,,,,,,,,,,,,,,,,,,,,C03,,,1,,2,,,23,,1,18,,C03,24.15135,120.716815,3
2018,9,17,11,36,臺中市,西區,0,0,,8,1,5,50,15,8,1,5,4,5,7,4,4,5,2,4,2,17,,,,,,C03,,,1,,1,,,23,,1,2,,C03,24.142663,120.673683,3
2018,9,17,11,41,臺中市,西屯區,0,0,0,8,,,40,,,,,,,,,,,,,,,16,  ,  ,  ,  ,B03,  ,  ,1,  ,2,  ,  ,16,16,1,22,  ,B03,24.18241,120.635383,3
2018,9,17,11,44,臺中市,西屯區,0,1,0,8,1,5,60,4,1,1,5,4,5,7,2,1,10,5,5,2,16,26,3,10,1,1,B03,7,6,1,8,2,2,  ,26,26,1,22,8,B03,24.160341,120.636713,2
2018,9,17,11,47,臺中市,南屯區,0,0,0,8,1,5,50,4,1,1,5,4,5,7,4,,10,5,5,2,15,6,3,10,1,1,C03,7,9,1,10,2,11,  ,6,6,1,22,8,C03,24.154632,120.648696,3
2018,9,17,11,58,臺中市,北區,0,0,0,8,,,50,,,,,,,,,,,,,,,12,3,  ,  ,  ,B02,  ,  ,1,  ,2,  ,  ,12,12,1,21,  ,B02,24.153384,120.682576,3
2018,9,17,12,7,臺中市,南區,0,1,0,8,1,5,50,4,1,1,5,4,5,7,1,1,10,5,5,2,16,26,2,9,1,1,C03,7,5,1,10,2,12,  ,26,26,1,19,8,C03,24.126974,120.662673,2
2018,9,17,12,13,臺中市,潭子區,0,0,,8,,,60,,,,,,,,,,,,,,,,,,,,B03,,,1,,2,,,26,,1,22,,B03,24.220609,120.706295,3
2018,9,17,12,15,臺中市,大甲區,0,2,0,8,1,5,50,4,1,1,5,4,5,7,4,4,10,5,5,2,15,6,2,9,1,1,C03,7,9,3,18,2,11,  ,6,6,1,21,7,C03,24.15892,120.648457,2
2018,9,17,12,22,臺中市,梧棲區,0,3,0,8,1,5,40,3,1,1,5,4,5,7,3,1,10,5,5,2,16,6,2,1,1,1,B03,7,5,1,8,2,6,  ,6,6,1,4,8,B03,24.245135,120.520785,2
2018,9,17,12,37,臺中市,太平區,0,0,0,8,,,50,,,,,,,,,,,,,,,19,  ,  ,  ,  ,B03,  ,  ,1,  ,2,  ,  ,19,19,1,  ,  ,B03,24.118368,120.72333,3
2018,9,17,12,45,臺中市,大肚區,0,1,0,8,1,5,40,5,1,1,5,4,5,7,1,3,10,5,5,2,15,6,3,10,1,1,B03,7,9,1,8,2,1,  ,14,6,1,22,5,B03,24.131602,120.555949,2
2018,9,17,13,2,臺中市,南屯區,0,0,,8,,,50,,,,,,,,,,,,,,,,,,,,B03,,,1,,2,,,23,,1,  ,,B03,24.150694,120.646015,3
2018,9,17,13,4,臺中市,西屯區,0,1,0,8,1,5,50,4,1,1,5,4,5,7,2,1,10,5,5,2,16,6,3,10,1,1,B12,7,6,1,8,2,2,  ,6,6,1,21,8,B12,24.178225,120.668556,2
2018,9,17,13,5,臺中市,北區,0,0,0,8,,,40,,,,,,,,,,,,,,,12,  ,  ,  ,  ,B02,  ,  ,1,  ,2,  ,  ,12,12,1,10,  ,B02,24.150208,120.690629,3
2018,9,17,13,11,臺中市,西屯區,0,3,0,8,1,5,50,4,1,1,5,4,5,7,1,1,10,5,5,2,16,8,2,9,1,1,C03,7,5,1,10,2,11,  ,8,8,1,18,8,C03,24.183719,120.644755,2
2018,9,17,13,18,臺中市,西屯區,0,1,0,8,1,5,40,4,1,1,5,4,5,7,2,1,10,5,5,2,16,8,2,8,3,4,C03,7,5,1,10,2,14,  ,8,8,1,22,8,C03,24.186296,120.621969,2
2018,9,17,13,25,臺中市,西區,0,0,0,8,1,5,50,14,9,1,5,4,5,7,4,4,10,5,5,2,13,23,3,10,1,1,B03,7,9,1,8,2,1,  ,23,23,1,21,8,B03,24.146744,120.658396,3
2018,9,17,13,25,臺中市,北屯區,0,0,,8,,,50,,,,,,,,,,,,,,,,,,,,B03,,,1,,2,,,23,,1,5,,B03,24.174323,120.715116,3
2018,9,17,13,28,臺中市,西屯區,0,0,,8,,,40,,,,,,,,,,,,,,,,,,,,B03,,,1,,2,,,23,,1,22,,B03,24.170776,120.634413,3
2018,9,17,13,31,臺中市,西屯區,0,1,0,8,1,5,50,4,1,1,5,4,5,7,1,1,10,5,5,2,16,6,3,10,1,1,B03,7,5,1,8,2,1,  ,6,6,1,21,8,B03,24.172383,120.6607,2
2018,9,17,13,35,臺中市,沙鹿區,0,0,0,8,,,40,,,,,,,,,,,,,,,19,  ,  ,  ,  ,B03,  ,  ,1,  ,2,  ,  ,19,19,  ,  ,  ,B03,24.203773,120.566848,3
2018,9,17,13,35,臺中市,潭子區,0,0,,8,,,60,,,,,,,,,,,,,,,,,,,,B03,,,1,,2,,,19,,1,22,,B03,24.217367,120.705662,3
2018,9,17,13,35,臺中市,大雅區,0,1,0,8,1,5,40,3,1,1,5,4,5,7,3,1,10,5,5,2,16,6,3,10,1,1,B12,7,5,1,8,2,8,  ,6,6,1,22,9,B12,24.230518,120.657018,2
2018,9,17,13,37,臺中市,石岡區,0,1,0,8,1,5,50,14,9,1,5,4,5,7,1,1,4,4,5,1,13,23,3,10,1,1,B03,7,9,1,8,2,1,  ,23,23,1,22,9,B03,24.259848,120.816051,2
2018,9,17,13,42,臺中市,北區,0,0,0,8,,,50,,,,,,,,,,,,,,,12,3,  ,  ,  ,B03,  ,  ,1,8,2,6,  ,12,12,  ,21,  ,B03,24.156638,120.692557,3
2018,9,17,13,49,臺中市,太平區,0,1,0,8,1,5,40,3,1,1,5,4,5,7,4,4,10,5,5,2,11,5,3,10,1,1,B12,7,9,1,8,2,4,  ,5,5,1,3,8,B12,24.105617,120.732953,2
2018,9,17,13,50,臺中市,南屯區,0,0,,8,,,50,,,,,,,,,,,,,,,,,,,,B03,,,1,,2,,,23,,1,22,,B03,24.13338,120.646916,3
2018,9,17,13,54,臺中市,南屯區,0,0,0,8,1,5,50,4,1,1,5,4,5,7,1,1,10,5,5,2,13,16,3,10,1,1,B02,7,9,1,8,2,1,  ,16,16,1,22,8,B02,24.141375,120.640945,3
2018,9,17,13,56,臺中市,南區,0,0,0,8,,,50,,,,,,,,,,,,,,,19,3,  ,  ,  ,B12,  ,  ,1,8,2,  ,  ,19,19,  ,21,  ,B12,24.117308,120.659495,3
2018,9,17,14,3,臺中市,南屯區,0,0,,8,,,50,,,,,,,,,,,,,,,,,,,,C03,,,1,,2,,,23,,1,18,,C03,24.141928,120.649655,3
2018,9,17,14,4,臺中市,西屯區,0,0,,8,,,50,,,,,,,,,,,,,,,,,,,,B03,,,1,,2,,,16,,1,21,,B03,24.155654,120.641022,3
2018,9,17,14,5,臺中市,西屯區,0,0,,8,,,50,,,,,,,,,,,,,,,12,,,,,,,,,,,,,,,,,,,24.186035,120.606906,3
2018,9,17,14,10,臺中市,烏日區,0,0,,8,,,40,,,,,,,,,,,,,,,,,,,,A12,,,1,,2,,,12,,1,  ,,A12,24.0766,120.6388,3
2018,9,17,14,15,臺中市,北屯區,0,0,,8,,,50,,,,,,,,,,,,,,,,,,,,B03,,,1,,2,,,23,,1,22,,B03,24.179483,120.68587,3
2018,9,17,14,15,臺中市,烏日區,0,0,,8,,,60,,,,,,,,,,,,,,,,,,,,B12,,,1,,2,,,18,,1,  ,,B12,24.104895,120.621682,3
2018,9,17,14,15,臺中市,烏日區,0,3,0,8,1,5,40,4,1,1,5,4,5,7,4,4,10,5,5,2,15,6,2,9,1,1,B12,7,9,1,8,2,5,  ,6,6,1,21,8,B12,24.052948,120.652031,2
2018,9,17,14,20,臺中市,北屯區,0,1,0,8,1,5,50,14,7,1,5,4,5,7,4,4,9,4,4,2,17,23,2,9,3,4,C03,7,9,1,5,2,11,  ,23,23,1,5,8,C03,24.177169,120.696602,2
2018,9,17,14,30,臺中市,南屯區,0,1,0,8,1,5,50,3,1,1,5,4,5,7,4,4,10,5,5,2,16,10,3,10,1,1,B12,7,11,1,8,2,5,  ,10,10,1,22,9,B12,24.151263,120.615842,2
2018,9,17,14,41,臺中市,豐原區,0,0,,8,,,50,,,,,,,,,,,,,,,,,,,,B03,,,1,,8,,,21,,1,21,,B03,24.263016,120.715426,3
2018,9,17,14,43,臺中市,西屯區,0,0,,8,,,40,,,,,,,,,,,,,,,,,,,,B12,,,1,,2,,,12,,1,21,,B12,24.15985,120.654158,3
2018,9,17,14,43,臺中市,太平區,0,0,,8,,,50,,,,,,,,,,,,,,,,,,,,B03,,,1,,2,,,19,,1,9,,B03,24.148065,120.702805,3
2018,9,17,14,57,臺中市,西屯區,0,0,,8,,,40,,,,,,,,,,,,,,,,,,,,B12,,,1,,2,,,12,,1,10,,B12,24.16662,120.637564,3
2018,9,17,14,58,臺中市,西屯區,0,0,,8,,,50,,,,,,,,,,,,,,,,,,,,B03,,,1,,2,,,42,,1,22,,B03,24.162368,120.628768,3
2018,9,17,15,0,臺中市,北屯區,0,0,,8,,,50,,,,,,,,,,,,,,,,,,,,B12,,,1,,2,,,12,,1,22,,B12,24.179383,120.685946,3
2018,9,17,15,2,臺中市,西屯區,0,0,,8,,,50,,,,,,,,,,,,,,,,,,,,B03,,,1,,2,,,16,,1,21,,B03,24.177797,120.64218,3
2018,9,17,15,6,臺中市,西區,0,1,0,8,1,5,50,14,8,1,5,4,5,7,4,4,4,2,4,2,17,43,3,10,1,1,B02,7,9,1,4,1,15,  ,43,43,1,10,3,B02,24.150914,120.665299,2
2018,9,17,15,7,臺中市,沙鹿區,,,,8,,,60,,,,,,,,,,,,,,,,,,,,B03,,,1,,2,,,7,,1,21,,B03,24.250146,120.58967,3
2018,9,17,15,9,臺中市,北屯區,0,0,,,,,,,,,,,,,,,,,,,,,,,,,B03,,,1,,2,,,12,,1,21,,B03,,,3
2018,9,17,15,15,臺中市,大雅區,0,0,,8,,,50,,,,,,,,,,,,,,,,,,,,B03,,,1,,2,,,7,,1,  ,,B03,24.221462,120.647374,3
2018,9,17,15,20,臺中市,大里區,0,1,0,8,1,5,50,11,9,1,5,4,5,7,4,4,5,5,5,1,18,23,2,9,1,1,C03,7,9,6,18,2,14,  ,23,23,1,5,5,C03,24.121851,120.692633,2
2018,9,17,15,23,臺中市,北屯區,0,1,0,8,1,5,50,4,1,1,5,4,5,7,1,1,10,5,5,2,16,42,2,8,3,4,C03,7,9,1,10,2,14,  ,23,42,1,19,8,C03,24.201252,120.676094,2
2018,9,17,15,23,臺中市,西屯區,0,1,0,8,1,5,50,3,1,1,5,4,5,7,4,4,10,5,5,2,17,43,2,9,1,1,C03,7,9,1,10,2,12,  ,43,43,1,21,8,C03,24.165913,120.66296,2
2018,9,17,15,25,臺中市,南屯區,0,0,,8,,,50,,,,,,,,,,,,,,,,,,,,B03,,,1,,2,,,16,,1,21,,B03,24.153666,120.617163,3
2018,9,17,15,25,臺中市,南屯區,0,0,,8,,,40,,,,,,,,,,,,,,,,,,,,B11,,,1,,2,,,23,,1,21,,B11,24.151007,120.612409,3
2018,9,17,15,26,臺中市,北屯區,0,1,0,8,1,5,50,4,1,1,5,4,5,7,1,1,10,5,5,2,15,25,3,10,1,1,B03,7,9,1,8,2,2,  ,25,25,1,5,8,B03,24.183825,120.665385,2
2018,9,17,15,30,臺中市,北區,0,0,0,8,,,50,,,,,,,,,,,,,,,6,  ,  ,  ,  ,B03,  ,  ,1,  ,2,  ,  ,6,6,1,5,  ,B03,24.150301,120.676157,3
2018,9,17,15,30,臺中市,大甲區,0,1,0,8,1,5,50,4,1,1,5,4,5,7,4,4,10,5,5,2,15,6,2,9,1,1,C03,7,9,1,10,2,11,  ,6,6,1,22,9,C03,24.406312,120.645957,2
2018,9,17,15,32,臺中市,西屯區,0,0,,8,,,50,,,,,,,,,,,,,,,,,,,,B12,,,1,,2,,,42,,1,22,,B12,24.198681,120.65656,3
2018,9,17,15,32,臺中市,西屯區,0,1,0,8,1,5,40,4,1,1,5,4,5,7,2,1,10,5,5,2,15,25,3,10,1,1,C03,7,9,1,10,2,12,  ,25,25,1,22,8,C03,24.166486,120.652631,2
2018,9,17,15,42,臺中市,北區,0,0,0,8,,,50,,,,,,,,,,,,,,,9,  ,  ,  ,  ,B03,  ,  ,1,  ,2,  ,  ,9,9,1,22,  ,B03,24.161609,120.66992,3
2018,9,17,15,45,臺中市,大雅區,0,0,,8,,,50,,,,,,,,,,,,,,,,,,,,A12,,,1,,2,,,12,,1,  ,,A12,24.221533,120.650272,3
2018,9,17,16,12,臺中市,龍井區,0,0,,8,,,60,,,,,,,,,,,,,,,44,,,,,B01,,,1,,2,,,23,44,1,10,,B01,24.185463,120.573806,3
2018,9,17,16,16,臺中市,南屯區,0,1,0,8,1,5,50,4,2,1,5,4,5,7,1,1,10,5,5,2,16,26,2,9,1,4,C04,7,5,1,10,2,11,  ,26,26,1,22,8,C04,24.140078,120.62825,2
2018,9,17,16,25,臺中市,南屯區,0,0,,8,,,40,,,,,,,,,,,,,,,,,,,,B03,,,1,,10,,,44,,1,21,,B03,24.136538,120.62773,3
2018,9,17,16,26,臺中市,西屯區,0,2,0,8,1,5,40,4,1,1,1,4,5,7,3,1,10,5,5,2,17,6,2,9,1,1,C03,7,5,1,10,2,14,  ,6,6,1,22,8,C03,24.190047,120.610681,2
2018,9,17,16,28,臺中市,北屯區,0,0,,8,,,50,,,,,,,,,,,,,,,,,,,,A12,,,1,,2,,,25,,1,  ,,A12,24.201337,120.689967,3
2018,9,17,16,28,臺中市,大里區,0,2,0,8,1,5,50,14,9,1,5,4,5,7,4,4,10,5,5,2,17,23,2,8,1,1,C03,7,6,1,10,2,15,  ,23,23,1,21,8,C03,24.124563,120.690041,2
2018,9,17,16,29,臺中市,太平區,0,0,,8,,,40,,,,,,,,,,,,,,,23,,,,,B01,,,1,,2,,,44,23,1,10,,B01,24.147162,120.716912,3
2018,9,17,16,34,臺中市,西區,0,0,0,8,,,50,,,,,,,,,,,,,,,,3,  ,  ,  ,C03,  ,  ,1,  ,2,  ,  ,23,  ,  ,21,  ,C03,24.143874,120.660186,3
2018,9,17,16,37,臺中市,太平區,0,1,0,8,1,5,50,4,2,1,5,4,5,7,1,1,5,4,5,1,13,23,2,7,1,1,C03,7,9,1,10,2,11,  ,23,23,1,21,8,C03,24.149494,120.723332,2
2018,9,17,16,39,臺中市,西區,0,0,0,8,1,5,50,14,7,1,5,4,5,7,4,4,1,4,4,2,13,,3,  ,  ,  ,B03,  ,  ,1,  ,2,  ,  ,23,  ,1,21,  ,B03,24.140157,120.663468,3
2018,9,17,16,40,臺中市,神岡區,0,0,0,8,,,50,,,,,,,,,,,,,,,19,  ,  ,  ,  ,B03,  ,  ,1,  ,2,  ,  ,19,19,1,22,  ,B03,24.257992,120.662528,3
2018,9,17,17,2,臺中市,西屯區,0,1,0,8,1,5,40,4,1,1,5,4,5,7,1,1,9,4,4,2,11,6,2,9,1,1,C03,7,5,1,10,2,11,  ,6,6,1,21,8,C03,24.172963,120.604552,2
2018,9,17,17,10,臺中市,西屯區,0,1,0,8,1,5,50,4,1,1,5,4,5,7,1,1,10,5,5,2,12,43,2,9,1,1,C03,7,9,1,10,2,11,  ,43,43,1,21,8,C03,24.165463,120.652952,2
2018,9,17,17,11,臺中市,霧峰區,0,1,0,8,1,5,50,3,2,1,5,4,5,7,4,4,5,5,5,1,18,42,2,9,1,1,C03,7,9,1,10,2,15,  ,42,42,1,21,9,C03,24.069382,120.697239,2
2018,9,17,17,13,臺中市,西屯區,0,1,0,8,1,5,50,4,1,1,5,4,5,7,2,1,10,5,5,2,16,6,3,10,1,1,B03,7,6,1,8,2,2,  ,6,6,1,22,8,B03,24.186845,120.614616,2
2018,9,17,17,15,臺中市,太平區,0,0,0,8,2,5,40,14,9,1,5,4,5,7,4,4,10,5,5,2,17,21,3,10,1,1,B03,7,9,1,8,7,1,  ,21,21,1,4,8,B03,24.140081,120.716543,3
2018,9,17,17,20,臺中市,南屯區,0,1,0,8,1,5,50,4,1,1,5,4,5,7,1,1,10,5,5,2,16,25,3,10,3,4,B03,7,5,1,8,2,8,  ,25,25,1,22,8,B03,24.140223,120.650045,2
2018,9,17,17,21,臺中市,南屯區,0,0,,8,,,50,,,,,,,,,,,,,,,,,,,,C03,,,1,,2,,,6,,1,  ,,C03,24.151511,120.652763,3
2018,9,17,17,25,臺中市,北屯區,0,0,0,8,,,50,,,,,,,,,,,,,,,16,  ,  ,  ,  ,B03,  ,  ,1,  ,2,  ,  ,16,16,1,21,  ,B03,24.178678,120.738135,3
2018,9,17,17,29,臺中市,后里區,0,1,0,8,1,8,40,14,22,2,5,4,5,7,4,4,10,5,5,2,29,42,2,9,1,1,C03,7,15,1,10,2,15,  ,42,42,1,20,8,C03,24.303056,120.70713,2
2018,9,17,17,30,臺中市,大里區,0,2,0,8,1,5,50,14,9,1,5,4,5,7,3,1,9,5,5,1,16,6,2,8,1,1,C03,7,9,1,10,2,12,  ,6,6,1,21,8,C03,24.083801,120.689101,2
2018,9,17,17,30,臺中市,太平區,0,1,0,8,1,5,50,14,9,1,5,4,5,7,4,4,5,5,5,1,16,26,3,10,1,1,B03,7,11,1,8,2,7,  ,26,26,1,21,8,B03,24.115489,120.704325,2
2018,9,17,17,30,臺中市,大甲區,0,1,0,8,1,5,50,4,1,1,5,4,5,7,1,1,10,5,5,2,15,25,3,10,1,1,B03,7,9,1,8,2,2,  ,25,25,1,22,9,B03,24.34244,120.622612,2
2018,9,17,17,30,臺中市,潭子區,0,2,0,8,2,5,50,5,1,1,5,4,5,7,1,1,10,5,5,2,16,19,3,10,1,1,C03,7,1,1,10,2,14,  ,19,19,1,22,8,C03,24.216695,120.697787,2
2018,9,17,17,30,臺中市,大雅區,0,2,0,8,2,5,50,14,12,1,5,4,5,7,4,4,1,4,4,1,12,1,2,8,1,1,C03,7,4,1,10,2,12,  ,1,1,1,22,1,C03,24.230907,120.640366,2
2018,9,17,17,34,臺中市,大肚區,0,0,,8,,,50,,,,,,,,,,,,,,,,,,,,C03,,,2,,2,,,11,,1,  ,,C03,24.15125,120.545309,3
2018,9,17,17,38,臺中市,南屯區,0,0,,8,,,50,,,,,,,,,,,,,,,,,,,,B03,,,1,,2,,,23,,1,  ,,B03,24.151315,120.652635,3
2018,9,17,17,38,臺中市,大甲區,0,0,0,,,,,,,,,,,,,,,,,,,42,  ,  ,  ,  ,A02,  ,  ,1,  ,2,  ,  ,42,42,1,10,  ,A02,24.34531,120.629661,3
2018,9,17,17,42,臺中市,西屯區,0,1,0,8,3,5,40,14,8,1,5,4,5,7,4,4,5,5,4,2,9,23,2,9,4,5,F01,7,9,8,20,2,16,  ,23,23,1,22,9,F01,24.176488,120.643384,2
2018,9,17,17,52,臺中市,北區,0,1,0,8,2,5,40,3,2,1,5,4,5,7,3,1,10,5,5,2,17,6,3,10,4,5,F01,7,11,8,20,2,16,  ,6,6,1,15,8,F01,24.152153,120.691123,2
2018,9,17,17,54,臺中市,龍井區,,,,8,,,60,,,,,,,,,,,,,,,,,,,,B12,,,1,,2,,,23,,1,22,,B12,24.180818,120.574502,3
2018,9,17,18,3,臺中市,西區,0,0,0,8,3,5,50,4,2,1,5,4,5,7,1,1,5,4,5,2,12,42,  ,  ,  ,  ,B03,  ,  ,1,  ,2,  ,  ,42,42,1,5,  ,B03,24.146723,120.657428,3
2018,9,17,18,4,臺中市,中區,0,0,,8,,,50,,,,,,,,,,,,,,,,,,,,B03,,,1,,2,,,6,,1,5,,B03,24.142867,120.675831,3
2018,9,17,18,8,臺中市,西屯區,0,1,0,8,1,5,50,4,1,1,5,4,5,7,1,1,10,5,5,2,16,43,3,10,1,1,B03,7,5,1,8,2,2,  ,43,43,1,21,8,B03,24.187046,120.61013,2
2018,9,17,18,10,臺中市,梧棲區,0,1,0,8,3,5,50,4,2,1,5,4,5,7,4,4,10,5,5,2,15,6,2,9,4,5,F02,7,9,8,20,2,16,  ,6,6,1,9,7,F02,24.228058,120.52232,2
2018,9,17,18,13,臺中市,北屯區,0,0,0,8,,,50,,,,,,,,,,,,,,,16,3,  ,  ,  ,B03,  ,  ,1,  ,1,  ,  ,23,16,  ,21,  ,B03,24.189216,120.686552,3
2018,9,17,18,20,臺中市,西屯區,0,0,0,8,,,50,,,,,,,,,,,,,,,23,  ,  ,  ,  ,B03,  ,  ,1,  ,2,  ,  ,23,23,1,22,  ,B03,24.159512,120.652391,3
2018,9,17,18,23,臺中市,大甲區,0,1,0,8,3,5,50,5,1,1,5,4,5,7,1,1,10,5,5,2,15,42,2,9,1,1,C03,7,9,1,10,2,11,  ,42,42,1,22,8,C03,24.359539,120.629677,2