年,月,日,時,分,縣市,區,死,受傷,2-30,天候,光線,道路類別,速限,道路型態,事故位置,路面鋪裝,路面狀態,路面缺陷,障礙物,視距,號誌種類,號誌動作,分向設施,快車道或一般車道間,快慢車道間,路面邊線,事故類型及型態,主要肇因,受傷程度,主要傷處,保護裝備,行動電話,當事者區分_類別,車輛用途,當事者行動狀態,駕駛資格情形,駕駛執照種類,飲酒情形,車輛撞擊部位最初,車輛撞擊部位其他,肇事因素個別,肇事因素主要,肇事逃逸,職業,旅次目的,車種,GPS座標_緯度,GPS座標_經度,事故類別
2018,9,17,18,25,臺中市,北屯區,0,1,0,8,3,5,40,3,1,1,5,4,5,7,1,1,1,4,4,2,13,23,3,10,1,1,C03,7,9,1,10,2,11,  ,23,23,1,22,8,C03,24.181579,120.666425,2
2018,9,17,18,26,臺中市,西屯區,0,0,,8,,,80,,,,,,,,,,,,,,,,,,,,B03,,,1,,2,,,43,,1,22,,B03,24.158738,120.639113,3
2018,9,17,18,41,臺中市,清水區,0,2,0,8,4,5,40,3,1,1,5,4,5,7,1,1,10,5,5,2,12,23,2,9,1,1,C03,7,9,1,10,2,12,  ,23,23,1,12,8,C03,24.300588,120.5953,2
2018,9,17,18,45,臺中市,南區,0,1,0,8,3,5,50,3,1,1,5,4,5,7,4,4,10,5,5,2,16,23,3,10,1,1,B03,7,5,1,8,2,8,  ,23,23,1,4,8,B03,24.121603,120.652803,2
2018,9,17,18,48,臺中市,大里區,0,1,0,8,3,5,50,4,1,1,5,4,5,7,1,1,10,5,5,2,17,25,3,10,1,1,A12,7,6,1,7,11,3,  ,25,25,1,12,4,A12,24.106376,120.69012,2
2018,9,17,18,55,臺中市,南區,0,0,,8,,,50,,,,,,,,,,,,,,,,,,,,B03,,,1,,2,,,7,,1,20,,B03,24.130004,120.657244,3
2018,9,17,18,55,臺中市,大肚區,0,0,,8,,,40,,,,,,,,,,,,,,,,,,,,B01,,,1,,2,,,12,,1,10,,B01,24.117451,120.580244,3
2018,9,17,18,59,臺中市,西屯區,0,0,,8,,,25,,,,,,,,,,,,,,,,,,,,B03,,,1,,1,,,7,,1,21,,B03,24.205952,120.628975,3
2018,9,17,19,0,臺中市,南區,0,0,,8,,,50,,,,,,,,,,,,,,,,,,,,B03,,,1,,9,,,23,,2,4,,B03,24.123988,120.667945,3
2018,9,17,19,6,臺中市,沙鹿區,0,1,0,8,3,5,50,5,1,1,5,4,5,7,1,1,1,4,4,1,18,23,2,6,1,1,C03,7,6,1,9,2,14,  ,23,23,1,3,8,C03,24.227617,120.558623,2
2018,9,17,19,15,臺中市,北屯區,0,0,,8,,,40,,,,,,,,,,,,,,,,,,,,B03,,,1,,2,,,23,,1,5,,B03,24.186046,120.671398,3
2018,9,17,19,15,臺中市,烏日區,0,1,0,8,1,5,50,4,1,1,5,4,5,7,2,1,5,4,5,1,16,26,3,10,1,1,B03,7,5,1,8,2,8,  ,26,26,1,21,8,B03,24.093443,120.648626,2
2018,9,17,19,20,臺中市,沙鹿區,0,1,0,8,3,5,70,3,1,1,5,4,5,7,4,4,10,5,5,2,15,6,2,9,1,1,C03,7,9,1,10,2,12,  ,6,6,1,18,5,C03,24.243168,120.617748,2
2018,9,17,19,30,臺中市,西屯區,0,1,0,8,3,5,40,3,1,1,5,4,5,7,4,4,9,4,4,2,12,19,3,10,1,1,B03,7,1,1,8,2,4,  ,19,19,1,21,8,B03,24.185871,120.623184,2
2018,9,17,19,31,臺中市,西屯區,0,0,,8,,,50,,,,,,,,,,,,,,,,,,,,B03,,,1,,2,,,23,,1,  ,,B03,24.174698,120.639275,3
2018,9,17,19,48,臺中市,北區,0,1,0,8,3,5,50,4,1,1,5,4,5,7,4,4,10,5,5,2,15,6,2,8,3,4,C03,7,9,4,10,2,12,  ,6,6,1,5,8,C03,24.160347,120.679955,2
2018,9,17,19,57,臺中市,大雅區,0,1,0,8,3,5,50,3,1,1,5,4,5,7,3,1,10,5,5,2,11,10,3,10,1,1,B03,7,11,1,8,2,8,  ,10,10,1,22,9,B03,24.233994,120.623969,2
2018,9,17,20,0,臺中市,西屯區,0,0,,8,,,50,,,,,,,,,,,,,,,,,,,,B03,,,1,,2,,,25,,1,21,,B03,24.172312,120.66369,3
2018,9,17,20,15,臺中市,南屯區,0,2,0,7,3,5,40,14,9,1,5,4,5,7,4,4,10,5,5,2,26,43,2,9,1,4,C03,7,9,2,18,2,11,  ,43,43,1,16,8,C03,24.129547,120.614009,2
2018,9,17,20,15,臺中市,西屯區,0,0,,8,,,50,,,,,,,,,,,,,,,,,,,,B01,,,1,,2,,,10,,1,22,,B01,24.169267,120.646952,3
2018,9,17,20,16,臺中市,北區,0,1,0,8,3,5,40,3,2,1,5,4,5,7,1,1,5,5,4,2,17,23,2,8,1,4,C03,7,9,1,10,2,12,  ,23,23,1,18,8,C03,24.151951,120.682087,2
2018,9,17,20,18,臺中市,西屯區,0,1,0,8,3,5,50,3,1,1,5,4,5,7,4,4,10,5,5,2,17,40,2,9,1,1,C03,7,9,1,10,2,14,  ,23,40,1,22,9,C03,24.157918,120.651398,2
2018,9,17,20,30,臺中市,烏日區,0,1,0,8,3,5,60,14,9,1,5,4,5,7,4,4,1,4,4,1,14,12,3,10,1,1,B03,7,2,1,8,2,7,  ,12,12,1,22,8,B03,24.105344,120.620736,2
2018,9,17,20,45,臺中市,南區,0,0,,8,,,50,,,,,,,,,,,,,,,,,,,,B03,,,1,,2,,,19,,1,4,,B03,24.117695,120.665675,3
2018,9,17,20,45,臺中市,南屯區,0,1,0,8,3,5,50,14,9,1,5,4,5,7,4,4,5,4,5,2,16,26,3,10,1,1,B01,7,11,1,3,2,5,  ,26,26,1,21,8,B01,24.154351,120.649789,2
2018,9,17,20,53,臺中市,西屯區,0,1,0,8,3,5,1,14,20,1,5,4,5,7,1,1,9,4,4,2,18,43,2,9,1,1,F01,7,9,8,20,8,16,  ,43,43,1,21,8,F01,24.181336,120.627175,2
2018,9,17,21,5,臺中市,西屯區,0,2,0,8,3,5,50,3,1,1,5,4,5,7,1,1,10,5,5,2,16,43,2,9,1,1,C03,7,1,1,10,2,11,  ,43,43,1,21,8,C03,24.182752,120.61652,2
2018,9,17,21,18,臺中市,沙鹿區,0,3,0,8,3,5,50,3,1,1,5,4,5,7,1,1,10,5,5,2,16,9,2,7,1,1,C03,7,6,1,10,2,12,  ,9,9,1,18,5,C03,24.225336,120.57005,2
2018,9,17,21,38,臺中市,北區,0,2,0,6,3,5,50,3,2,1,4,4,5,7,4,4,5,5,4,2,16,6,2,9,1,4,C04,7,5,1,8,2,12,  ,6,6,1,5,8,C04,24.170058,120.671699,2
2018,9,17,21,40,臺中市,龍井區,0,0,,8,,,40,,,,,,,,,,,,,,,,,,,,B03,,,1,,7,,,23,,1,12,,B03,24.179435,120.528751,3
2018,9,17,21,47,臺中市,西屯區,0,1,0,8,3,5,50,4,1,1,5,4,5,7,4,4,10,5,5,2,15,6,2,8,1,4,C03,7,9,1,10,2,14,  ,6,6,1,22,8,C03,24.177825,120.663127,2
2018,9,17,22,3,臺中市,南區,0,0,0,8,1,5,50,14,7,1,5,4,5,7,4,4,1,4,4,2,13,16,3,10,1,1,B03,7,9,1,8,2,1,  ,16,16,1,21,8,B03,24.112025,120.650925,3
2018,9,17,22,24,臺中市,北區,0,1,0,7,3,5,50,14,7,1,5,4,5,7,4,4,5,2,5,2,17,40,3,10,1,1,B03,7,14,1,8,2,2,  ,40,40,1,5,8,B03,24.151037,120.67742,2
2018,9,17,22,50,臺中市,南區,0,0,,8,,,50,,,,,,,,,,,,,,,,,,,,C03,,,1,,2,,,23,,1,4,,C03,24.129051,120.68063,3
2018,9,17,22,53,臺中市,西區,0,1,0,8,3,5,50,14,7,1,5,4,5,7,4,4,5,5,4,2,17,19,3,10,1,1,B03,7,1,1,8,1,7,  ,19,19,2,21,8,B03,24.155981,120.656392,2
2018,9,17,23,3,臺中市,南區,0,2,0,8,3,5,50,14,7,1,5,4,5,7,4,4,2,4,4,2,16,7,2,6,1,1,C03,7,7,6,17,2,13,  ,7,7,1,9,5,C03,24.120145,120.679494,2
2018,9,17,23,10,臺中市,大肚區,0,0,,8,,,70,,,,,,,,,,,,,,,,,,,,B03,,,1,,2,,,23,,1,9,,B03,24.169525,120.542215,3
2018,9,17,23,11,臺中市,西屯區,0,2,0,8,3,5,50,4,1,1,5,4,5,7,2,1,1,5,5,2,16,6,2,9,1,1,C03,7,6,1,10,2,12,  ,6,6,1,22,8,C03,24.163128,120.63785,2
2018,9,17,23,21,臺中市,外埔區,0,1,0,8,1,5,50,4,2,1,5,4,5,7,3,1,5,4,5,1,26,43,2,9,1,1,B03,7,9,1,8,2,1,  ,43,43,1,22,9,B03,24.317455,120.671655,2
2018,9,17,23,26,臺中市,太平區,0,0,0,8,,,50,,,,,,,,,,,,,,,19,  ,  ,  ,  ,B01,  ,  ,1,  ,2,  ,  ,23,19,1,10,  ,B01,24.160188,120.710189,3
2018,9,17,23,39,臺中市,太平區,0,2,0,8,3,5,50,3,1,1,5,4,5,7,3,1,5,5,5,2,16,6,3,10,1,1,B03,7,5,1,8,2,4,  ,6,6,1,21,8,B03,24.127354,120.715862,2
2018,9,18,2,56,臺中市,南屯區,0,2,0,7,3,5,50,4,1,1,4,4,5,7,3,1,10,5,5,2,15,6,2,3,1,1,B03,7,9,6,18,2,8,  ,6,6,1,9,8,B03,24.13208,120.641364,2
2018,9,18,5,30,臺中市,大甲區,0,1,0,8,1,5,50,14,7,1,5,4,5,7,4,4,9,5,4,2,18,22,2,1,4,5,F03,7,9,8,20,2,16,  ,22,22,1,21,8,F03,24.405576,120.652003,2
2018,9,18,5,43,臺中市,大雅區,0,1,0,8,1,5,50,14,9,1,5,4,5,7,4,4,5,5,5,1,29,21,2,8,1,1,C03,7,9,5,18,4,11,  ,21,21,1,23,8,C03,24.221607,120.648236,2
2018,9,18,7,1,臺中市,沙鹿區,0,0,,8,,,60,,,,,,,,,,,,,,,,,,,,B03,,,1,,2,,,42,,  ,4,,B03,24.25015,120.597456,3
2018,9,18,7,5,臺中市,神岡區,0,0,0,8,,,50,,,,,,,,,,,,,,,26,  ,  ,  ,  ,B03,  ,  ,1,  ,2,  ,  ,26,26,1,21,  ,B03,24.27686,120.658927,3
2018,9,18,7,20,臺中市,西屯區,0,0,,8,,,50,,,,,,,,,,,,,,,,,,,,B03,,,1,,2,,,23,,1,  ,,B03,24.172046,120.635463,3
2018,9,18,7,22,臺中市,西屯區,0,0,,8,,,40,,,,,,,,,,,,,,,,,,,,B03,,,1,,2,,,6,,1,  ,,B03,24.185242,120.612163,3
2018,9,18,7,22,臺中市,清水區,0,0,,8,,,70,,,,,,,,,,,,,,,,,,,,B03,,,1,,2,,,23,,1,18,,B03,24.282263,120.581768,3
2018,9,18,7,23,臺中市,北屯區,0,1,0,8,1,5,50,4,1,1,5,4,5,7,4,4,10,5,5,2,16,6,2,9,1,1,C03,7,9,1,10,2,12,  ,6,6,1,5,8,C03,24.17252,120.714558,2
2018,9,18,7,30,臺中市,南屯區,0,0,0,8,,,40,,,,,,,,,,,,,,,23,3,  ,  ,  ,B03,  ,  ,1,  ,2,  ,  ,23,23,1,22,  ,B03,24.140496,120.622638,4
2018,9,18,7,31,臺中市,龍井區,0,1,0,8,1,5,40,3,1,1,5,4,5,7,1,1,10,5,5,2,16,23,2,9,1,1,C03,7,9,1,10,2,11,  ,23,23,1,22,8,C03,24.188395,120.581051,2
2018,9,18,7,36,臺中市,沙鹿區,0,0,0,8,,,50,,,,,,,,,,,,,,,23,  ,  ,  ,  ,B03,  ,  ,1,  ,2,  ,  ,23,23,  ,  ,  ,B03,24.242505,120.561566,3
2018,9,18,7,42,臺中市,南屯區,0,0,,8,,,50,,,,,,,,,,,,,,,,,,,,C03,,,1,,2,,,23,,1,22,,C03,24.144316,120.64024,3
2018,9,18,7,48,臺中市,太平區,0,1,0,8,1,5,50,4,1,1,5,4,5,7,2,1,10,5,5,2,15,25,2,9,1,1,C03,7,9,1,10,2,12,  ,25,25,1,9,1,C03,24.159486,120.705099,2
2018,9,18,7,50,臺中市,南屯區,0,0,,8,,,40,,,,,,,,,,,,,,,43,,,,,C03,,,1,,2,,,43,43,1,22,,C03,24.139566,120.638131,4
2018,9,18,7,52,臺中市,大肚區,0,1,0,8,1,5,40,4,1,1,5,4,5,7,2,1,10,5,5,2,16,6,3,10,1,1,B12,7,6,1,8,2,2,  ,6,6,1,9,1,B12,24.127273,120.563155,2
2018,9,18,7,53,臺中市,西屯區,0,1,0,8,1,5,50,14,8,1,5,4,5,7,4,4,1,4,4,2,16,6,3,10,1,1,C03,7,6,1,10,2,14,  ,6,6,1,4,8,C03,24.198527,120.653623,2
2018,9,18,7,54,臺中市,神岡區,0,2,0,8,1,5,50,4,1,1,5,4,5,7,3,1,4,5,4,2,15,6,2,9,1,1,C03,7,9,3,18,2,11,  ,6,6,1,21,8,C03,24.255616,120.671979,2
2018,9,18,7,55,臺中市,龍井區,0,0,,8,,,60,,,,,,,,,,,,,,,,,,,,B03,,,1,,2,,,23,,1,22,,B03,24.18807,120.573213,3
2018,9,18,8,0,臺中市,南屯區,0,0,0,8,1,5,40,14,9,1,5,4,5,7,4,4,1,5,5,2,12,23,3,10,1,1,A12,7,9,1,3,3,5,  ,23,23,1,22,9,A12,24.142513,120.62496,3
2018,9,18,8,1,臺中市,大雅區,0,1,0,8,1,5,40,4,1,1,5,4,5,7,4,4,10,5,5,2,16,6,3,10,1,1,B03,7,9,1,8,2,2,  ,6,6,1,22,9,B03,24.243822,120.670349,2
2018,9,18,8,8,臺中市,龍井區,0,0,,8,,,40,,,,,,,,,,,,,,,,,,,,B01,,,1,,2,,,17,,1,22,,B01,24.180594,120.589328,3
2018,9,18,8,8,臺中市,梧棲區,0,1,0,8,1,5,50,4,1,1,5,4,5,7,3,1,10,5,5,1,16,43,3,10,3,4,C03,7,5,4,8,2,12,  ,43,43,1,21,8,C03,24.228035,120.547664,2
2018,9,18,8,9,臺中市,西屯區,,,,8,,,50,,,,,,,,,,,,,,,,,,,,B03,,,1,,2,,,16,,1,22,,B03,24.18632,120.622503,3
2018,9,18,8,13,臺中市,沙鹿區,0,1,0,8,1,5,40,5,1,1,5,4,5,7,4,4,10,5,5,2,15,6,3,10,1,1,B03,7,9,1,8,2,8,  ,6,6,1,4,1,B03,24.226472,120.571783,2
2018,9,18,8,20,臺中市,北屯區,0,1,0,8,1,5,50,14,9,1,5,4,5,7,4,4,1,4,5,2,13,16,2,8,3,4,C03,7,9,1,10,2,11,  ,16,16,1,5,8,C03,24.173032,120.680741,2
2018,9,18,8,26,臺中市,烏日區,0,1,0,8,1,5,50,3,1,1,5,4,5,7,1,1,10,5,5,2,16,26,3,10,1,1,B12,7,9,1,8,2,2,  ,23,26,1,21,8,B12,24.096789,120.637424,2
2018,9,18,8,30,臺中市,南屯區,0,2,0,8,1,5,50,3,1,1,5,4,5,7,4,4,10,5,5,2,16,6,2,8,1,1,C03,7,5,1,10,2,11,  ,6,6,1,22,9,C03,24.143836,120.649063,2
2018,9,18,8,35,臺中市,潭子區,0,1,0,8,1,5,50,4,1,1,5,4,5,7,1,1,10,5,5,2,18,25,2,9,1,1,C03,7,9,1,10,2,12,  ,25,25,1,22,8,C03,24.21811,120.717386,2
2018,9,18,8,41,臺中市,北區,0,1,0,8,1,5,50,4,1,1,5,4,5,7,4,4,10,5,5,2,15,6,3,10,1,1,B03,7,9,1,8,2,8,  ,6,6,1,22,8,B03,24.163914,120.683294,2
2018,9,18,8,41,臺中市,北屯區,0,0,0,8,,,50,,,,,,,,,,,,,,,26,3,  ,  ,  ,B03,  ,  ,1,  ,2,  ,  ,26,26,  ,21,  ,B03,24.182728,120.6889,3
2018,9,18,8,53,臺中市,西屯區,0,0,,8,,,60,,,,,,,,,,,,,,,,,,,,B03,,,6,,2,,,7,,1,5,,B03,24.163183,120.648945,3
2018,9,18,8,53,臺中市,西屯區,0,0,,8,,,50,,,,,,,,,,,,,,,,,,,,B03,,,1,,2,,,12,,1,  ,,B03,24.185381,120.624298,3
2018,9,18,8,56,臺中市,北區,0,0,0,8,,,50,,,,,,,,,,,,,,,12,  ,  ,  ,  ,C03,  ,  ,1,  ,2,  ,  ,12,12,1,18,  ,C03,24.153167,120.688323,3
2018,9,18,8,57,臺中市,西屯區,0,2,0,8,1,5,50,4,1,1,5,4,5,7,4,4,10,5,5,2,16,25,2,9,1,1,C04,7,5,1,10,2,12,  ,25,25,1,4,8,C04,24.168694,120.619397,2
2018,9,18,8,58,臺中市,西屯區,0,1,0,8,1,5,1,15,20,1,5,4,5,7,4,4,10,5,5,2,14,12,3,10,3,4,B03,7,2,1,8,2,7,  ,12,12,1,22,8,B03,24.160558,120.627278,2
2018,9,18,9,1,臺中市,北區,0,0,0,8,,,50,,,,,,,,,,,,,,,23,3,  ,  ,  ,B03,  ,  ,1,  ,2,  ,  ,23,23,1,21,  ,B03,24.162406,120.685139,3
2018,9,18,9,2,臺中市,北區,0,0,0,8,,,40,,,,,,,,,,,,,,,23,  ,  ,  ,  ,A12,  ,  ,1,  ,2,  ,  ,23,23,1,10,  ,A12,24.16744,120.669806,3
2018,9,18,9,5,臺中市,烏日區,0,0,,8,,,40,,,,,,,,,,,,,,,,,,,,B12,,,1,,2,,,12,,1,22,,B12,24.109969,120.645882,3
2018,9,18,9,7,臺中市,西區,0,0,0,8,1,5,50,14,9,1,5,4,5,7,4,4,9,5,5,2,14,,3,  ,  ,  ,B12,  ,  ,1,  ,2,  ,  ,12,  ,1,21,  ,B12,24.156157,120.660242,3
2018,9,18,9,9,臺中市,南區,0,0,,,,,,,,,,,,,,,,,,,,,,,,,B03,,,1,,2,,,23,,1,21,,B03,24.124077,120.679304,3
2018,9,18,9,9,臺中市,西屯區,0,1,0,8,1,5,50,14,9,1,5,4,5,7,4,4,2,4,5,2,13,42,2,7,1,1,B12,7,14,6,18,2,1,  ,42,42,1,22,8,B12,24.18609,120.622701,2
2018,9,18,9,14,臺中市,北區,0,1,0,8,1,5,40,14,8,1,5,4,5,7,4,4,1,4,4,2,14,12,3,10,1,1,B12,7,2,1,8,2,6,  ,12,12,1,22,8,B12,24.166109,120.673436,2
2018,9,18,9,14,臺中市,龍井區,0,2,0,8,1,5,50,3,1,1,5,4,5,7,4,4,10,5,5,2,16,19,2,8,1,1,C03,7,1,1,10,2,14,  ,19,19,1,22,8,C03,24.182112,120.592749,2
2018,9,18,9,15,臺中市,太平區,0,0,,8,,,50,,,,,,,,,,,,,,,,,,,,B03,,,1,,2,,,23,,1,4,,B03,24.111276,120.709229,3
2018,9,18,9,16,臺中市,南區,0,1,0,8,1,5,50,4,1,1,4,4,5,7,1,1,10,5,5,2,13,16,3,10,1,1,C03,6,9,1,10,2,11,  ,16,16,1,21,8,C03,24.123408,120.666066,2
2018,9,18,9,17,臺中市,西屯區,0,1,0,8,1,5,40,4,1,1,5,4,5,7,2,1,10,5,5,2,12,17,3,10,1,1,C03,7,9,3,18,11,12,  ,17,17,2,20,8,C03,24.166155,120.64362,2
2018,9,18,9,23,臺中市,大雅區,0,0,,8,,,50,,,,,,,,,,,,,,,,,,,,B03,,,1,,2,,,6,,1,  ,,B03,24.239991,120.656889,3
2018,9,18,9,29,臺中市,西區,0,0,0,8,1,5,50,4,1,1,5,4,5,7,2,1,10,5,5,2,13,23,3,10,1,1,B03,7,9,1,8,2,1,  ,23,23,1,4,7,B03,24.146713,120.661686,3
2018,9,18,9,31,臺中市,西屯區,0,1,0,8,1,5,40,4,1,1,5,4,5,7,4,4,10,5,5,2,29,23,2,9,3,4,C03,7,9,1,10,2,12,  ,23,23,1,22,8,C03,24.174833,120.650456,2
2018,9,18,9,35,臺中市,西屯區,0,0,,8,,,40,,,,,,,,,,,,,,,,,,,,C03,,,1,,2,,,16,,1,4,,C03,24.174856,120.64891,3
2018,9,18,9,43,臺中市,烏日區,0,0,,8,,,50,,,,,,,,,,,,,,,44,,,,,B03,,,1,,2,,,9,44,1,23,,B03,24.116062,120.618672,3
2018,9,18,9,43,臺中市,沙鹿區,0,0,,8,,,40,,,,,,,,,,,,,,,,,,,,B03,,,1,,2,,,12,,1,21,,B03,24.23393,120.559434,3
2018,9,18,9,47,臺中市,西屯區,0,1,0,8,1,5,50,3,1,1,5,4,5,7,4,4,10,5,5,2,16,6,3,10,1,1,B03,7,5,1,8,2,4,  ,6,6,1,5,8,B03,24.16229,120.657945,2
2018,9,18,9,51,臺中市,烏日區,0,1,0,8,1,5,70,14,9,1,5,4,5,7,4,4,1,4,5,2,12,17,3,10,1,1,A12,7,9,1,3,2,2,  ,17,17,1,10,8,A12,24.106099,120.615469,2
2018,9,18,10,6,臺中市,霧峰區,0,1,0,8,1,5,50,3,1,1,5,4,5,7,4,4,10,5,5,2,16,6,3,10,1,1,B03,7,5,1,8,2,1,  ,6,6,1,21,8,B03,24.070303,120.7011,2
2018,9,18,10,11,臺中市,東勢區,0,0,,8,,,50,,,,,,,,,,,,,,,,,,,,B03,,,1,,2,,,19,,1,  ,,B03,24.257112,120.829705,3
2018,9,18,10,21,臺中市,南區,0,0,,,,,,,,,,,,,,,,,,,,,,,,,B11,,,1,,2,,,23,,1,21,,B11,24.135143,120.682553,3
2018,9,18,10,25,臺中市,大里區,0,0,,8,,,40,,,,,,,,,,,,,,,,,,,,B03,,,1,,2,,,12,,1,19,,B03,24.122941,120.688159,3
2018,9,18,10,30,臺中市,烏日區,0,0,0,8,1,5,50,14,7,1,5,4,5,7,4,4,4,3,4,1,12,16,3,10,1,1,C03,7,9,1,9,2,11,  ,16,16,1,5,4,C03,24.058036,120.658584,3
2018,9,18,10,30,臺中市,梧棲區,0,1,0,8,1,5,50,14,8,1,5,4,5,7,1,1,3,4,4,2,17,42,3,10,3,4,B03,7,13,1,8,9,8,  ,38,42,1,21,8,B03,24.254787,120.551663,2
2018,9,18,10,35,臺中市,南區,0,0,0,8,,,50,,,,,,,,,,,,,,,16,3,  ,  ,  ,B03,  ,  ,1,8,2,  ,  ,16,16,  ,21,  ,B03,24.12181,120.67905,3
2018,9,18,10,36,臺中市,北屯區,0,2,0,8,1,5,50,4,1,1,5,4,5,7,1,1,10,5,5,2,12,23,2,9,1,1,C03,7,9,1,10,2,14,  ,23,23,1,21,8,C03,24.160561,120.699019,2
2018,9,18,10,43,臺中市,北屯區,0,0,,8,,,50,,,,,,,,,,,,,,,,,,,,B03,,,1,,2,,,23,,1,5,,B03,24.17283,120.705476,3
2018,9,18,10,46,臺中市,西屯區,0,0,,8,,,40,,,,,,,,,,,,,,,,,,,,B12,,,1,,2,,,18,,1,4,,B12,24.16805,120.638479,3
2018,9,18,10,50,臺中市,太平區,0,1,0,8,1,5,50,14,9,1,5,4,5,7,4,4,10,5,5,1,16,6,3,10,1,1,C03,7,5,4,11,2,11,  ,6,6,1,21,8,C03,24.143166,120.733612,2
2018,9,18,10,57,臺中市,沙鹿區,0,0,0,8,,,60,,,,,,,,,,,,,,,12,  ,  ,  ,  ,B12,  ,  ,1,  ,2,  ,  ,12,12,  ,  ,  ,B12,24.250191,120.597844,3
2018,9,18,10,59,臺中市,清水區,0,0,,8,,,50,,,,,,,,,,,,,,,,,,,,B03,,,1,,2,,,42,,1,19,,B03,24.273685,120.565503,3
2018,9,18,11,0,臺中市,西屯區,0,0,0,8,,,50,,,,,,,,,,,,,,,26,  ,  ,  ,  ,B03,  ,  ,1,  ,2,  ,  ,26,26,1,22,  ,B03,24.15872,120.655925,3
2018,9,18,11,0,臺中市,龍井區,0,1,0,8,1,5,40,4,1,1,5,4,5,7,4,4,10,5,5,2,15,6,3,10,1,1,B03,7,9,1,8,2,1,  ,6,6,1,22,8,B03,24.189638,120.593806,2
2018,9,18,11,6,臺中市,西屯區,0,2,0,8,1,5,40,11,9,1,5,4,5,1,4,4,10,5,5,2,11,5,2,9,1,1,C03,7,5,1,10,2,11,  ,5,5,1,22,8,C03,24.180608,120.593783,2
2018,9,18,11,10,臺中市,西屯區,0,1,0,8,1,5,40,14,8,1,5,4,5,7,4,4,5,4,4,2,18,43,2,9,1,1,C03,7,9,1,10,2,14,  ,43,43,1,21,8,C03,24.171904,120.613292,2
2018,9,18,11,10,臺中市,龍井區,0,0,,8,,,40,,,,,,,,,,,,,,,,,,,,B11,,,1,,2,,,17,,1,22,,B11,24.179217,120.589987,3
2018,9,18,11,30,臺中市,南屯區,0,1,0,8,1,5,50,4,1,1,5,4,5,7,2,1,10,5,5,2,16,19,3,10,1,1,B12,7,1,1,8,2,8,  ,19,19,1,22,9,B12,24.148804,120.648727,2
2018,9,18,11,44,臺中市,南屯區,0,0,,8,,,40,,,,,,,,,,,,,,,,,,,,B03,,,1,,2,,,23,,1,22,,B03,24.138063,120.627034,3
2018,9,18,11,45,臺中市,北屯區,0,0,,8,,,50,,,,,,,,,,,,,,,,,,,,B03,,,1,,2,,,23,,1,22,,B03,24.182066,120.682346,3
2018,9,18,11,50,臺中市,南屯區,0,2,0,8,1,5,50,4,1,1,5,4,5,6,2,1,10,5,5,2,13,23,2,8,1,1,C03,7,9,1,10,2,11,  ,23,23,1,22,8,C03,24.145528,120.632513,2
2018,9,18,11,50,臺中市,潭子區,0,0,,8,,,50,,,,,,,,,,,,,,,,,,,,B12,,,1,,2,,,40,,1,22,,B12,24.207853,120.710495,3
2018,9,18,11,53,臺中市,西區,0,2,0,8,1,5,50,3,1,1,5,4,5,7,4,4,5,5,5,2,13,16,2,9,3,4,C03,7,9,1,10,2,11,  ,16,16,1,21,8,C03,24.147634,120.67198,2
2018,9,18,11,54,臺中市,神岡區,0,0,,8,,,50,,,,,,,,,,,,,,,,,,,,B12,,,1,,2,,,17,,1,21,,B12,24.272248,120.670409,3
2018,9,18,12,0,臺中市,北屯區,0,1,0,8,1,5,40,14,8,1,5,4,5,7,4,4,5,5,4,2,17,22,2,9,1,1,C03,7,15,3,18,2,11,12,22,22,1,21,8,C03,24.176925,120.729865,2
2018,9,18,12,3,臺中市,南區,0,2,0,8,1,5,50,3,1,1,5,4,5,7,3,1,10,5,5,2,15,6,2,9,1,1,C03,7,9,1,10,2,12,  ,6,6,1,21,8,C03,24.125653,120.667276,2
2018,9,18,12,6,臺中市,西屯區,0,2,0,8,1,5,1,4,1,1,5,4,5,7,1,1,10,5,5,2,16,25,2,9,1,1,C03,7,5,1,10,2,11,  ,25,25,1,23,8,C03,24.185025,120.640066,2
2018,9,18,12,6,臺中市,太平區,0,1,0,8,1,5,50,3,2,1,5,4,5,7,2,1,1,5,5,2,16,25,2,9,1,1,C03,7,5,1,10,2,12,  ,25,25,1,9,1,C03,24.13807,120.719218,2
2018,9,18,12,18,臺中市,北區,,,,8,,,50,,,,,,,,,,,,,,,,,,,,B03,,,1,,2,,,23,,1,22,,B03,24.155715,120.674438,3
2018,9,18,12,20,臺中市,豐原區,0,2,0,8,1,5,40,3,1,1,5,4,5,7,4,4,10,5,5,2,17,6,3,10,1,1,C03,7,5,4,11,2,11,  ,6,6,1,21,8,C03,24.24876,120.73849,2
2018,9,18,12,22,臺中市,太平區,0,0,,8,,,50,,,,,,,,,,,,,,,,,,,,B03,,,1,,2,,,26,,1,3,,B03,24.149654,120.710884,3
2018,9,18,12,25,臺中市,西區,0,0,,8,1,5,50,14,9,1,5,4,5,7,4,4,5,4,5,2,14,,,,,,B03,,,1,,2,,,18,,1,5,,B03,24.150798,120.661041,3
2018,9,18,12,27,臺中市,西屯區,0,2,0,8,1,5,40,14,8,1,5,4,5,7,3,1,10,5,5,2,16,6,2,8,1,1,C03,7,11,1,10,2,13,  ,6,6,1,4,8,C03,24.187165,120.643798,2
2018,9,18,12,29,臺中市,南區,0,2,0,8,1,5,50,13,7,1,5,4,5,7,4,4,5,4,4,2,12,17,2,9,1,1,C03,7,9,1,10,2,12,  ,17,17,1,21,8,C03,24.132383,120.67782,2