年,月,日,時,分,縣市,區,死,受傷,2-30,天候,光線,道路類別,速限,道路型態,事故位置,路面鋪裝,路面狀態,路面缺陷,障礙物,視距,號誌種類,號誌動作,分向設施,快車道或一般車道間,快慢車道間,路面邊線,事故類型及型態,主要肇因,受傷程度,主要傷處,保護裝備,行動電話,當事者區分_類別,車輛用途,當事者行動狀態,駕駛資格情形,駕駛執照種類,飲酒情形,車輛撞擊部位最初,車輛撞擊部位其他,肇事因素個別,肇事因素主要,肇事逃逸,職業,旅次目的,車種,GPS座標_緯度,GPS座標_經度,事故類別
2018,9,18,12,30,臺中市,石岡區,0,0,,8,,,70,,,,,,,,,,,,,,,,,,,,A41,,,1,,2,,,23,,1,  ,,A41,24.274476,120.78378,3
2018,9,18,12,32,臺中市,北屯區,0,0,,8,,,40,,,,,,,,,,,,,,,,,,,,B11,,,1,,2,,,23,,1,5,,B11,24.172751,120.705286,3
2018,9,18,12,45,臺中市,東區,0,0,0,8,1,5,50,14,9,1,5,4,5,7,4,4,5,5,5,2,13,23,3,10,1,1,B03,7,9,1,8,2,8,  ,23,23,1,5,8,B03,24.127359,120.700615,3
2018,9,18,12,50,臺中市,西屯區,0,2,0,8,1,5,50,14,7,1,5,4,5,7,3,1,5,4,4,2,16,43,2,9,3,4,C03,7,15,1,10,2,12,  ,43,43,1,22,8,C03,24.166973,120.64781,2
2018,9,18,12,51,臺中市,北區,0,0,0,8,,,40,,,,,,,,,,,,,,,6,  ,  ,  ,  ,B01,  ,  ,1,  ,2,  ,  ,6,6,1,10,  ,B01,24.1637,120.672614,3
2018,9,18,13,0,臺中市,北區,0,1,0,8,1,5,50,4,1,1,5,4,5,7,4,4,10,5,5,2,15,6,3,10,1,1,B03,7,9,1,8,2,2,  ,6,6,1,22,9,B03,24.149454,120.680202,2
2018,9,18,13,5,臺中市,西區,0,0,0,8,,,40,,,,,,,,,,,,,,,23,3,  ,  ,  ,C03,  ,  ,1,8,2,11,  ,23,23,1,21,8,C03,24.149034,120.671788,3
2018,9,18,13,7,臺中市,潭子區,0,1,0,8,1,5,60,4,1,1,5,4,5,7,1,1,10,5,5,2,16,8,2,9,1,1,C03,7,5,1,10,2,14,  ,8,8,1,22,8,C03,24.207126,120.705141,2
2018,9,18,13,29,臺中市,西屯區,0,0,0,8,,,40,,,,,,,,,,,,,,,19,  ,  ,  ,  ,B11,  ,  ,1,  ,2,  ,  ,44,19,1,10,  ,B11,24.173821,120.637378,3
2018,9,18,13,30,臺中市,西屯區,0,1,0,8,1,5,50,5,1,1,5,4,5,7,1,1,10,5,5,2,13,23,3,10,1,1,B03,7,9,1,8,2,1,  ,23,23,1,21,8,B03,24.176216,120.66392,2
2018,9,18,13,30,臺中市,大甲區,0,1,0,8,1,5,50,3,1,1,5,4,5,7,4,4,10,5,5,2,17,23,2,9,1,1,C03,7,9,1,10,2,11,  ,23,23,1,22,9,C03,24.341187,120.61136,2
2018,9,18,13,40,臺中市,北屯區,0,1,0,8,1,5,50,4,1,1,5,4,5,7,1,1,5,4,4,2,16,6,2,9,3,4,C03,7,6,1,10,2,12,  ,6,6,1,21,8,C03,24.172405,120.722813,2
2018,9,18,13,54,臺中市,北屯區,0,0,,8,,,50,,,,,,,,,,,,,,,,,,,,B03,,,1,,2,,,23,,1,5,,B03,24.190498,120.746558,3
2018,9,18,13,54,臺中市,西屯區,0,0,,8,,,50,,,,,,,,,,,,,,,,,,,,B03,,,1,,2,,,16,,1,  ,,B03,24.178299,120.62512,3
2018,9,18,13,55,臺中市,西區,0,1,0,8,1,5,50,14,9,1,5,4,5,7,4,4,5,5,5,2,12,19,3,10,3,4,B02,7,1,1,8,2,8,  ,19,19,1,21,8,B02,24.145836,120.653023,2
2018,9,18,14,25,臺中市,潭子區,0,0,,8,1,5,50,4,1,1,5,4,5,7,1,1,1,4,4,2,13,,,,,,B03,,,1,,2,,,23,,1,22,,B03,24.207084,120.710973,3
2018,9,18,14,45,臺中市,西屯區,0,1,0,8,1,5,50,14,7,1,5,4,5,7,4,4,5,4,5,2,13,16,3,10,1,1,B12,7,9,1,8,2,1,  ,16,16,1,4,8,B12,24.195268,120.643804,2
2018,9,18,14,46,臺中市,東勢區,0,1,0,8,1,5,50,3,9,1,5,4,5,7,3,2,4,3,5,1,11,8,3,10,1,1,B03,7,5,1,7,2,8,  ,8,8,1,22,9,B03,24.26323,120.825185,2
2018,9,18,14,52,臺中市,西屯區,0,0,,8,,,50,,,,,,,,,,,,,,,,,,,,B12,,,1,,2,,,23,,1,22,,B12,24.203725,120.653425,3
2018,9,18,14,53,臺中市,中區,0,0,,8,,,50,,,,,,,,,,,,,,,,,,,,B03,,,1,,2,,,6,,1,5,,B03,24.142865,120.675835,3
2018,9,18,14,55,臺中市,梧棲區,0,1,0,8,1,5,40,3,8,1,5,4,5,7,1,1,1,4,3,1,16,9,3,10,1,1,B03,7,6,1,8,2,2,  ,9,9,1,21,8,B03,24.238968,120.517952,2
2018,9,18,15,7,臺中市,沙鹿區,0,1,0,8,1,5,50,14,7,1,5,4,5,7,4,4,1,4,4,1,17,42,2,9,1,1,C03,7,9,1,10,2,12,  ,42,42,1,18,8,C03,24.228931,120.566912,2
2018,9,18,15,9,臺中市,沙鹿區,0,0,,8,,,50,,,,,,,,,,,,,,,,,,,,B03,,,1,,2,,,10,,1,5,,B03,24.229089,120.573717,3
2018,9,18,15,13,臺中市,南屯區,0,2,0,8,1,5,50,3,1,1,5,4,5,7,3,1,10,5,5,2,16,26,2,9,1,4,C03,7,9,1,10,2,14,  ,26,26,1,22,8,C03,24.135558,120.602679,2
2018,9,18,15,15,臺中市,西屯區,0,0,,8,,,50,,,,,,,,,,,,,,,,,,,,B03,,,1,,2,,,23,,1,22,,B03,24.183366,120.62652,3
2018,9,18,15,17,臺中市,西屯區,0,1,0,8,1,5,50,4,1,1,5,4,5,7,4,4,9,4,4,2,16,6,2,8,1,1,B12,7,9,6,18,2,5,  ,6,6,1,21,8,B12,24.159386,120.627827,2
2018,9,18,15,23,臺中市,南屯區,0,0,,8,,,50,,,,,,,,,,,,,,,,,,,,B12,,,1,,2,,,2,,1,22,,B12,24.138583,120.646766,3
2018,9,18,15,25,臺中市,西屯區,0,0,,8,,,50,,,,,,,,,,,,,,,,,,,,B03,,,1,,2,,,6,,1,21,,B03,24.156523,120.654371,3
2018,9,18,15,28,臺中市,大里區,0,1,0,8,1,5,50,4,1,1,5,4,5,7,4,4,10,5,5,2,16,8,3,10,1,1,B03,7,5,1,8,2,4,  ,8,8,1,21,8,B03,24.09205,120.70356,2
2018,9,18,15,38,臺中市,太平區,0,0,,8,,,40,,,,,,,,,,,,,,,,,,,,B12,,,1,,2,,,12,,1,9,,B12,24.139475,120.710772,3
2018,9,18,15,38,臺中市,大安區,0,0,,8,,,50,,,,,,,,,,,,,,,,,,,,B03,,,1,,2,,,12,,1,22,,B03,24.344334,120.588292,3
2018,9,18,15,41,臺中市,西屯區,0,0,,8,,,50,,,,,,,,,,,,,,,,,,,,B12,,,1,,2,,,12,,1,21,,B12,24.182888,120.632621,3
2018,9,18,15,53,臺中市,梧棲區,0,1,0,8,1,5,50,14,9,1,5,4,5,7,4,4,9,5,5,1,16,23,3,10,1,1,B12,7,6,1,8,2,5,  ,9,23,1,9,8,B12,24.239445,120.536753,2
2018,9,18,15,56,臺中市,北屯區,0,1,0,8,1,5,50,5,1,1,5,4,5,7,1,1,5,5,5,2,3,15,3,10,1,1,B12,7,5,1,8,2,8,  ,15,15,1,22,8,B12,24.166949,120.691381,2
2018,9,18,15,57,臺中市,北屯區,0,1,0,8,1,5,50,14,8,1,5,4,5,7,4,4,5,5,4,2,17,43,2,9,1,1,C03,7,15,3,18,2,12,  ,43,43,1,5,8,C03,24.165788,120.706951,2
2018,9,18,16,8,臺中市,后里區,0,0,0,8,1,5,50,4,2,1,5,4,5,7,4,4,5,5,4,2,17,42,3,10,1,1,B12,7,6,1,8,2,15,  ,42,42,1,21,8,B12,24.286348,120.709703,3
2018,9,18,16,14,臺中市,北屯區,0,1,0,8,1,5,50,14,9,1,5,4,5,7,4,4,5,5,5,2,14,12,3,10,1,1,B03,7,2,1,8,2,3,  ,12,12,1,21,5,B03,24.161996,120.693785,2
2018,9,18,16,15,臺中市,西屯區,0,1,0,8,1,5,40,14,9,1,5,4,5,7,4,4,5,5,5,2,13,16,3,10,1,1,B02,7,9,1,10,2,1,  ,16,16,1,4,8,B02,24.170641,120.616054,2
2018,9,18,16,21,臺中市,南屯區,0,0,,8,,,40,,,,,,,,,,,,,,,,,,,,   ,,,7,,11,,,43,,1,  ,,   ,24.131293,120.64391,3
2018,9,18,16,22,臺中市,北屯區,0,1,0,8,1,5,50,14,8,1,5,4,5,7,4,4,1,4,4,2,16,7,3,10,1,1,B12,7,8,1,7,2,6,  ,7,7,1,5,8,B12,24.189103,120.686396,2
2018,9,18,16,28,臺中市,西屯區,0,0,0,8,,,40,,,,,,,,,,,,,,,23,  ,  ,  ,  ,B03,  ,  ,1,  ,2,  ,  ,23,23,1,  ,  ,B03,24.162251,120.628808,3
2018,9,18,16,30,臺中市,龍井區,0,0,,8,,,50,,,,,,,,,,,,,,,,,,,,B03,,,1,,2,,,6,,1,22,,B03,24.179295,120.582889,3
2018,9,18,16,32,臺中市,西屯區,0,1,0,8,1,5,50,4,1,1,5,4,5,7,2,1,10,5,5,2,16,26,3,10,1,1,B03,7,6,1,8,2,5,  ,26,26,1,21,8,B03,24.182977,120.602726,2
2018,9,18,16,36,臺中市,龍井區,0,0,,8,,,50,,,,,,,,,,,,,,,,,,,,B03,,,1,,2,,,23,,1,22,,B03,24.190833,120.593855,3
2018,9,18,16,46,臺中市,西屯區,0,2,0,8,1,5,50,3,1,1,5,4,5,7,4,4,10,5,5,2,16,6,2,9,1,1,C03,7,9,1,10,2,11,  ,6,6,1,21,8,C03,24.175863,120.640473,2
2018,9,18,17,4,臺中市,烏日區,0,2,0,8,1,5,40,3,2,1,5,4,5,7,4,4,10,5,5,2,16,8,2,9,4,1,F01,7,5,8,20,2,16,  ,8,8,1,15,8,F01,24.085638,120.642189,2
2018,9,18,17,5,臺中市,沙鹿區,0,2,0,8,1,5,50,3,1,1,5,4,5,7,3,1,10,5,5,2,17,6,3,10,1,1,B03,7,5,1,8,2,1,  ,6,6,1,21,8,B03,24.234609,120.566085,2
2018,9,18,17,5,臺中市,大甲區,0,2,0,8,1,5,40,4,1,1,5,4,5,7,4,4,10,5,5,2,15,6,2,9,1,4,B03,7,9,1,8,2,5,  ,6,6,1,21,1,B03,24.411869,120.629068,2
2018,9,18,17,6,臺中市,北屯區,0,1,0,8,2,5,50,4,1,1,5,4,5,7,1,1,10,5,5,2,16,1,2,9,1,1,C03,7,4,1,10,2,11,  ,1,1,1,5,8,C03,24.172528,120.722808,2
2018,9,18,17,8,臺中市,潭子區,0,2,0,8,1,5,50,14,9,1,5,4,5,7,4,4,10,4,5,1,13,23,2,3,1,1,C03,7,9,1,10,2,12,  ,23,23,1,22,9,C03,24.199981,120.714296,2
2018,9,18,17,9,臺中市,烏日區,0,1,0,8,1,5,60,14,12,1,5,4,5,7,4,4,1,4,4,1,16,9,3,10,1,1,B03,7,6,1,8,2,2,  ,9,9,1,21,7,B03,24.108193,120.639023,2
2018,9,18,17,9,臺中市,梧棲區,0,0,,8,,,40,,,,,,,,,,,,,,,,,,,,B03,,,1,,2,,,17,,1,9,,B03,24.244426,120.525372,3
2018,9,18,17,12,臺中市,沙鹿區,0,2,0,8,1,5,50,14,8,1,5,4,5,7,1,1,1,5,4,2,16,18,3,10,1,1,B03,7,3,1,8,2,2,  ,18,18,1,20,9,B03,24.216624,120.570629,2
2018,9,18,17,20,臺中市,西屯區,0,0,,8,,,50,,,,,,,,,,,,,,,,,,,,B12,,,1,,2,,,17,,1,21,,B12,24.169166,120.60663,3
2018,9,18,17,21,臺中市,西屯區,0,0,,,,,50,,,,,,,,,,,,,,,,,,,,C03,,,1,,2,,,16,,1,4,,C03,24.17214,120.661005,3
2018,9,18,17,21,臺中市,清水區,0,1,0,8,1,5,50,4,1,1,5,4,5,7,4,4,5,5,4,2,17,6,3,10,1,1,B03,7,9,1,8,2,4,  ,6,6,1,21,5,B03,24.26712,120.576081,2
2018,9,18,17,22,臺中市,西屯區,0,1,0,8,1,5,50,3,1,1,5,4,5,7,1,1,4,3,4,2,16,23,2,9,1,1,C03,7,9,1,10,2,11,  ,23,23,1,21,8,C03,24.17412,120.644718,2
2018,9,18,17,23,臺中市,西屯區,0,0,,8,,,50,,,,,,,,,,,,,,,,,,,,C03,,,1,,2,,,17,,1,21,,C03,24.162382,120.64966,3
2018,9,18,17,23,臺中市,沙鹿區,0,2,0,8,1,5,50,3,1,1,5,4,5,7,4,4,4,4,4,1,13,23,2,9,1,1,C03,7,9,1,10,2,11,  ,23,23,1,3,8,C03,24.22881,120.573897,2
2018,9,18,17,35,臺中市,西區,0,1,0,8,1,5,50,4,1,1,5,4,5,7,1,1,10,5,5,2,12,17,3,10,1,1,B03,7,9,1,8,2,2,  ,17,17,1,21,8,B03,24.144341,120.661717,2
2018,9,18,17,35,臺中市,神岡區,0,0,,8,3,5,50,14,9,1,5,4,5,7,4,4,5,5,5,2,14,,,,,,B03,,,1,,2,,,12,,1,21,,B03,24.258725,120.661113,3
2018,9,18,17,40,臺中市,東區,0,0,,,,,,,,,,,,,,,,,,,,,,,,,B03,,,1,,2,,,16,,1,22,,B03,24.138899,120.696475,3
2018,9,18,17,40,臺中市,南屯區,0,0,,8,,,50,,,,,,,,,,,,,,,,,,,,B03,,,1,,2,,,16,,1,5,,B03,24.151061,120.646895,3
2018,9,18,17,45,臺中市,南屯區,0,0,,8,,,50,,,,,,,,,,,,,,,,,,,,B03,,,1,,2,,,23,,1,22,,B03,24.154638,120.611566,3
2018,9,18,17,46,臺中市,北屯區,0,0,,8,,,50,,,,,,,,,,,,,,,,,,,,B03,,,1,,2,,,23,,1,21,,B03,24.175946,120.670403,3
2018,9,18,17,47,臺中市,西屯區,0,0,0,8,,,50,,,,,,,,,,,,,,,6,  ,  ,  ,  ,B03,  ,  ,1,  ,2,  ,  ,6,6,1,21,  ,B03,24.17516,120.642513,3
2018,9,18,17,52,臺中市,大雅區,0,0,,8,,,50,,,,,,,,,,,,,,,44,,,,,B03,,,1,,2,,,23,44,1,  ,,B03,24.207033,120.647059,3
2018,9,18,17,54,臺中市,北區,0,1,0,8,3,5,50,4,1,1,5,4,5,7,1,1,10,5,5,2,16,6,3,10,1,4,B01,7,5,1,4,2,5,  ,6,6,1,10,8,B01,24.154038,120.684334,2
2018,9,18,17,55,臺中市,豐原區,0,2,0,7,2,5,50,4,1,1,5,4,5,7,1,1,1,4,5,1,12,23,2,9,1,1,C03,7,9,1,10,2,11,  ,23,23,1,21,8,C03,24.237065,120.710483,2
2018,9,18,18,0,臺中市,烏日區,0,1,0,8,2,5,70,3,1,1,5,4,5,7,4,4,1,4,4,2,16,6,3,10,1,1,B03,7,6,1,8,2,6,  ,6,6,1,21,8,B03,24.105966,120.615402,2
2018,9,18,18,9,臺中市,龍井區,0,1,0,8,1,5,50,16,22,1,5,4,5,7,4,4,10,5,5,2,3,23,3,10,1,1,B03,7,5,1,8,2,1,  ,23,23,1,22,8,B03,24.182881,120.579479,2
2018,9,18,18,10,臺中市,西屯區,0,0,,8,,,50,,,,,,,,,,,,,,,,,,,,B03,,,1,,2,,,19,,1,21,,B03,24.207576,120.651536,3
2018,9,18,18,10,臺中市,西屯區,0,0,,8,,,50,,,,,,,,,,,,,,,,,,,,C03,,,1,,2,,,16,,1,4,,C03,24.169397,120.64739,3
2018,9,18,18,12,臺中市,西屯區,0,2,0,8,3,5,40,4,1,1,5,4,5,7,1,1,1,3,5,2,16,25,3,10,1,1,B03,7,5,1,8,2,2,  ,25,25,1,21,8,B03,24.172433,120.632898,2
2018,9,18,18,12,臺中市,西屯區,0,2,0,8,2,5,40,3,1,1,5,4,5,7,4,4,10,5,5,2,16,9,3,10,1,1,B12,7,6,1,8,2,6,  ,9,9,1,21,8,B12,24.202866,120.638908,2
2018,9,18,18,22,臺中市,潭子區,0,2,0,8,3,5,60,14,9,1,5,4,5,7,4,4,9,4,4,1,13,16,2,9,1,1,C03,7,9,1,10,2,11,  ,16,16,1,21,8,C03,24.206015,120.686565,2
2018,9,18,18,30,臺中市,西屯區,0,0,,,,,,,,,,,,,,,,,,,,,,,,,B03,,,1,,2,,,23,,1,21,,B03,24.172836,120.6215,3
2018,9,18,18,35,臺中市,北區,0,1,0,8,3,5,50,4,9,1,5,4,5,7,2,1,10,5,5,2,17,42,3,10,1,1,C03,7,15,1,10,2,15,  ,42,42,1,22,9,C03,24.165042,120.682932,2
2018,9,18,18,35,臺中市,西屯區,0,0,,8,,,50,,,,,,,,,,,,,,,,,,,,B03,,,1,,2,,,23,,1,22,,B03,24.166032,120.651733,3
2018,9,18,18,39,臺中市,西屯區,0,0,0,8,,,60,,,,,,,,,,,,,,,23,  ,  ,  ,  ,B03,  ,  ,1,  ,2,  ,  ,23,23,1,  ,  ,B03,24.183096,120.60395,3
2018,9,18,18,40,臺中市,西屯區,0,1,0,8,3,5,50,14,9,1,5,4,5,7,4,4,9,4,5,2,13,23,3,10,1,1,B12,7,9,1,8,2,1,  ,23,23,1,21,8,B12,24.173256,120.624584,2
2018,9,18,18,41,臺中市,神岡區,0,0,,8,,,60,,,,,,,,,,,,,,,,,,,,B12,,,1,,9,,,42,,1,5,,B12,24.235321,120.698877,3
2018,9,18,18,42,臺中市,大雅區,0,0,,8,,,60,,,,,,,,,,,,,,,23,,,,,B03,,,1,,2,,,44,23,1,23,,B03,24.22273,120.646542,3
2018,9,18,18,47,臺中市,南屯區,0,0,,8,,,50,,,,,,,,,,,,,,,,,,,,B03,,,1,,2,,,7,,1,  ,,B03,24.136268,120.623235,3
2018,9,18,18,53,臺中市,龍井區,0,1,0,8,3,5,50,14,9,1,5,4,5,7,4,4,5,4,5,1,13,6,3,10,1,1,C03,7,11,1,10,2,13,  ,6,6,1,22,8,C03,24.17548,120.58158,2
2018,9,18,18,54,臺中市,西屯區,0,0,,8,,,50,,,,,,,,,,,,,,,7,,,,,B03,,,1,,2,,,7,7,1,21,,B03,24.179511,120.634488,3
2018,9,18,19,3,臺中市,北區,0,0,0,8,3,5,50,,,,,,,,,,,,,,,23,  ,  ,  ,  ,B02,  ,  ,6,  ,2,  ,  ,23,23,1,5,  ,B02,24.152694,120.685589,3
2018,9,18,19,10,臺中市,西屯區,0,2,0,8,3,5,40,14,9,1,5,4,5,7,4,4,9,4,5,2,12,6,3,10,1,1,B03,7,6,1,8,2,2,  ,6,6,1,21,8,B03,24.169468,120.638301,2
2018,9,18,19,26,臺中市,潭子區,0,1,0,8,3,5,40,14,9,1,5,4,5,7,4,4,10,5,5,1,13,23,3,10,1,1,C03,7,9,1,10,2,11,  ,23,23,1,22,9,C03,24.205487,120.692931,2
2018,9,18,19,42,臺中市,西屯區,0,1,0,8,3,5,50,3,1,1,5,4,5,7,1,1,4,4,5,2,16,23,3,10,1,1,B03,7,9,1,8,2,8,  ,23,23,1,21,8,B03,24.18749,120.618863,2
2018,9,18,19,55,臺中市,龍井區,0,0,,8,,,60,,,,,,,,,,,,,,,,,,,,B03,,,1,,2,,,23,,1,22,,B03,24.175711,120.582086,3
2018,9,18,20,9,臺中市,太平區,0,1,0,8,3,5,40,3,1,1,5,4,5,7,4,4,5,4,4,2,12,6,2,9,1,1,C03,7,5,2,18,2,12,  ,6,6,1,9,7,C03,24.118643,120.716408,2
2018,9,18,20,10,臺中市,南屯區,0,0,,8,,,50,,,,,,,,,,,,,,,,,,,,C03,,,1,,11,,,1,,2,21,,C03,24.141387,120.635491,3
2018,9,18,20,14,臺中市,西屯區,0,2,0,8,3,5,40,14,9,1,5,4,5,7,4,4,10,5,5,2,16,10,2,9,1,1,C03,7,11,1,10,2,14,  ,10,10,1,18,8,C03,24.176579,120.6483,2
2018,9,18,20,23,臺中市,南屯區,0,0,,8,,,50,,,,,,,,,,,,,,,,,,,,B12,,,1,,2,,,23,,1,  ,,B12,24.138416,120.650006,4
2018,9,18,20,23,臺中市,龍井區,0,1,0,8,3,5,50,14,9,1,5,4,5,7,4,4,5,2,5,1,17,30,4,11,3,4,B12,7,21,7,19,11,15,  ,30,30,1,20,8,B12,24.1947,120.511603,2
2018,9,18,20,24,臺中市,潭子區,0,0,,8,3,5,50,14,9,1,5,4,5,7,4,4,8,3,5,1,11,,,,,,B03,,,1,,2,,,17,,1,22,,B03,24.210976,120.700755,3
2018,9,18,20,25,臺中市,南屯區,0,0,,8,,,50,,,,,,,,,,,,,,,,,,,,B12,,,1,,2,,,25,,1,21,,B12,24.139879,120.646655,3
2018,9,18,20,29,臺中市,潭子區,0,1,0,8,3,5,60,14,9,1,5,4,5,7,4,4,9,4,4,1,14,12,3,10,1,1,B12,7,2,1,8,2,7,  ,12,12,1,21,8,B12,24.221335,120.689328,2
2018,9,18,20,44,臺中市,南屯區,0,3,0,7,3,5,50,14,9,1,5,4,5,7,4,4,5,5,5,2,16,23,2,9,1,4,C03,7,9,1,10,2,12,  ,23,23,1,22,8,C03,24.149018,120.574415,2
2018,9,18,21,0,臺中市,東區,0,1,0,8,3,5,50,14,9,1,5,4,5,7,4,4,5,5,5,2,16,26,2,9,1,1,C03,7,4,4,8,2,12,  ,26,26,1,5,8,C03,24.145693,120.689901,2
2018,9,18,21,3,臺中市,太平區,0,1,0,8,3,5,40,4,1,1,5,4,5,7,3,1,10,5,5,2,15,6,3,10,1,1,B11,7,9,1,3,2,8,  ,6,6,1,4,3,B11,24.155871,120.711173,2
2018,9,18,21,4,臺中市,西區,0,0,0,8,,,50,,,,,,,,,,,,,,,26,  ,  ,  ,  ,B03,  ,  ,1,  ,1,  ,  ,26,26,1,  ,  ,B03,24.149949,120.654497,3
2018,9,18,21,23,臺中市,南屯區,0,0,,8,,,50,,,,,,,,,,,,,,,,,,,,B03,,,1,,2,,,23,,1,22,,B03,24.136752,120.649603,3
2018,9,18,21,32,臺中市,西屯區,0,0,,8,,,50,,,,,,,,,,,,,,,,,,,,B03,,,1,,2,,,23,,1,21,,B03,24.200111,120.655531,3
2018,9,18,21,43,臺中市,南區,0,2,0,8,3,5,50,4,1,1,5,4,5,7,1,1,10,5,5,2,16,6,2,9,1,1,C03,7,5,1,10,2,12,  ,6,6,1,18,8,C03,24.13305,120.6836,2
2018,9,18,22,15,臺中市,南區,0,3,0,8,3,5,50,14,7,1,5,4,5,7,4,4,5,4,4,2,9,60,2,8,1,1,C03,7,9,1,10,2,11,  ,23,60,1,4,8,C03,24.129593,120.661964,2
2018,9,18,22,21,臺中市,大里區,0,0,,8,,,50,,,,,,,,,,,,,,,67,,,,,B03,,,1,,2,,,42,67,1,22,,B03,24.087667,120.699141,3
2018,9,18,22,55,臺中市,龍井區,0,1,0,8,3,5,50,4,1,1,5,4,5,7,1,1,10,5,5,2,12,23,2,8,1,1,C03,7,9,1,10,2,15,  ,23,23,1,6,1,C03,24.196646,120.522856,2
2018,9,18,23,5,臺中市,大安區,0,1,0,8,3,5,40,3,1,1,5,4,5,7,4,4,10,5,5,1,17,6,3,10,4,5,F03,7,5,8,20,3,16,  ,6,6,1,21,8,F03,24.361296,120.608364,2
2018,9,18,23,14,臺中市,沙鹿區,0,1,0,8,3,5,50,3,1,1,5,4,5,7,3,1,10,5,5,2,15,6,2,9,1,1,C03,7,9,1,10,2,13,  ,6,6,1,21,8,C03,24.219854,120.578224,2
2018,9,19,0,1,臺中市,西屯區,0,1,0,8,3,5,50,3,2,1,5,4,5,7,4,4,5,4,4,2,16,26,3,10,1,1,B03,7,11,1,8,2,5,  ,26,26,1,22,8,B03,24.165158,120.646753,2
2018,9,19,0,45,臺中市,太平區,0,1,0,8,3,5,50,4,1,1,5,4,5,7,4,4,10,5,5,2,17,42,2,9,1,1,C03,7,9,1,10,2,12,  ,42,42,1,18,5,C03,24.152439,120.717558,2
2018,9,19,1,22,臺中市,北屯區,0,1,0,7,3,5,40,7,12,1,5,4,5,7,4,4,5,5,1,2,18,42,2,2,1,1,C03,7,9,1,10,8,12,  ,42,42,1,9,8,C03,24.164824,120.701228,2
2018,9,19,1,45,臺中市,烏日區,0,1,0,8,3,5,70,14,8,1,5,4,5,7,1,1,1,4,4,1,16,21,2,9,1,1,B03,7,11,1,8,6,5,  ,21,21,1,21,8,B03,24.110913,120.600328,2
2018,9,19,2,15,臺中市,太平區,0,0,,8,,,40,,,,,,,,,,,,,,,,,,,,B12,,,1,,2,,,12,,1,5,,B12,24.147363,120.71525,3
2018,9,19,3,42,臺中市,北屯區,0,0,0,8,,,50,,,,,,,,,,,,,,,23,  ,  ,  ,  ,B12,  ,  ,1,  ,2,  ,  ,44,23,1,21,  ,B12,24.192843,120.671528,3
2018,9,19,5,18,臺中市,太平區,0,0,0,8,,,40,,,,,,,,,,,,,,,6,  ,  ,  ,  ,C03,  ,  ,1,  ,2,  ,  ,6,6,1,4,  ,C03,24.154268,120.708726,3
2018,9,19,5,25,臺中市,北區,0,0,0,8,,,50,,,,,,,,,,,,,,,10,3,  ,  ,  ,B03,  ,  ,6,  ,2,  ,  ,10,10,1,22,  ,B03,24.149814,120.677811,3
2018,9,19,6,3,臺中市,太平區,0,1,0,8,2,5,50,14,9,1,5,4,5,7,4,4,5,5,5,1,15,26,2,9,4,5,F01,7,11,8,20,2,16,  ,26,26,1,19,5,F01,24.120533,120.723401,2
2018,9,19,6,5,臺中市,沙鹿區,0,0,0,8,,,60,,,,,,,,,,,,,,,23,  ,  ,  ,  ,B03,  ,  ,1,  ,2,  ,  ,23,23,  ,20,  ,B03,24.24997,120.58282,3
2018,9,19,6,51,臺中市,北屯區,0,1,0,8,1,5,50,4,1,1,5,4,5,7,1,1,10,5,5,2,12,42,2,9,1,1,C03,7,9,1,10,2,15,  ,23,42,1,21,8,C03,24.163148,120.719616,2
2018,9,19,7,20,臺中市,潭子區,0,0,,8,1,5,50,3,1,1,5,4,5,7,4,4,5,4,4,2,14,,,,,,B03,,,1,,2,,,12,,1,22,,B03,24.22539,120.705336,3
2018,9,19,7,30,臺中市,南屯區,0,0,,8,,,60,,,,,,,,,,,,,,,,,,,,B12,,,1,,2,,,16,,1,5,,B12,24.154951,120.597398,3
2018,9,19,7,30,臺中市,西屯區,0,1,0,8,1,5,50,3,1,1,5,4,5,7,4,4,10,5,5,2,16,8,2,9,1,1,C03,7,5,1,10,2,14,11,8,8,1,5,8,C03,24.177825,120.640693,2
2018,9,19,7,32,臺中市,南屯區,0,2,0,8,1,5,40,4,1,1,5,4,5,7,4,4,10,5,5,2,16,6,2,9,1,1,C03,7,9,1,10,2,12,  ,6,6,1,21,8,C03,24.139781,120.641758,2
2018,9,19,7,32,臺中市,沙鹿區,0,1,0,8,1,5,50,5,1,1,5,4,5,7,4,4,9,5,5,1,17,42,3,10,1,1,B03,7,11,1,8,2,6,  ,42,42,1,4,8,B03,24.2235,120.567197,2
2018,9,19,7,35,臺中市,豐原區,0,0,0,8,,,50,,,,,,,,,,,,,,,23,  ,  ,  ,  ,B03,  ,  ,1,  ,2,  ,  ,26,23,  ,  ,  ,B03,24.233676,120.725445,3
2018,9,19,7,40,臺中市,東區,0,0,,,,,,,,,,,,,,,,,,,,,,,,,B12,,,1,,2,,,42,,1,  ,,B12,24.138578,120.708924,3
2018,9,19,7,50,臺中市,北區,,,,8,,,50,,,,,,,,,,,,,,,,,,,,   ,,,7,,11,,,43,,  ,  ,,   ,24.161645,120.684993,3