年,月,日,時,分,縣市,區,死,受傷,2-30,天候,光線,道路類別,速限,道路型態,事故位置,路面鋪裝,路面狀態,路面缺陷,障礙物,視距,號誌種類,號誌動作,分向設施,快車道或一般車道間,快慢車道間,路面邊線,事故類型及型態,主要肇因,受傷程度,主要傷處,保護裝備,行動電話,當事者區分_類別,車輛用途,當事者行動狀態,駕駛資格情形,駕駛執照種類,飲酒情形,車輛撞擊部位最初,車輛撞擊部位其他,肇事因素個別,肇事因素主要,肇事逃逸,職業,旅次目的,車種,GPS座標_緯度,GPS座標_經度,事故類別
2018,9,19,7,50,臺中市,大肚區,0,0,,8,,,50,,,,,,,,,,,,,,,,,,,,B03,,,1,,2,,,18,,1,4,,B03,24.155194,120.544906,3
2018,9,19,7,50,臺中市,烏日區,0,1,0,8,1,5,50,14,9,1,5,4,5,7,4,4,5,4,5,1,12,18,3,10,1,1,B03,7,3,1,8,2,7,  ,18,18,1,21,8,B03,24.058806,120.658898,2
2018,9,19,7,51,臺中市,西屯區,0,0,,8,,,40,,,,,,,,,,,,,,,,,,,,B03,,,1,,2,,,10,,1,5,,B03,24.185958,120.609923,3
2018,9,19,7,52,臺中市,沙鹿區,0,2,0,8,1,5,50,4,1,1,5,4,5,7,1,1,4,4,4,1,16,6,2,8,1,1,C03,7,5,1,10,2,12,  ,6,6,1,18,8,C03,24.224381,120.576766,2
2018,9,19,7,55,臺中市,大雅區,0,1,0,8,1,5,50,14,9,1,5,4,5,7,4,4,5,4,5,1,16,40,3,10,1,1,B03,7,13,1,8,2,4,  ,40,40,1,22,9,B03,24.204284,120.644585,2
2018,9,19,7,56,臺中市,西屯區,0,0,,8,,,40,,,,,,,,,,,,,,,,,,,,B01,,,1,,2,,,6,,1,22,,B01,24.170175,120.654341,3
2018,9,19,7,57,臺中市,北屯區,0,1,0,8,1,5,50,14,9,1,5,4,5,7,4,4,9,5,4,2,17,4,3,10,1,1,B03,7,9,1,8,2,8,  ,4,4,1,5,8,B03,24.19731,120.749426,2
2018,9,19,7,57,臺中市,西屯區,0,0,,8,,,50,,,,,,,,,,,,,,,,,,,,B03,,,1,,2,,,1,,1,9,,B03,24.201251,120.659777,3
2018,9,19,8,0,臺中市,西區,0,0,,8,1,5,50,14,9,1,5,4,5,7,4,4,5,4,5,2,16,43,,,,,B03,,,1,,2,,,43,43,1,20,,B03,24.134264,120.661288,3
2018,9,19,8,0,臺中市,太平區,0,0,,8,,,50,,,,,,,,,,,,,,,,,,,,B03,,,1,,2,,,23,,1,  ,,B03,24.13526,120.715737,3
2018,9,19,8,0,臺中市,大肚區,0,1,0,8,1,5,40,4,1,1,5,4,5,7,4,4,10,5,5,2,15,6,3,10,1,1,B03,7,9,1,8,2,15,  ,6,6,1,22,8,B03,24.174335,120.57791,2
2018,9,19,8,0,臺中市,后里區,0,1,0,8,1,5,40,4,1,1,5,4,5,7,4,4,10,5,5,2,16,6,3,10,1,1,B03,7,9,1,8,2,8,  ,23,6,1,2,1,B03,24.305528,120.725951,2
2018,9,19,8,1,臺中市,潭子區,0,1,0,8,1,5,50,3,1,1,5,4,5,7,1,1,10,5,5,2,17,23,3,10,1,1,B03,7,5,1,8,2,7,  ,23,23,1,21,8,B03,24.225748,120.707516,2
2018,9,19,8,11,臺中市,西屯區,0,0,,8,,,50,,,,,,,,,,,,,,,,,,,,B03,,,1,,2,,,16,,1,4,,B03,24.165631,120.647132,3
2018,9,19,8,17,臺中市,烏日區,0,0,,8,,,60,,,,,,,,,,,,,,,,,,,,B12,,,1,,2,,,16,,1,22,,B12,24.108089,120.638846,3
2018,9,19,8,19,臺中市,后里區,0,1,0,8,1,5,50,4,1,1,5,4,5,7,4,4,10,5,5,2,18,43,2,9,1,1,C03,7,9,1,10,2,12,  ,43,43,1,2,1,C03,24.305825,120.708553,2
2018,9,19,8,20,臺中市,西屯區,0,0,,8,,,50,,,,,,,,,,,,,,,,,,,,B03,,,1,,2,,,23,,1,5,,B03,24.167208,120.644856,3
2018,9,19,8,30,臺中市,東區,0,0,0,8,,,50,,,,,,,,,,,,,,,23,  ,  ,  ,  ,B03,  ,  ,1,  ,2,  ,  ,23,23,1,  ,  ,B03,24.14455,120.702276,3
2018,9,19,8,35,臺中市,中區,0,1,0,8,1,5,50,4,1,1,5,4,5,7,1,1,10,5,5,2,9,43,3,10,1,1,B03,7,5,1,8,2,15,  ,43,43,1,22,8,B03,24.141928,120.676877,2
2018,9,19,8,43,臺中市,沙鹿區,0,2,0,8,1,5,50,14,7,1,5,4,5,7,4,4,4,5,4,2,16,26,2,9,1,1,C03,7,9,1,10,2,12,  ,23,26,1,21,8,C03,24.221274,120.578686,2
2018,9,19,8,46,臺中市,梧棲區,0,0,,8,,,40,,,,,,,,,,,,,,,,,,,,C04,,,3,,2,,,25,,1,20,,C04,24.244311,120.552142,4
2018,9,19,8,49,臺中市,后里區,0,1,0,8,1,5,40,3,1,1,5,4,5,7,4,4,10,5,5,2,16,6,3,10,1,1,B12,7,1,1,8,2,5,  ,6,6,1,10,3,B12,24.312261,120.68764,2
2018,9,19,8,50,臺中市,北屯區,0,1,0,8,1,5,50,14,8,1,5,4,5,7,4,4,7,5,4,2,16,6,3,10,3,4,B03,7,6,1,8,2,5,  ,6,6,1,22,8,B03,24.19475,120.679428,2
2018,9,19,8,59,臺中市,南屯區,0,0,,8,,,40,,,,,,,,,,,,,,,,,,,,B03,,,1,,2,,,26,,1,22,,B03,24.149756,120.623269,3
2018,9,19,9,3,臺中市,后里區,0,0,0,8,,,50,,,,,,,,,,,,,,,23,  ,  ,  ,  ,B03,  ,  ,1,  ,2,  ,  ,23,23,1,21,  ,B03,24.285765,120.721779,3
2018,9,19,9,10,臺中市,西屯區,0,0,,8,,,50,,,,,,,,,,,,,,,,,,,,B03,,,1,,2,,,23,,1,22,,B03,24.169776,120.641918,3
2018,9,19,9,21,臺中市,梧棲區,0,2,0,8,1,5,50,14,7,1,5,4,5,7,4,4,5,5,4,2,2,23,2,9,1,1,C03,7,9,1,10,2,11,  ,23,23,1,19,8,C03,24.253966,120.532895,2
2018,9,19,9,30,臺中市,西區,0,1,0,8,1,5,50,4,1,1,5,4,5,7,1,1,1,4,4,2,17,26,3,10,3,4,B03,7,6,1,8,2,15,  ,26,26,1,21,8,B03,24.157312,120.65971,2
2018,9,19,9,33,臺中市,西區,0,1,0,8,1,5,50,3,1,1,5,4,5,7,4,4,10,5,5,2,16,42,3,10,1,1,B03,7,5,1,8,2,4,  ,42,42,1,19,5,B03,24.146335,120.65395,2
2018,9,19,9,54,臺中市,南屯區,0,0,0,8,,,40,,,,,,,,,,,,,,,19,  ,  ,  ,  ,C03,  ,  ,1,10,2,  ,  ,19,19,1,12,  ,C03,24.153459,120.634978,3
2018,9,19,9,55,臺中市,西屯區,0,2,0,8,1,5,50,4,1,1,5,4,5,7,4,4,10,5,5,2,16,6,2,8,1,1,C03,7,9,1,10,2,12,  ,6,6,1,5,8,C03,24.175483,120.644979,2
2018,9,19,9,55,臺中市,烏日區,,,,8,,,60,,,,,,,,,,,,,,,,,,,,B12,,,1,,2,,,7,,1,21,,B12,24.082536,120.643786,3
2018,9,19,9,57,臺中市,西屯區,0,1,0,8,1,5,50,4,2,1,5,4,5,7,1,1,9,4,4,2,16,25,3,10,1,1,B03,7,9,1,8,2,1,  ,25,25,1,21,8,B03,24.168474,120.637174,2
2018,9,19,9,58,臺中市,西屯區,0,0,,8,,,40,,,,,,,,,,,,,,,,,,,,C03,,,3,,2,,,35,,1,22,,C03,24.183358,120.630578,3
2018,9,19,9,59,臺中市,西屯區,0,1,0,8,1,5,50,5,1,1,5,4,5,7,1,1,10,5,5,2,16,43,2,7,1,1,C03,7,6,1,10,2,14,  ,43,43,1,4,8,C03,24.194207,120.624024,2
2018,9,19,10,9,臺中市,東區,0,0,,8,,,50,,,,,,,,,,,,,,,,,,,,B03,,,1,,2,,,6,,1,  ,,B03,24.125283,120.70164,3
2018,9,19,10,12,臺中市,西屯區,0,0,,8,,,40,,,,,,,,,,,,,,,,,,,,B02,,,1,,2,,,23,,1,4,,B02,24.162127,120.651055,3
2018,9,19,10,13,臺中市,南屯區,0,2,0,8,1,5,50,14,7,1,5,4,5,7,4,4,5,4,4,2,16,19,2,9,1,1,C03,7,1,1,10,2,11,  ,19,19,1,21,8,C03,24.148861,120.645723,2
2018,9,19,10,17,臺中市,南區,0,2,0,8,1,5,50,4,1,1,5,4,5,7,1,1,10,5,5,2,13,16,2,9,1,1,C03,7,9,1,10,2,11,  ,16,16,1,21,8,C03,24.130513,120.684728,2
2018,9,19,10,18,臺中市,太平區,0,1,0,8,1,5,50,4,1,1,5,4,5,7,1,1,10,5,5,1,16,6,3,10,1,1,B03,7,6,1,8,2,2,  ,6,6,1,21,8,B03,24.159498,120.705036,2
2018,9,19,10,19,臺中市,北屯區,0,1,0,8,1,5,50,14,7,1,5,4,5,7,4,4,9,5,4,2,16,19,2,9,1,1,C03,7,1,1,10,2,12,  ,19,19,1,22,8,C03,24.174702,120.694115,2
2018,9,19,10,22,臺中市,西屯區,0,0,,8,,,50,,,,,,,,,,,,,,,,,,,,B03,,,1,,2,,,16,,1,22,,B03,24.182429,120.624202,3
2018,9,19,10,25,臺中市,南屯區,0,2,0,8,1,5,50,4,1,1,5,4,5,7,1,1,10,5,5,2,16,6,2,8,1,1,C03,7,5,1,10,2,12,  ,6,6,1,22,9,C03,24.148879,120.64778,2
2018,9,19,10,30,臺中市,西區,0,1,0,8,1,5,50,5,1,1,5,4,5,7,4,4,10,5,5,2,16,14,2,9,1,1,C03,7,6,1,10,2,11,  ,6,14,1,20,8,C03,24.137859,120.666389,2
2018,9,19,10,30,臺中市,大安區,0,1,0,8,1,5,50,3,8,1,5,4,5,7,4,4,9,5,5,1,16,43,3,10,1,1,B03,7,5,1,8,2,5,  ,43,43,1,4,8,B03,24.373561,120.605851,2
2018,9,19,10,36,臺中市,西屯區,0,0,0,8,,,50,,,,,,,,,,,,,,,30,  ,  ,  ,  ,B12,  ,  ,1,  ,2,  ,  ,30,30,1,  ,  ,B12,24.167058,120.651468,3
2018,9,19,10,38,臺中市,北區,0,1,0,8,1,5,50,4,1,1,5,4,5,7,3,1,10,5,5,2,15,6,3,10,1,1,B03,7,9,1,8,2,1,  ,6,6,1,22,9,B03,24.156714,120.697361,2
2018,9,19,10,41,臺中市,沙鹿區,0,2,0,8,1,5,40,14,7,1,5,4,5,7,4,4,1,4,4,2,16,43,2,9,1,1,C03,7,1,1,10,2,14,  ,43,43,1,19,5,C03,24.239587,120.560245,2
2018,9,19,10,47,臺中市,北區,0,0,0,8,,,50,,,,,,,,,,,,,,,42,  ,  ,  ,  ,B11,  ,  ,1,  ,2,  ,  ,42,42,1,  ,  ,B11,24.16255,120.68237,3
2018,9,19,10,55,臺中市,沙鹿區,0,3,0,8,1,5,50,14,7,1,5,4,5,7,4,4,9,5,4,2,12,26,2,9,1,1,C03,7,5,1,10,2,14,  ,26,26,1,18,8,C03,24.23776,120.561324,2
2018,9,19,10,57,臺中市,北區,,,,8,,,50,,,,,,,,,,,,,,,,,,,,A11,,,1,,2,,,23,,1,10,,A11,24.155228,120.686662,3
2018,9,19,10,57,臺中市,北屯區,0,0,0,8,,,40,,,,,,,,,,,,,,,12,  ,  ,  ,  ,B03,  ,  ,1,  ,2,  ,  ,12,12,1,21,  ,B03,24.166988,120.691396,3
2018,9,19,10,59,臺中市,西屯區,0,0,,8,,,40,,,,,,,,,,,,,,,,,,,,B12,,,1,,2,,,12,,1,  ,,B12,24.158272,120.6437,3
2018,9,19,11,4,臺中市,沙鹿區,0,1,0,8,1,5,50,4,1,1,5,4,5,7,3,1,10,5,5,2,16,6,3,10,1,1,B12,7,6,1,1,2,5,  ,6,6,1,10,4,B12,24.244131,120.568111,2
2018,9,19,11,5,臺中市,潭子區,0,0,,8,1,5,50,11,9,1,5,4,5,7,4,4,7,5,5,1,14,,,,,,B12,,,1,,2,,,12,,1,22,,B12,24.215526,120.685868,3
2018,9,19,11,9,臺中市,北屯區,0,1,0,8,1,5,50,4,2,1,5,4,5,7,2,1,10,5,5,2,17,23,2,9,1,1,C03,7,5,1,9,2,14,  ,23,23,1,5,8,C03,24.193135,120.670943,2
2018,9,19,11,16,臺中市,神岡區,0,0,,8,,,50,,,,,,,,,,,,,,,,,,,,B03,,,1,,2,,,17,,1,22,,B03,24.257565,120.657701,3
2018,9,19,11,17,臺中市,龍井區,0,0,,8,,,50,,,,,,,,,,,,,,,44,,,,,B12,,,1,,2,,,23,44,1,  ,,B12,24.120178,120.512487,3
2018,9,19,11,19,臺中市,南區,0,1,0,8,1,5,50,5,1,1,5,4,5,7,1,1,10,5,5,2,16,6,2,9,1,1,C03,7,6,1,10,2,11,  ,6,6,1,21,8,C03,24.121814,120.661565,2
2018,9,19,11,19,臺中市,太平區,0,0,,8,,,50,,,,,,,,,,,,,,,,,,,,B03,,,1,,2,,,23,,1,4,,B03,24.132671,120.716457,3
2018,9,19,11,20,臺中市,龍井區,0,0,,8,,,60,,,,,,,,,,,,,,,,,,,,B03,,,1,,2,,,23,,1,22,,B03,24.185512,120.574071,3
2018,9,19,11,25,臺中市,太平區,0,2,0,8,1,5,50,14,9,1,5,4,5,7,4,4,5,5,5,1,3,23,2,8,1,1,C03,7,9,1,10,2,11,  ,23,23,1,19,1,C03,24.111039,120.701854,2
2018,9,19,11,28,臺中市,西區,0,0,0,8,1,5,50,4,1,1,5,4,5,7,4,4,5,4,4,2,16,,3,  ,  ,  ,B03,  ,  ,1,  ,2,  ,  ,6,  ,1,21,  ,B03,24.133649,120.658332,3
2018,9,19,11,30,臺中市,西屯區,0,1,0,8,1,5,40,14,9,1,5,4,5,7,4,4,9,4,5,2,16,26,3,10,1,1,B03,7,5,1,8,2,1,  ,26,26,1,21,8,B03,24.173896,120.622926,2
2018,9,19,11,37,臺中市,南區,0,0,,8,,,40,,,,,,,,,,,,,,,,,,,,B01,,,1,,2,,,16,,1,10,,B01,24.110757,120.646659,3
2018,9,19,11,40,臺中市,太平區,,,,8,,,50,,,,,,,,,,,,,,,,,,,,B12,,,1,,2,,,23,,1,  ,,B12,24.135817,120.715685,3
2018,9,19,11,40,臺中市,豐原區,0,2,0,8,1,5,50,4,1,1,5,4,5,7,4,4,5,4,5,1,15,6,2,9,1,1,C03,7,9,3,18,2,11,  ,6,6,1,21,8,C03,24.243234,120.705599,2
2018,9,19,11,50,臺中市,烏日區,0,0,,8,,,40,,,,,,,,,,,,,,,,,,,,B03,,,1,,2,,,40,,1,21,,B03,24.109866,120.625671,3
2018,9,19,11,54,臺中市,中區,0,0,0,8,1,5,50,4,1,1,5,4,5,7,1,1,10,5,5,2,16,7,  ,  ,  ,  ,B03,  ,  ,1,  ,2,  ,  ,7,7,1,5,  ,B03,24.142863,120.677503,3
2018,9,19,11,55,臺中市,南屯區,0,0,,8,,,50,,,,,,,,,,,,,,,,,,,,   ,,,7,,11,,,43,,  ,  ,,   ,24.150315,120.637366,3
2018,9,19,11,57,臺中市,西屯區,0,1,0,8,1,5,40,4,2,1,5,4,5,7,1,1,10,5,5,2,16,25,2,9,1,1,C03,7,9,1,10,2,14,  ,25,25,1,4,8,C03,24.182101,120.63527,2
2018,9,19,12,10,臺中市,西區,0,0,,8,1,5,50,4,2,1,5,4,5,7,2,1,1,4,4,2,13,,,,,,B02,,,1,,2,,,23,,1,20,,B02,24.157563,120.658993,3
2018,9,19,12,10,臺中市,西屯區,0,2,0,8,1,5,40,14,7,1,5,4,5,7,2,1,5,4,4,2,3,53,2,9,4,5,H01,8,16,8,20,2,16,  ,53,53,1,22,8,H01,24.177163,120.642881,2
2018,9,19,12,10,臺中市,沙鹿區,0,2,0,8,1,5,50,14,9,1,5,4,5,7,4,4,9,5,5,1,3,23,2,9,1,1,C03,7,9,6,10,2,11,  ,23,23,1,4,8,C03,24.235808,120.566609,2
2018,9,19,12,12,臺中市,北區,,,,8,,,50,,,,,,,,,,,,,,,,,,,,   ,,,7,,11,,,43,,  ,  ,,   ,24.153532,120.685559,3
2018,9,19,12,12,臺中市,梧棲區,0,0,,8,,,50,,,,,,,,,,,,,,,,,,,,B03,,,1,,2,,,12,,1,1,,B03,24.256465,120.534188,3
2018,9,19,12,19,臺中市,西屯區,0,0,,8,,,50,,,,,,,,,,,,,,,,,,,,A41,,,1,,2,,,42,,1,10,,A41,24.157417,120.608447,3
2018,9,19,12,23,臺中市,西區,0,0,0,8,1,5,50,14,7,1,5,4,5,7,4,4,5,4,4,2,13,,3,  ,  ,  ,B03,  ,  ,1,  ,2,  ,  ,16,  ,1,21,  ,B03,24.133649,120.658332,3
2018,9,19,12,23,臺中市,西屯區,0,0,0,8,,,50,,,,,,,,,,,,,,,23,  ,  ,  ,  ,B03,  ,  ,1,  ,2,  ,  ,23,23,1,  ,  ,B03,24.163463,120.658208,3
2018,9,19,12,23,臺中市,太平區,0,2,0,8,1,5,50,3,1,1,5,4,5,7,4,4,5,5,5,2,15,6,2,8,1,1,C03,7,9,1,10,2,12,  ,6,6,1,21,1,C03,24.115332,120.719742,2
2018,9,19,12,25,臺中市,北區,,,,8,,,50,,,,,,,,,,,,,,,,,,,,B03,,,1,,2,,,43,,1,22,,B03,24.153174,120.678362,3
2018,9,19,12,28,臺中市,北屯區,0,2,0,8,1,5,50,3,2,1,5,4,5,7,1,1,1,2,5,2,16,10,2,9,1,1,C03,7,11,1,10,2,14,  ,10,10,1,19,8,C03,24.17347,120.698193,2
2018,9,19,12,30,臺中市,沙鹿區,0,0,,8,,,50,,,,,,,,,,,,,,,,,,,,B03,,,1,,2,,,42,,1,20,,B03,24.229379,120.569471,3
2018,9,19,12,34,臺中市,西屯區,0,0,,8,1,5,50,4,1,1,5,4,5,7,2,1,10,5,5,2,16,,,,,,B03,,,1,,2,,,9,,1,  ,,B03,24.169495,120.656006,3
2018,9,19,12,35,臺中市,龍井區,0,0,,8,,,60,,,,,,,,,,,,,,,,,,,,A41,,,1,,2,,,7,,1,  ,,A41,24.220786,120.531776,3
2018,9,19,12,50,臺中市,南屯區,0,0,,8,,,50,,,,,,,,,,,,,,,,,,,,B03,,,1,,2,,,23,,1,21,,B03,24.151491,120.638253,3
2018,9,19,12,57,臺中市,西屯區,0,0,,8,,,50,,,,,,,,,,,,,,,,,,,,C03,,,1,,2,,,16,,1,21,,C03,24.161539,120.649088,3
2018,9,19,13,0,臺中市,東區,0,0,,8,,,40,,,,,,,,,,,,,,,,,,,,B11,,,1,,2,,,42,,1,  ,,B11,24.134439,120.685188,3
2018,9,19,13,0,臺中市,霧峰區,0,0,,8,,,50,,,,,,,,,,,,,,,,,,,,C03,,,1,,2,,,8,,1,22,,C03,24.068643,120.699203,3
2018,9,19,13,8,臺中市,北區,0,1,0,8,1,5,50,4,1,1,5,4,5,7,4,4,10,5,5,2,16,6,3,10,1,1,B03,7,5,1,8,2,8,  ,6,6,1,21,8,B03,24.153132,120.684379,2
2018,9,19,13,10,臺中市,大里區,0,0,,8,,,40,,,,,,,,,,,,,,,,,,,,C03,,,1,,2,,,19,,1,22,,C03,24.096321,120.713746,3
2018,9,19,13,45,臺中市,西屯區,0,1,0,8,1,5,50,14,7,1,5,4,5,7,4,4,3,4,4,2,13,23,2,9,1,1,C03,7,9,1,10,2,14,  ,23,23,1,4,8,C03,24.176229,120.656355,2
2018,9,19,13,49,臺中市,神岡區,0,0,,8,,,50,,,,,,,,,,,,,,,,,,,,B12,,,1,,2,,,16,,1,5,,B12,24.248384,120.69298,3
2018,9,19,13,50,臺中市,西區,0,0,,8,,,50,,,,,,,,,,,,,,,,,,,,C03,,,1,,2,,,17,,1,5,,C03,24.144972,120.6552,4
2018,9,19,13,58,臺中市,西屯區,0,0,,8,,,1,,,,,,,,,,,,,,,,,,,,B03,,,1,,2,,,23,,1,22,,B03,24.183146,120.61502,3
2018,9,19,14,0,臺中市,西區,0,1,0,8,1,5,50,14,9,1,5,4,5,7,4,4,10,5,5,2,16,6,3,10,1,1,C03,7,5,1,10,2,13,  ,6,6,1,20,8,C03,24.14198,120.672074,2
2018,9,19,14,2,臺中市,梧棲區,0,0,,8,,,50,,,,,,,,,,,,,,,,,,,,B03,,,1,,2,,,43,,1,9,,B03,24.257698,120.534781,3
2018,9,19,14,3,臺中市,梧棲區,0,0,0,8,,,40,,,,,,,,,,,,,,,42,  ,  ,  ,  ,B11,  ,  ,1,  ,2,  ,  ,42,42,1,5,  ,B11,24.245931,120.547954,3
2018,9,19,14,10,臺中市,梧棲區,0,2,0,8,1,5,40,4,1,1,5,4,5,7,4,4,10,5,5,2,17,4,2,7,1,1,C03,7,5,1,10,2,12,  ,4,4,1,4,5,C03,24.242154,120.558206,2
2018,9,19,14,17,臺中市,神岡區,0,1,0,8,1,5,40,4,1,1,5,4,5,3,4,4,10,5,5,2,15,6,2,9,3,4,C03,7,9,1,10,2,11,  ,6,6,1,22,9,C03,24.252198,120.68644,2
2018,9,19,14,35,臺中市,西屯區,0,0,,8,,,50,,,,,,,,,,,,,,,,,,,,B03,,,1,,2,,,43,,1,  ,,B03,24.175493,120.645873,3
2018,9,19,14,39,臺中市,西屯區,0,1,0,8,1,5,50,4,1,1,5,4,5,7,1,1,10,5,5,2,16,25,3,10,1,1,B03,7,9,1,8,2,8,  ,25,25,1,21,8,B03,24.196696,120.657353,2
2018,9,19,14,45,臺中市,西屯區,0,1,0,8,1,5,40,14,8,1,5,4,5,7,4,4,5,5,4,2,16,19,3,10,1,1,B03,7,1,1,8,2,8,  ,19,19,1,4,8,B03,24.20032,120.643603,2
2018,9,19,14,45,臺中市,西屯區,0,0,,8,,,50,,,,,,,,,,,,,,,,,,,,C03,,,1,,2,,,7,,1,21,,C03,24.178402,120.637444,3
2018,9,19,14,45,臺中市,清水區,0,1,0,8,1,5,50,4,1,1,5,4,5,7,1,1,5,5,5,2,17,25,2,9,1,1,C03,7,9,1,10,2,12,  ,25,25,1,20,5,C03,24.284385,120.560952,2
2018,9,19,14,48,臺中市,西屯區,0,0,,8,,,50,,,,,,,,,,,,,,,,,,,,B12,,,1,,2,,,43,,1,22,,B12,24.196288,120.648203,3
2018,9,19,14,48,臺中市,龍井區,0,1,0,8,1,5,50,4,1,1,5,4,5,7,4,4,10,5,5,2,15,43,2,1,3,4,C03,7,9,1,10,2,11,  ,43,43,1,20,8,C03,24.20252,120.524408,2
2018,9,19,14,50,臺中市,北區,0,0,0,8,,,50,,,,,,,,,,,,,,,19,  ,  ,  ,  ,B02,  ,  ,1,  ,2,  ,  ,19,19,1,22,  ,B02,24.152783,120.685329,3
2018,9,19,14,58,臺中市,太平區,0,0,,8,,,50,,,,,,,,,,,,,,,,,,,,C03,,,1,,2,,,16,,1,9,,C03,24.136352,120.71555,3
2018,9,19,15,2,臺中市,南屯區,0,0,,8,,,50,,,,,,,,,,,,,,,,,,,,B03,,,1,,2,,,19,,1,21,,B03,24.140123,120.648995,3
2018,9,19,15,18,臺中市,北屯區,0,1,0,8,1,5,50,4,1,1,5,4,5,7,1,1,10,5,5,2,15,25,3,10,1,1,B12,7,9,1,8,2,1,  ,25,25,1,21,8,B12,24.186861,120.686654,2
2018,9,19,15,19,臺中市,西屯區,0,0,,8,,,40,,,,,,,,,,,,,,,,,,,,B03,,,1,,2,,,19,,1,21,,B03,24.200795,120.657854,3
2018,9,19,15,21,臺中市,南屯區,0,1,0,8,1,5,50,14,9,1,5,4,5,7,4,4,5,5,5,2,13,23,2,9,1,1,C03,7,9,1,10,2,11,  ,23,23,1,21,8,C03,24.143138,120.647626,2
2018,9,19,15,21,臺中市,沙鹿區,0,2,0,8,1,5,50,14,7,1,5,4,5,7,1,1,1,1,5,2,13,23,2,9,1,1,B03,7,9,1,8,7,1,  ,23,23,1,22,9,B03,24.253103,120.598679,2
2018,9,19,15,25,臺中市,大雅區,0,1,0,8,1,5,50,14,9,1,5,4,5,7,4,4,5,4,4,1,14,12,3,10,1,1,B12,7,2,1,8,2,3,  ,12,12,1,21,8,B12,24.219869,120.642882,2
2018,9,19,15,30,臺中市,西區,0,0,0,8,,,50,,,,,,,,,,,,,,,23,3,  ,  ,  ,B03,  ,  ,1,8,2,1,  ,23,23,1,21,8,B03,24.150612,120.657411,3
2018,9,19,15,30,臺中市,南屯區,0,0,,8,,,40,,,,,,,,,,,,,,,,,,,,B03,,,1,,1,,,43,,1,21,,B03,24.143071,120.641712,3
2018,9,19,15,30,臺中市,西屯區,0,2,0,8,2,5,40,14,9,1,5,4,5,7,4,4,10,5,5,2,12,6,2,9,1,1,C03,7,5,1,10,2,14,  ,6,6,1,21,8,C03,24.181704,120.644489,2
2018,9,19,15,42,臺中市,西屯區,0,0,,8,,,50,,,,,,,,,,,,,,,,,,,,B03,,,1,,2,,,6,,1,22,,B03,24.175671,120.620894,3
2018,9,19,15,45,臺中市,龍井區,0,1,0,8,1,5,70,4,1,1,5,4,5,7,1,1,10,5,5,2,16,25,3,10,1,1,B03,7,5,1,5,2,2,  ,25,25,1,22,8,B03,24.17247,120.593681,2
2018,9,19,15,46,臺中市,南屯區,0,0,,8,,,50,,,,,,,,,,,,,,,,,,,,B03,,,1,,2,,,6,,1,  ,,B03,24.115238,120.625274,3
2018,9,19,15,50,臺中市,神岡區,0,0,,8,,,,,,,,,,,,,,,,,,,,,,,B03,,,1,,2,,,12,,1,22,,B03,24.261301,120.705001,3
2018,9,19,15,53,臺中市,西屯區,0,1,0,8,1,5,50,3,1,1,5,4,5,7,2,1,10,5,5,2,16,8,3,10,1,1,C03,7,5,1,10,2,13,  ,8,8,1,19,8,C03,24.156234,120.65313,2
2018,9,19,15,55,臺中市,外埔區,0,0,,8,,,580,,,,,,,,,,,,,,,,,,,,B02,,,1,,2,,,23,,1,22,,B02,24.319696,120.668388,3
2018,9,19,15,58,臺中市,北區,0,0,0,8,,,50,,,,,,,,,,,,,,,6,  ,  ,  ,  ,B03,  ,  ,1,  ,2,  ,  ,6,6,1,22,  ,B03,24.1616,120.6773,3
2018,9,19,16,13,臺中市,大里區,0,1,0,8,1,5,50,5,1,1,5,4,5,7,4,4,10,5,5,2,16,6,3,10,1,1,B03,7,5,1,8,2,5,  ,6,6,1,20,8,B03,24.10246,120.700995,2
2018,9,19,16,15,臺中市,北屯區,0,0,0,8,1,5,50,14,7,1,5,4,5,7,4,4,1,2,5,2,13,23,3,10,1,1,C03,7,9,1,10,2,11,  ,23,23,1,21,8,C03,24.167905,120.720559,3
2018,9,19,16,20,臺中市,神岡區,0,1,0,8,1,5,50,14,9,1,5,4,5,7,4,4,4,5,5,1,16,6,3,10,1,1,B12,7,6,1,8,2,5,  ,6,6,1,21,1,B12,24.27841,120.657272,2
2018,9,19,16,24,臺中市,太平區,0,0,,8,,,50,,,,,,,,,,,,,,,,,,,,C03,,,1,,3,,,26,,1,21,,C03,24.149922,120.71155,3
2018,9,19,16,45,臺中市,北屯區,0,1,0,8,1,5,50,4,1,1,5,4,5,7,1,1,10,5,5,2,16,42,3,10,1,1,B03,7,6,1,8,2,5,  ,42,42,1,21,8,B03,24.195225,120.683038,2
2018,9,19,16,45,臺中市,沙鹿區,0,1,0,8,1,5,40,14,13,1,5,4,5,7,4,4,1,4,4,1,17,42,2,7,1,1,C03,7,9,1,10,2,14,  ,42,42,1,21,8,C03,24.244215,120.614269,2
2018,9,19,16,46,臺中市,北屯區,0,0,,,,,40,,,,,,,,,,,,,,,,,,,,B03,,,1,,2,,,23,,1,5,,B03,24.193776,120.68956,3
2018,9,19,16,50,臺中市,大甲區,0,1,0,8,1,5,50,4,1,1,5,4,5,7,4,4,10,5,5,2,15,6,3,10,1,1,B03,7,9,1,8,2,2,  ,6,6,1,21,8,B03,24.404079,120.655396,2