年,月,日,時,分,縣市,區,死,受傷,2-30,天候,光線,道路類別,速限,道路型態,事故位置,路面鋪裝,路面狀態,路面缺陷,障礙物,視距,號誌種類,號誌動作,分向設施,快車道或一般車道間,快慢車道間,路面邊線,事故類型及型態,主要肇因,受傷程度,主要傷處,保護裝備,行動電話,當事者區分_類別,車輛用途,當事者行動狀態,駕駛資格情形,駕駛執照種類,飲酒情形,車輛撞擊部位最初,車輛撞擊部位其他,肇事因素個別,肇事因素主要,肇事逃逸,職業,旅次目的,車種,GPS座標_緯度,GPS座標_經度,事故類別
2018,9,19,16,50,臺中市,神岡區,0,0,0,8,,,40,,,,,,,,,,,,,,,17,  ,  ,  ,  ,B03,  ,  ,1,  ,2,  ,  ,17,17,1,22,  ,B03,24.252383,120.657276,3
2018,9,19,16,52,臺中市,大雅區,0,0,,8,,,50,,,,,,,,,,,,,,,,,,,,C03,,,1,,2,,,6,,1,  ,,C03,24.240997,120.660929,3
2018,9,19,17,10,臺中市,北區,0,0,,8,,,50,,,,,,,,,,,,,,,,,,,,C03,,,1,,2,,,23,,1,  ,,C03,24.154349,120.683274,3
2018,9,19,17,10,臺中市,西屯區,0,0,,8,,,40,,,,,,,,,,,,,,,,,,,,B03,,,1,,2,,,7,,1,  ,,B03,24.166209,120.643595,3
2018,9,19,17,15,臺中市,梧棲區,0,1,0,8,1,5,70,3,1,1,5,4,5,7,2,1,10,5,5,2,16,9,3,10,1,1,B03,7,6,1,8,2,6,  ,9,9,1,2,9,B03,24.245982,120.546734,2
2018,9,19,17,16,臺中市,南區,0,0,0,,,,,,,,,,,,,,,,,,,17,3,  ,  ,  ,A11,  ,  ,1,  ,2,  ,  ,17,17,1,22,  ,A11,24.119226,120.663856,3
2018,9,19,17,18,臺中市,西屯區,0,0,0,8,,,50,,,,,,,,,,,,,,,25,  ,  ,  ,  ,B03,  ,  ,1,  ,2,  ,  ,25,25,1,21,  ,B03,24.193139,120.659561,3
2018,9,19,17,20,臺中市,北屯區,0,2,0,8,2,5,40,14,9,1,5,4,5,7,4,4,10,5,5,2,16,23,2,9,1,1,C03,7,9,1,10,2,11,  ,23,23,1,5,8,C03,24.185786,120.666718,2
2018,9,19,17,21,臺中市,南屯區,0,0,,8,,,50,,,,,,,,,,,,,,,,,,,,B03,,,1,,2,,,17,,1,  ,,B03,24.138256,120.609726,3
2018,9,19,17,24,臺中市,沙鹿區,0,0,,8,,,50,,,,,,,,,,,,,,,6,,,,,B03,,,3,,2,,,23,6,  ,4,,B03,24.237011,120.560787,3
2018,9,19,17,25,臺中市,北屯區,0,1,0,8,1,5,50,3,1,1,5,4,5,7,4,4,10,5,5,2,16,6,3,10,1,1,B03,7,6,1,8,2,5,  ,6,6,1,22,8,B03,24.162681,120.692799,2
2018,9,19,17,30,臺中市,南區,0,1,0,8,1,5,50,3,1,1,5,4,5,7,4,4,1,4,5,2,12,6,3,10,1,1,B03,7,6,1,8,2,2,  ,6,6,1,22,8,B03,24.130555,120.657378,2
2018,9,19,17,30,臺中市,北屯區,0,0,,8,,,50,,,,,,,,,,,,,,,,,,,,B02,,,1,,2,,,6,,1,21,,B02,24.17846,120.738343,3
2018,9,19,17,30,臺中市,后里區,0,1,0,8,1,5,50,4,1,1,5,4,5,7,1,1,10,5,5,2,3,51,2,9,4,5,H01,8,16,8,20,10,16,  ,51,51,1,22,9,H01,24.304158,120.712723,2
2018,9,19,17,30,臺中市,潭子區,0,1,0,8,1,5,50,14,9,1,5,4,5,7,1,1,8,3,5,1,12,23,3,10,1,1,C03,7,9,1,10,2,14,  ,23,23,1,22,1,C03,24.215483,120.70591,2
2018,9,19,17,32,臺中市,北區,0,2,0,8,1,5,50,3,1,1,5,4,5,7,4,4,10,5,5,2,17,6,3,10,3,4,C03,7,5,1,10,2,12,  ,6,6,1,5,8,C03,24.152207,120.67668,2
2018,9,19,17,37,臺中市,太平區,0,1,0,8,1,5,50,5,1,1,5,4,5,7,2,1,5,5,5,2,13,16,3,10,1,1,B12,7,5,1,8,5,1,  ,16,16,1,21,8,B12,24.149231,120.71469,2
2018,9,19,17,38,臺中市,北區,0,0,,8,,,50,,,,,,,,,,,,,,,,,,,,B03,,,1,,2,,,23,,1,22,,B03,24.1603,120.6755,3
2018,9,19,17,38,臺中市,西屯區,0,0,,8,,,50,,,,,,,,,,,,,,,,,,,,C03,,,1,,2,,,17,,1,18,,C03,24.173182,120.649029,3
2018,9,19,17,44,臺中市,西屯區,0,1,0,8,3,5,50,14,7,1,5,4,5,7,4,4,1,4,4,2,12,17,3,10,1,1,B03,7,9,1,8,2,2,  ,17,17,1,22,8,B03,24.184151,120.620116,2
2018,9,19,17,45,臺中市,梧棲區,0,0,,8,,,50,,,,,,,,,,,,,,,,,,,,B03,,,1,,2,,,23,,1,2,,B03,24.251394,120.537027,3
2018,9,19,17,47,臺中市,大雅區,0,1,0,8,1,5,50,4,1,1,5,4,5,7,1,1,9,4,5,1,17,6,4,11,3,4,C03,7,21,7,19,11,15,  ,6,6,2,20,9,C03,24.23106,120.6537,2
2018,9,19,17,51,臺中市,北區,0,1,0,8,1,5,40,14,8,1,5,4,5,7,4,4,1,4,4,2,16,9,3,10,1,1,B03,7,6,1,8,2,5,  ,9,9,1,22,9,B03,24.16284,120.662339,2
2018,9,19,17,51,臺中市,潭子區,0,1,0,8,2,5,50,5,2,1,5,4,5,7,3,1,5,4,5,1,17,6,3,10,1,1,C03,7,5,1,10,2,11,  ,6,6,1,22,8,C03,24.224164,120.695806,2
2018,9,19,18,0,臺中市,龍井區,0,1,0,7,3,5,40,14,8,1,5,4,5,7,4,4,1,4,1,2,27,44,2,9,1,1,C03,7,9,1,10,2,11,  ,44,44,1,21,1,C03,24.176725,120.578517,2
2018,9,19,18,3,臺中市,西屯區,0,0,,8,,,40,,,,,,,,,,,,,,,,,,,,B03,,,1,,2,,,23,,1,21,,B03,24.182629,120.635632,3
2018,9,19,18,5,臺中市,北區,0,0,0,8,,,40,,,,,,,,,,,,,,,25,  ,  ,  ,  ,A05,  ,  ,1,  ,9,  ,  ,25,25,1,  ,  ,A05,24.150288,120.673989,3
2018,9,19,18,5,臺中市,烏日區,0,2,0,8,3,5,40,4,1,2,5,4,5,7,4,4,10,5,5,2,17,6,2,8,1,1,C03,7,5,1,10,2,11,  ,6,6,1,23,8,C03,24.076855,120.640981,2
2018,9,19,18,5,臺中市,梧棲區,0,0,,8,,,40,,,,,,,,,,,,,,,,,,,,C03,,,1,,2,,,23,,1,2,,C03,24.229786,120.51438,3
2018,9,19,18,6,臺中市,北屯區,0,0,,8,,,40,,,,,,,,,,,,,,,,,,,,B03,,,1,,2,,,16,,1,5,,B03,24.20092,120.69543,3
2018,9,19,18,15,臺中市,南區,0,2,0,8,3,5,50,4,1,1,5,4,5,7,1,1,5,4,4,2,13,23,3,10,1,1,B03,7,9,1,8,2,1,  ,23,23,1,22,8,B03,24.130596,120.65741,2
2018,9,19,18,16,臺中市,中區,0,2,0,8,3,5,50,4,1,1,5,4,5,7,4,4,10,5,5,2,15,13,2,9,1,1,C03,7,9,1,10,2,11,  ,13,13,1,21,8,C03,24.137578,120.681165,2
2018,9,19,18,17,臺中市,豐原區,0,1,0,8,3,5,50,14,9,1,5,4,5,7,4,4,5,5,5,2,16,26,3,10,3,4,B12,7,5,5,18,8,1,  ,26,26,1,22,8,B12,24.255568,120.734235,2
2018,9,19,18,24,臺中市,西屯區,0,0,,8,,,50,,,,,,,,,,,,,,,,,,,,B03,,,1,,2,,,7,,1,21,,B03,24.16256,120.649548,3
2018,9,19,18,30,臺中市,西屯區,,,,8,,,50,,,,,,,,,,,,,,,,,,,,B03,,,1,,2,,,23,,1,22,,B03,24.184205,120.620039,3
2018,9,19,18,41,臺中市,西屯區,0,0,,8,,,40,,,,,,,,,,,,,,,,,,,,B03,,,1,,2,,,19,,1,  ,,B03,24.158068,120.643626,3
2018,9,19,18,45,臺中市,西區,0,0,0,,,,,,,,,,,,,,,,,,,12,3,  ,  ,  ,B02,  ,  ,1,8,2,3,  ,12,12,1,21,8,B02,24.14698,120.679103,3
2018,9,19,18,45,臺中市,潭子區,0,2,0,8,1,8,50,14,9,1,5,4,5,7,3,1,8,3,5,1,11,6,2,9,1,1,C03,7,5,1,10,2,11,  ,6,6,1,22,1,C03,24.221438,120.69223,2
2018,9,19,18,48,臺中市,北區,0,0,,8,,,50,,,,,,,,,,,,,,,,,,,,B12,,,1,,2,,,19,,1,22,,B12,24.1609,120.675,3
2018,9,19,18,48,臺中市,北屯區,0,0,0,8,,,50,,,,,,,,,,,,,,,23,  ,  ,  ,  ,B01,  ,  ,1,  ,2,  ,  ,23,23,1,10,  ,B01,24.169865,120.69647,3
2018,9,19,18,50,臺中市,北屯區,0,0,,8,,,50,,,,,,,,,,,,,,,,,,,,B03,,,1,,2,,,23,,1,22,,B03,24.173962,120.676217,3
2018,9,19,18,51,臺中市,南屯區,0,0,0,,,,,,,,,,,,,,,,,,,16,  ,  ,  ,  ,B03,  ,  ,1,8,2,  ,  ,16,16,1,12,  ,B03,24.140686,120.625659,3
2018,9,19,18,52,臺中市,北屯區,0,0,,8,,,40,,,,,,,,,,,,,,,,,,,,B03,,,1,,2,,,23,,1,21,,B03,24.176834,120.718168,3
2018,9,19,19,0,臺中市,南區,0,1,0,8,3,5,50,3,1,1,5,4,5,7,4,4,10,5,5,2,16,6,3,10,1,1,B03,7,5,1,8,2,8,  ,6,6,1,22,9,B03,24.125353,120.658864,2
2018,9,19,19,1,臺中市,南屯區,0,0,,8,,,40,,,,,,,,,,,,,,,,,,,,B03,,,1,,2,,,7,,1,1,,B03,24.15156,120.623956,3
2018,9,19,19,8,臺中市,后里區,0,2,0,8,3,5,40,11,9,1,5,4,5,7,4,4,10,5,5,1,29,44,  ,  ,  ,  ,   ,  ,  ,  ,  ,  ,  ,  ,66,44,1,  ,  ,   ,24.294736,120.711638,2
2018,9,19,19,10,臺中市,南屯區,0,0,0,8,,,50,,,,,,,,,,,,,,,16,  ,  ,  ,  ,B03,  ,  ,6,18,2,  ,  ,16,16,1,12,  ,B03,24.139054,120.644518,3
2018,9,19,19,11,臺中市,北屯區,0,0,,8,,,50,,,,,,,,,,,,,,,,,,,,B03,,,1,,2,,,23,,1,21,,B03,24.165065,120.68966,3
2018,9,19,19,12,臺中市,北屯區,0,1,0,8,3,5,40,14,8,1,5,4,5,7,4,4,1,4,4,2,18,23,2,9,1,1,C03,7,9,1,10,2,14,  ,23,23,1,5,8,C03,24.182026,120.689361,2
2018,9,19,19,12,臺中市,烏日區,0,0,,8,,,40,,,,,,,,,,,,,,,,,,,,B03,,,1,,2,,,7,,1,22,,B03,24.115163,120.641354,3
2018,9,19,19,19,臺中市,南屯區,0,0,,8,,,50,,,,,,,,,,,,,,,,,,,,B03,,,1,,2,,,23,,1,22,,B03,24.142364,120.634636,3
2018,9,19,19,29,臺中市,西屯區,,,,8,,,50,,,,,,,,,,,,,,,,,,,,B03,,,1,,2,,,16,,1,22,,B03,24.174256,120.635405,3
2018,9,19,19,30,臺中市,大雅區,0,0,,8,,,50,,,,,,,,,,,,,,,,,,,,   ,,,7,,11,,,43,,  ,  ,,   ,24.21768,120.65095,3
2018,9,19,19,39,臺中市,清水區,,,,8,,,50,,,,,,,,,,,,,,,,,,,,C03,,,1,,2,,,42,,1,21,,C03,24.269345,120.575699,3
2018,9,19,19,41,臺中市,潭子區,0,0,,8,,,50,,,,,,,,,,,,,,,,,,,,C03,,,1,,2,,,38,,1,22,,C03,24.210595,120.708487,3
2018,9,19,19,50,臺中市,梧棲區,0,0,,8,,,50,,,,,,,,,,,,,,,23,,,,,B03,,,1,,2,,,10,23,1,2,,B03,24.254729,120.530478,3
2018,9,19,20,17,臺中市,西屯區,0,2,0,8,3,5,50,4,1,1,5,4,5,7,4,4,10,5,5,2,15,6,2,9,1,1,C03,7,9,1,10,2,14,  ,6,6,1,21,8,C03,24.191923,120.643771,2
2018,9,19,20,19,臺中市,大雅區,0,1,0,8,3,5,60,4,1,1,5,4,5,7,1,1,1,4,4,1,17,6,3,10,1,1,B03,7,11,1,8,2,1,  ,6,6,1,21,8,B03,24.220505,120.647661,2
2018,9,19,20,28,臺中市,潭子區,0,0,,8,1,5,60,14,8,1,5,4,5,7,1,1,8,3,4,1,13,,,,,,B03,,,1,,2,,,23,,1,22,,B03,24.213549,120.705193,3
2018,9,19,20,50,臺中市,南屯區,0,0,,8,,,50,,,,,,,,,,,,,,,,,,,,B03,,,1,,2,,,12,,1,21,,B03,24.117894,120.629338,3
2018,9,19,20,50,臺中市,梧棲區,0,1,0,8,3,5,50,4,1,1,5,4,5,7,2,1,10,5,5,2,16,8,2,9,1,1,C03,7,5,1,10,2,12,  ,8,8,1,2,9,C03,24.253101,120.550756,2
2018,9,19,20,57,臺中市,大里區,0,1,0,8,3,5,50,14,9,1,5,4,5,7,4,4,3,4,4,1,12,17,2,9,1,1,C03,7,9,1,10,2,15,  ,17,17,1,22,8,C03,24.094842,120.687262,2
2018,9,19,21,10,臺中市,北區,0,1,0,8,3,5,50,14,9,1,5,4,5,7,4,4,9,5,5,2,2,23,3,10,1,1,B03,7,9,1,8,2,2,  ,23,23,1,22,8,B03,24.1598,120.6949,2
2018,9,19,21,10,臺中市,烏日區,0,1,0,8,3,5,50,14,9,1,5,4,5,7,4,4,5,5,5,1,16,26,3,10,1,1,B03,7,5,1,7,2,2,  ,26,26,1,21,8,B03,24.126535,120.607469,2
2018,9,19,21,15,臺中市,南屯區,0,0,,8,,,50,,,,,,,,,,,,,,,,,,,,B03,,,1,,2,,,16,,1,4,,B03,24.15467,120.643818,4
2018,9,19,21,30,臺中市,中區,0,0,,8,,,50,,,,,,,,,,,,,,,,,,,,B03,,,1,,2,,,23,,1,5,,B03,24.135966,120.682365,3
2018,9,19,21,33,臺中市,潭子區,0,1,0,8,3,5,40,11,9,1,5,4,5,7,4,4,10,5,5,2,11,5,3,10,1,1,B03,7,9,1,8,2,4,  ,5,5,1,22,8,B03,24.198799,120.722724,2
2018,9,19,21,39,臺中市,清水區,,,,8,,,50,,,,,,,,,,,,,,,,,,,,B03,,,1,,7,,,23,,1,21,,B03,24.281494,120.575188,3
2018,9,19,21,40,臺中市,太平區,0,3,0,8,3,5,50,3,1,1,5,4,5,7,2,1,10,5,5,2,16,25,2,9,1,1,C03,7,5,1,10,2,14,  ,25,25,1,18,8,C03,24.146111,120.733611,2
2018,9,19,21,41,臺中市,北屯區,0,1,0,8,3,5,50,4,1,1,5,4,5,7,4,4,10,5,5,2,16,6,3,10,1,1,B03,7,5,1,8,2,6,  ,6,6,1,21,8,B03,24.201023,120.67649,2
2018,9,19,21,44,臺中市,北區,0,0,0,8,3,5,50,,,,,,,,,,,,,,,23,  ,  ,  ,  ,C03,  ,  ,1,  ,2,  ,  ,23,23,1,5,  ,C03,24.163462,120.669253,3
2018,9,19,21,45,臺中市,北區,0,0,0,8,,,50,,,,,,,,,,,,,,,17,  ,  ,  ,  ,B01,  ,  ,1,  ,2,  ,  ,17,17,1,10,  ,B01,24.1457,120.6824,3
2018,9,19,21,45,臺中市,大雅區,0,1,0,8,3,5,40,14,8,1,5,4,5,7,4,4,9,4,4,1,17,19,3,10,1,1,B03,7,1,1,8,2,8,  ,19,19,1,22,9,B03,24.22229,120.64684,2
2018,9,19,21,57,臺中市,西區,0,0,,8,,,50,,,,,,,,,,,,,,,,,,,,B03,,,1,,2,,,23,,1,5,,B03,24.149722,120.669824,4
2018,9,19,21,58,臺中市,清水區,0,1,0,8,3,5,50,4,1,1,5,4,5,7,3,1,10,5,5,2,16,6,3,10,1,1,B03,7,9,1,8,2,8,  ,6,6,1,21,8,B03,24.278344,120.560661,2
2018,9,19,22,0,臺中市,神岡區,0,0,,8,,,50,,,,,,,,,,,,,,,,,,,,B03,,,1,,2,,,6,,1,22,,B03,24.252583,120.701458,3
2018,9,19,22,30,臺中市,西屯區,0,0,,8,,,60,,,,,,,,,,,,,,,,,,,,B01,,,1,,2,,,42,,1,21,,B01,24.184499,120.610947,3
2018,9,19,22,39,臺中市,西屯區,0,0,,8,,,50,,,,,,,,,,,,,,,,,,,,B03,,,1,,2,,,42,,1,22,,B03,24.15878,120.639643,3
2018,9,19,22,44,臺中市,西屯區,0,1,0,8,3,5,50,4,1,1,5,4,5,7,2,1,10,5,5,2,17,43,2,9,4,5,F01,7,12,8,20,2,15,  ,43,43,1,21,8,F01,24.170088,120.645712,2
2018,9,19,23,16,臺中市,沙鹿區,0,3,0,8,3,5,40,14,8,1,5,4,5,7,4,4,1,4,3,2,17,23,2,9,1,1,C03,7,9,1,10,2,14,  ,23,23,1,18,8,C03,24.223612,120.578373,2
2018,9,19,23,20,臺中市,北區,0,2,0,8,3,5,50,4,1,1,5,4,5,7,4,4,10,5,5,2,16,6,2,9,1,1,C03,7,9,1,10,6,11,  ,6,6,1,21,8,C03,24.154214,120.697478,2
2018,9,19,23,21,臺中市,西區,0,0,0,8,,,50,,,,,,,,,,,,,,,,3,  ,  ,  ,B03,  ,  ,1,  ,2,  ,  ,17,  ,  ,21,  ,B03,24.147539,120.673627,3
2018,9,19,23,27,臺中市,北屯區,0,2,0,8,3,5,50,4,1,1,5,4,5,7,1,1,10,5,5,2,15,25,2,9,1,1,C03,7,9,1,10,2,14,  ,25,25,1,21,5,C03,24.173455,120.685335,2
2018,9,19,23,48,臺中市,太平區,0,0,,8,,,50,,,,,,,,,,,,,,,,,,,,C03,,,1,,2,,,8,,1,4,,C03,24.156022,120.733685,3
2018,9,20,1,4,臺中市,龍井區,0,1,0,8,3,5,50,4,2,1,5,4,5,7,4,4,5,5,5,2,17,23,2,9,1,1,C03,7,9,1,10,2,11,  ,23,23,1,21,8,C03,24.181684,120.585937,2
2018,9,20,2,0,臺中市,西區,0,0,,8,,,50,,,,,,,,,,,,,,,,,,,,B03,,,1,,2,,,12,,1,5,,B03,24.14424,120.65828,4
2018,9,20,6,23,臺中市,沙鹿區,0,1,0,8,1,5,50,14,9,1,5,4,5,7,4,4,9,5,5,1,17,23,2,9,1,1,C03,7,9,3,18,2,11,  ,23,23,1,5,8,C03,24.22947,120.556231,2
2018,9,20,7,0,臺中市,北屯區,0,1,0,8,1,5,50,14,9,1,5,2,5,7,4,4,1,4,5,2,18,23,2,9,1,1,C03,7,9,1,10,2,14,  ,23,23,1,5,8,C03,24.174277,120.673159,2
2018,9,20,7,0,臺中市,大甲區,0,0,,8,,,50,,,,,,,,,,,,,,,,,,,,B12,,,1,,2,,,42,,1,9,,B12,24.339805,120.625042,3
2018,9,20,7,10,臺中市,北區,0,1,0,8,1,5,50,14,9,1,5,4,5,7,2,1,1,2,5,2,27,66,  ,  ,  ,  ,   ,  ,  ,  ,  ,  ,  ,  ,66,66,1,  ,  ,   ,24.169852,120.679123,2
2018,9,20,7,10,臺中市,北屯區,0,1,0,8,1,5,50,14,9,1,5,4,5,7,4,4,2,2,5,2,12,42,3,10,1,1,B03,7,15,1,6,2,2,  ,42,42,1,21,8,B03,24.162368,120.692283,2
2018,9,20,7,10,臺中市,神岡區,0,0,,8,,,50,,,,,,,,,,,,,,,,,,,,B03,,,1,,2,,,7,,1,21,,B03,24.248366,120.692831,3
2018,9,20,7,11,臺中市,大安區,0,0,,8,,,50,,,,,,,,,,,,,,,,,,,,B03,,,1,,2,,,12,,1,21,,B03,24.346526,120.587553,3
2018,9,20,7,17,臺中市,潭子區,0,2,0,8,1,5,50,5,1,1,5,4,5,7,3,1,10,5,5,2,15,6,2,9,1,1,C03,7,9,1,10,2,14,  ,6,6,1,21,8,C03,24.221251,120.694096,2
2018,9,20,7,19,臺中市,烏日區,0,1,0,6,3,5,50,14,9,1,4,4,5,5,4,4,5,5,5,1,12,7,2,9,3,4,C03,7,7,1,10,2,14,  ,7,7,1,21,8,C03,24.12157,120.607549,2
2018,9,20,7,26,臺中市,西屯區,0,1,0,8,1,5,40,14,9,1,5,4,5,7,4,4,10,5,5,2,11,17,3,10,1,1,B03,7,9,1,8,2,8,  ,17,17,1,22,9,B03,24.1971,120.614678,2
2018,9,20,7,33,臺中市,西屯區,0,2,0,8,1,5,50,14,7,1,5,4,5,7,4,4,5,4,4,2,12,43,2,9,1,1,C03,7,9,1,10,2,14,  ,43,43,1,21,8,C03,24.205371,120.629113,2
2018,9,20,7,36,臺中市,南區,0,1,0,8,1,5,80,4,1,1,5,4,5,7,4,4,10,5,5,2,16,6,3,10,1,1,B12,7,5,1,8,2,4,  ,6,6,1,21,8,B12,24.116845,120.649584,2
2018,9,20,7,36,臺中市,北屯區,0,1,0,8,1,5,50,14,9,1,5,4,5,7,4,4,9,5,5,2,16,10,3,10,1,1,B03,7,11,1,8,2,6,  ,10,10,1,5,8,B03,24.159906,120.717084,2
2018,9,20,7,37,臺中市,新社區,0,0,,8,,,40,,,,,,,,,,,,,,,,,,,,B12,,,1,,2,,,6,,1,9,,B12,24.205973,120.794411,3
2018,9,20,7,40,臺中市,北屯區,0,0,0,8,,,50,,,,,,,,,,,,,,,8,  ,  ,  ,  ,C03,  ,  ,6,  ,2,  ,  ,8,8,1,22,  ,C03,24.162409,120.692181,3
2018,9,20,7,40,臺中市,西屯區,0,2,0,8,1,5,50,4,1,1,5,4,5,7,1,1,10,5,5,2,16,6,2,9,3,4,C04,7,5,1,10,2,12,  ,6,6,1,22,9,C04,24.168611,120.656896,2
2018,9,20,7,40,臺中市,神岡區,0,0,,8,,,40,,,,,,,,,,,,,,,,,,,,A31,,,1,,2,,,17,,1,10,,A31,24.27733,120.659959,3
2018,9,20,7,42,臺中市,大肚區,0,3,0,8,1,5,50,14,9,1,5,4,5,7,4,4,9,5,5,1,12,23,2,8,1,1,C03,7,9,1,10,2,11,  ,23,23,1,22,8,C03,24.160588,120.574793,2
2018,9,20,7,45,臺中市,烏日區,0,3,0,8,1,5,50,14,9,1,5,4,5,7,4,4,4,4,5,1,12,7,2,7,1,1,C03,7,7,1,10,2,14,  ,7,7,1,21,8,C03,24.073173,120.642765,2
2018,9,20,7,47,臺中市,北屯區,0,1,0,8,1,5,50,3,2,1,5,4,5,7,1,1,5,4,5,2,17,42,3,10,3,4,B03,7,15,1,8,2,5,  ,23,42,1,21,8,B03,24.20108,120.670568,2
2018,9,20,7,49,臺中市,烏日區,0,0,,,,,,,,,,,,,,,,,,,,,,,,,B01,,,1,,2,,,26,,1,22,,B01,24.116138,120.616956,3
2018,9,20,7,50,臺中市,西屯區,0,1,0,8,1,5,40,14,8,1,5,4,5,7,4,4,1,5,1,2,17,38,2,9,1,1,C03,7,9,1,10,2,11,  ,23,38,1,22,8,C03,24.202428,120.641727,2
2018,9,20,7,55,臺中市,太平區,0,1,0,8,1,5,50,3,2,1,5,4,5,7,4,4,5,5,5,1,12,23,2,8,1,1,C03,7,9,4,8,2,12,  ,23,23,1,4,1,C03,24.123483,120.750055,2
2018,9,20,7,55,臺中市,外埔區,0,0,,8,,,50,,,,,,,,,,,,,,,,,,,,B03,,,1,,2,,,44,,1,22,,B03,24.323675,120.661718,3
2018,9,20,8,3,臺中市,西區,0,2,0,8,1,5,50,4,1,1,5,4,5,7,1,1,10,5,5,2,16,43,2,9,1,1,C03,7,5,1,10,2,11,  ,43,43,1,22,2,C03,24.141307,120.672775,2
2018,9,20,8,7,臺中市,南屯區,0,0,,8,,,50,,,,,,,,,,,,,,,,,,,,C03,,,1,,2,,,7,,1,  ,,C03,24.134442,120.646726,3
2018,9,20,8,7,臺中市,西屯區,0,0,0,8,,,40,,,,,,,,,,,,,,,17,  ,  ,  ,  ,B01,  ,  ,1,  ,2,  ,  ,17,17,1,10,  ,B01,24.162871,120.688389,3
2018,9,20,8,10,臺中市,西屯區,0,1,0,8,1,5,40,3,1,1,5,4,5,7,4,4,10,5,5,2,18,23,2,9,1,1,C03,7,9,1,10,2,14,  ,23,23,1,4,8,C03,24.188186,120.62651,2
2018,9,20,8,15,臺中市,北屯區,0,0,,8,,,50,,,,,,,,,,,,,,,,,,,,B03,,,1,,2,,,23,,1,5,,B03,24.200134,120.677146,3
2018,9,20,8,20,臺中市,沙鹿區,0,0,,8,,,50,,,,,,,,,,,,,,,,,,,,A41,,,1,,2,,,12,,1,10,,A41,24.212025,120.57599,3
2018,9,20,8,20,臺中市,后里區,0,1,0,8,1,5,50,14,9,1,5,4,5,7,4,4,5,4,4,1,18,42,2,9,3,4,F03,7,9,8,20,2,16,  ,42,42,1,22,8,F03,24.308748,120.722266,2
2018,9,20,8,22,臺中市,太平區,,,,8,,,40,,,,,,,,,,,,,,,,,,,,B03,,,1,,2,,,6,,1,4,,B03,24.111565,120.73148,3
2018,9,20,8,30,臺中市,北屯區,0,0,0,8,,,80,,,,,,,,,,,,,,,43,  ,  ,  ,  ,B03,  ,  ,1,  ,2,  ,  ,43,43,1,21,  ,B03,24.17367,120.720765,3
2018,9,20,8,30,臺中市,大里區,0,0,,8,,,60,,,,,,,,,,,,,,,,,,,,B03,,,1,,2,,,42,,1,12,,B03,24.100918,120.689578,3
2018,9,20,8,34,臺中市,北區,0,0,0,8,,,50,,,,,,,,,,,,,,,7,  ,  ,  ,  ,B12,  ,8,1,  ,2,  ,  ,7,7,1,  ,  ,B12,24.164846,120.68513,3
2018,9,20,8,38,臺中市,神岡區,0,1,0,8,1,5,50,14,9,1,5,4,5,7,4,4,9,5,5,1,16,3,3,10,1,1,B12,7,9,1,3,2,4,  ,3,3,1,21,8,B12,24.265832,120.655427,2
2018,9,20,8,40,臺中市,西區,0,0,,8,,,50,,,,,,,,,,,,,,,,,,,,B03,,,1,,2,,,23,,1,21,,B03,24.147743,120.673596,4
2018,9,20,8,40,臺中市,西屯區,0,1,0,8,1,5,50,4,1,1,5,4,5,7,1,1,10,5,5,2,16,8,2,9,3,4,C03,7,5,1,10,2,14,  ,8,8,1,22,9,C03,24.176127,120.651898,2
2018,9,20,8,40,臺中市,西屯區,0,0,,8,,,40,,,,,,,,,,,,,,,,,,,,B03,,,1,,2,,,16,,1,22,,B03,24.194818,120.644151,3
2018,9,20,8,40,臺中市,西屯區,0,0,,8,,,50,,,,,,,,,,,,,,,,,,,,B03,,,1,,2,,,26,,1,  ,,B03,24.194701,120.624261,3
2018,9,20,8,46,臺中市,西屯區,0,1,0,8,1,5,50,3,1,1,5,4,5,7,1,1,1,5,5,2,16,6,3,10,1,1,B03,7,5,1,2,2,1,  ,6,6,1,22,8,B03,24.174183,120.617124,2
2018,9,20,8,53,臺中市,大里區,0,0,,8,,,50,,,,,,,,,,,,,,,,,,,,C03,,,1,,2,,,26,,1,18,,C03,24.09427,120.713646,3
2018,9,20,8,58,臺中市,太平區,0,0,,8,,,50,,,,,,,,,,,,,,,,,,,,B03,,,1,,2,,,42,,1,2,,B03,24.148969,120.7188,3
2018,9,20,9,0,臺中市,西屯區,0,0,,8,,,50,,,,,,,,,,,,,,,,,,,,B03,,,1,,2,,,7,,1,4,,B03,24.196058,120.647804,3
2018,9,20,9,5,臺中市,北屯區,0,0,,8,,,50,,,,,,,,,,,,,,,,,,,,B03,,,1,,2,,,23,,1,5,,B03,24.200201,120.677116,3
2018,9,20,9,11,臺中市,西屯區,0,0,,8,,,50,,,,,,,,,,,,,,,,,,,,B03,,,1,,2,,,23,,1,22,,B03,24.156178,120.650391,3
2018,9,20,9,15,臺中市,北區,0,1,0,8,1,5,40,14,8,1,5,4,5,7,4,4,1,4,4,2,12,17,2,9,1,1,C03,7,9,1,10,2,14,  ,17,17,1,22,8,C03,24.157136,120.676554,2
2018,9,20,9,25,臺中市,太平區,,,,8,,,40,,,,,,,,,,,,,,,,,,,,A21,,,1,,2,,,12,,1,10,,A21,24.102712,120.728955,3