年,月,日,時,分,縣市,區,死,受傷,2-30,天候,光線,道路類別,速限,道路型態,事故位置,路面鋪裝,路面狀態,路面缺陷,障礙物,視距,號誌種類,號誌動作,分向設施,快車道或一般車道間,快慢車道間,路面邊線,事故類型及型態,主要肇因,受傷程度,主要傷處,保護裝備,行動電話,當事者區分_類別,車輛用途,當事者行動狀態,駕駛資格情形,駕駛執照種類,飲酒情形,車輛撞擊部位最初,車輛撞擊部位其他,肇事因素個別,肇事因素主要,肇事逃逸,職業,旅次目的,車種,GPS座標_緯度,GPS座標_經度,事故類別
2018,9,20,9,35,臺中市,烏日區,0,1,0,8,1,5,60,3,1,1,5,4,5,7,1,1,1,4,5,1,16,25,2,9,1,1,C03,7,9,1,10,2,14,  ,25,25,1,22,8,C03,24.110256,120.646725,2
2018,9,20,9,37,臺中市,南區,0,0,,8,,,50,,,,,,,,,,,,,,,,,,,,B03,,,1,,2,,,19,,1,4,,B03,24.125714,120.660242,3
2018,9,20,9,41,臺中市,西屯區,0,1,0,8,1,5,50,14,9,1,5,4,5,7,4,4,5,5,5,2,16,19,3,10,1,1,B03,7,1,1,8,2,8,  ,19,19,1,4,8,B03,24.185552,120.607854,2
2018,9,20,9,42,臺中市,北屯區,0,2,0,8,1,5,50,4,1,1,5,4,5,7,1,1,10,5,5,2,16,3,2,9,1,1,C03,7,6,1,10,2,12,  ,3,3,1,5,8,C03,24.188677,120.660697,2
2018,9,20,9,50,臺中市,北區,0,1,0,8,1,5,50,4,1,1,5,4,5,7,2,1,10,5,5,2,16,9,3,10,1,1,B03,7,6,1,2,2,5,  ,9,9,1,10,8,B03,24.149219,120.680885,2
2018,9,20,10,3,臺中市,大雅區,0,2,0,8,1,5,40,4,1,1,5,4,5,7,4,4,10,5,5,1,16,6,3,10,1,1,B03,7,9,1,8,2,1,  ,6,6,1,22,9,B03,24.219324,120.637152,2
2018,9,20,10,5,臺中市,西屯區,0,0,,8,,,50,,,,,,,,,,,,,,,,,,,,B03,,,1,,2,,,23,,1,22,,B03,24.184046,120.614048,3
2018,9,20,10,12,臺中市,大雅區,0,1,0,8,1,5,50,14,8,1,5,4,5,7,4,4,3,4,4,1,13,23,2,8,1,1,C03,7,9,1,10,2,11,  ,23,23,1,21,8,C03,24.212522,120.649811,2
2018,9,20,10,15,臺中市,清水區,0,0,,8,,,50,,,,,,,,,,,,,,,,,,,,B03,,,1,,2,,,25,,1,21,,B03,24.26474,120.549533,3
2018,9,20,10,22,臺中市,沙鹿區,0,0,,8,,,50,,,,,,,,,,,,,,,,,,,,C03,,,1,,9,,,23,,2,20,,C03,24.219724,120.571822,3
2018,9,20,10,29,臺中市,南屯區,0,1,0,8,1,5,50,3,1,1,5,4,5,7,4,4,10,5,5,2,17,23,2,9,1,1,C03,7,5,1,10,2,14,  ,23,23,1,21,8,C03,24.142783,120.644323,2
2018,9,20,10,30,臺中市,霧峰區,0,0,,8,,,40,,,,,,,,,,,,,,,,,,,,   ,,,7,,11,,,43,,1,  ,,   ,24.063166,120.698498,3
2018,9,20,10,35,臺中市,北區,0,1,0,8,1,5,50,14,7,1,5,4,5,7,4,4,1,4,4,2,12,42,3,10,1,1,B03,7,9,1,8,2,2,  ,42,42,1,21,8,B03,24.165389,120.673658,2
2018,9,20,10,39,臺中市,神岡區,0,0,,8,,,50,,,,,,,,,,,,,,,,,,,,B03,,,1,,2,,,23,,1,4,,B03,24.249895,120.695824,3
2018,9,20,10,40,臺中市,北屯區,0,2,0,8,1,5,40,4,2,1,5,4,5,7,4,4,10,5,5,2,16,8,2,9,1,1,C03,7,5,1,10,2,11,  ,8,8,1,5,8,C03,24.192408,120.66573,2
2018,9,20,10,43,臺中市,西區,0,0,,8,1,5,50,14,7,1,5,4,5,7,4,4,5,2,4,2,12,,,,,,A11,,,1,,2,,,42,,1,9,,A11,24.152804,120.666522,3
2018,9,20,10,49,臺中市,北區,0,1,0,8,1,5,50,3,9,1,5,4,5,7,4,4,1,4,5,2,16,6,3,10,1,1,B12,7,9,1,8,2,8,  ,6,6,1,19,8,B12,24.158863,120.691249,2
2018,9,20,10,50,臺中市,梧棲區,0,0,,8,,,40,,,,,,,,,,,,,,,,,,,,B03,,,1,,2,,,6,,1,  ,,B03,24.256709,120.555022,3
2018,9,20,10,51,臺中市,北區,0,1,0,8,1,5,50,3,1,1,5,4,5,7,1,1,10,5,5,2,16,9,3,10,1,1,B03,7,6,1,8,2,5,  ,9,9,1,22,8,B03,24.153732,120.68917,2
2018,9,20,11,6,臺中市,西屯區,0,1,0,8,1,5,50,4,1,1,5,4,5,7,2,1,10,5,5,2,15,25,3,10,1,1,B03,7,9,1,8,2,5,  ,25,25,1,21,8,B03,24.201701,120.644277,2
2018,9,20,11,9,臺中市,南區,0,1,0,7,1,5,50,4,22,1,5,4,5,7,1,1,10,5,5,2,29,43,3,10,1,1,B12,7,9,1,8,2,15,  ,43,43,1,21,8,B12,24.119006,120.671718,2
2018,9,20,11,15,臺中市,北屯區,0,0,0,8,,,50,,,,,,,,,,,,,,,23,  ,  ,  ,  ,B12,  ,  ,1,  ,2,  ,  ,23,23,1,4,  ,B12,24.186066,120.744062,3
2018,9,20,11,15,臺中市,北屯區,0,0,,8,,,50,,,,,,,,,,,,,,,,,,,,B12,,,1,,11,,,23,,1,5,,B12,24.173401,120.679704,3
2018,9,20,11,26,臺中市,烏日區,0,0,,8,,,50,,,,,,,,,,,,,,,,,,,,B03,,,1,,2,,,8,,1,22,,B03,24.115983,120.616965,3
2018,9,20,11,30,臺中市,北屯區,0,0,0,8,,,40,,,,,,,,,,,,,,,9,  ,  ,  ,  ,B03,  ,  ,1,8,2,  ,  ,26,9,1,21,  ,B03,24.166814,120.722256,3
2018,9,20,11,30,臺中市,大里區,0,1,0,8,1,5,50,5,1,1,5,4,5,7,1,1,10,5,5,2,16,19,3,10,1,1,B03,7,1,1,8,2,4,  ,19,19,1,12,8,B03,24.113091,120.689921,2
2018,9,20,11,30,臺中市,太平區,0,1,0,8,1,5,50,4,1,1,5,4,5,7,1,1,10,5,5,2,12,23,2,9,1,1,C03,7,9,1,10,2,11,  ,23,23,1,21,3,C03,24.148868,120.716037,2
2018,9,20,11,30,臺中市,外埔區,0,0,0,8,,,40,,,,,,,,,,,,,,,19,  ,  ,  ,  ,C03,  ,  ,1,  ,2,  ,  ,19,19,1,22,  ,C03,24.325076,120.646353,3
2018,9,20,11,32,臺中市,霧峰區,0,0,,8,,,50,,,,,,,,,,,,,,,,,,,,B12,,,1,,2,,,18,,1,22,,B12,24.05981,120.664551,3
2018,9,20,11,34,臺中市,太平區,0,1,0,8,1,5,50,3,2,1,5,4,5,7,4,4,10,5,5,2,13,23,2,8,1,1,C03,7,9,1,10,2,11,  ,23,23,1,18,8,C03,24.152323,120.733333,2
2018,9,20,11,35,臺中市,北區,0,0,0,8,,,40,,,,,,,,,,,,,,,12,  ,  ,  ,  ,B03,  ,  ,1,  ,2,  ,  ,12,12,1,22,  ,B03,24.16414,120.674271,3
2018,9,20,11,35,臺中市,清水區,,,,8,,,60,,,,,,,,,,,,,,,,,,,,B03,,,1,,2,,,7,,1,21,,B03,24.272312,120.561919,3
2018,9,20,11,38,臺中市,神岡區,0,0,,8,,,60,,,,,,,,,,,,,,,7,,,,,B03,,,1,,2,,,44,7,1,21,,B03,24.23248,120.655427,3
2018,9,20,11,41,臺中市,西區,0,1,0,8,1,5,50,5,1,1,5,4,5,7,1,1,1,4,1,2,16,25,3,10,3,4,B03,7,9,1,8,2,2,  ,25,25,1,21,8,B03,24.150842,120.670142,2
2018,9,20,11,46,臺中市,梧棲區,0,1,0,8,1,5,50,14,9,1,5,4,5,7,4,4,1,4,5,1,17,39,3,10,3,1,B12,7,13,1,8,11,4,  ,39,39,1,4,8,B12,24.251301,120.52927,2
2018,9,20,11,50,臺中市,烏日區,0,0,,8,,,50,,,,,,,,,,,,,,,23,,,,,B03,,,1,,2,,,44,23,1,5,,B03,24.085929,120.64434,3
2018,9,20,12,4,臺中市,梧棲區,0,0,,8,,,50,,,,,,,,,,,,,,,,,,,,B03,,,1,,2,,,12,,1,20,,B03,24.257986,120.531975,3
2018,9,20,12,6,臺中市,梧棲區,0,1,0,8,1,5,40,14,9,1,5,4,5,7,4,4,10,5,5,2,12,43,3,10,1,1,B12,7,9,1,8,2,2,  ,43,43,1,7,8,B12,24.232876,120.544738,2
2018,9,20,12,10,臺中市,大雅區,0,0,,,,,,,,,,,,,,,,,,,,,,,,,B03,,,1,,2,,,23,,1,21,,B03,24.221274,120.647245,3
2018,9,20,12,12,臺中市,中區,0,1,0,8,1,5,50,3,1,1,5,4,5,7,4,4,10,5,5,2,3,25,3,10,1,1,C03,7,9,1,10,2,14,  ,25,25,1,16,8,C03,24.136372,120.683296,2
2018,9,20,12,20,臺中市,西屯區,0,1,0,8,1,5,40,3,1,1,5,4,5,7,4,4,10,5,5,2,16,6,3,10,1,1,B03,7,5,1,8,2,1,  ,6,6,1,21,8,B03,24.192336,120.613585,2
2018,9,20,12,22,臺中市,潭子區,0,1,0,8,1,5,60,14,9,1,5,4,5,7,4,4,9,4,5,1,12,23,2,9,1,1,C03,7,9,1,10,2,14,  ,23,23,1,21,8,C03,24.208018,120.686746,2
2018,9,20,12,23,臺中市,北區,0,1,0,8,1,5,50,4,1,1,5,4,5,7,2,1,10,5,5,2,16,26,2,9,1,1,C03,7,5,1,10,2,13,  ,26,26,1,19,8,C03,24.15683,120.694328,2
2018,9,20,12,39,臺中市,西屯區,0,0,,8,,,50,,,,,,,,,,,,,,,,,,,,B01,,,1,,2,,,17,,1,22,,B01,24.168677,120.655231,3
2018,9,20,12,40,臺中市,烏日區,0,1,0,8,1,5,50,3,1,1,5,4,5,5,4,4,10,5,5,2,16,6,3,10,3,4,B01,7,5,1,4,2,1,  ,6,6,1,21,8,B01,24.1043,120.635775,2
2018,9,20,12,42,臺中市,西屯區,0,0,0,8,,,50,,,,,,,,,,,,,,,18,  ,  ,  ,  ,B03,  ,  ,1,  ,2,  ,  ,18,18,1,19,  ,B03,24.170018,120.620048,3
2018,9,20,12,50,臺中市,北屯區,0,2,0,8,1,5,50,4,1,1,5,4,5,7,1,1,10,5,5,2,16,8,2,9,1,1,C02,7,9,1,9,2,13,  ,44,8,1,22,8,C02,24.172974,120.679667,2
2018,9,20,12,50,臺中市,烏日區,0,0,,8,,,50,,,,,,,,,,,,,,,1,,,,,B03,,,1,,2,,,67,1,1,  ,,B03,24.102759,120.61867,3
2018,9,20,13,0,臺中市,大甲區,0,0,,8,,,40,,,,,,,,,,,,,,,,,,,,B03,,,1,,2,,,42,,1,19,,B03,24.34129,120.62858,3
2018,9,20,13,10,臺中市,西區,0,1,0,8,1,5,50,4,2,1,5,4,5,7,2,1,4,4,5,2,17,10,2,9,1,1,C03,7,11,1,10,2,11,  ,10,10,1,20,8,C03,24.148366,120.664422,2
2018,9,20,13,22,臺中市,神岡區,0,0,,8,,,40,,,,,,,,,,,,,,,,,,,,B03,,,1,,2,,,12,,1,  ,,B03,24.24925,120.686958,3
2018,9,20,13,31,臺中市,北區,0,2,0,8,1,5,50,4,1,1,5,4,5,7,4,4,10,5,5,2,15,6,2,9,1,1,C03,7,9,1,10,2,12,  ,6,6,1,21,8,C03,24.154071,120.680739,2
2018,9,20,13,34,臺中市,太平區,0,1,0,8,1,5,50,14,9,1,5,4,5,7,4,4,9,4,5,1,17,19,3,10,1,1,B03,7,1,1,8,2,8,  ,19,19,1,19,8,B03,24.162386,120.705468,2
2018,9,20,13,38,臺中市,北區,0,1,0,8,1,5,40,3,9,1,5,4,5,7,4,4,10,5,5,2,17,43,3,10,1,1,C03,7,9,1,10,2,11,  ,43,43,1,22,9,C03,24.148562,120.68741,2
2018,9,20,13,40,臺中市,北屯區,0,0,,8,,,50,,,,,,,,,,,,,,,,,,,,G03,,,1,,2,,,23,,1,11,,G03,24.199421,120.662772,3
2018,9,20,14,0,臺中市,太平區,0,0,,8,,,50,,,,,,,,,,,,,,,,,,,,B03,,,1,,2,,,40,,1,21,,B03,24.108133,120.72458,3
2018,9,20,14,3,臺中市,沙鹿區,0,1,0,8,1,5,40,14,8,1,5,4,5,7,4,4,3,4,3,1,13,23,2,9,1,1,C03,7,9,1,10,2,11,  ,23,23,1,21,8,C03,24.225396,120.576864,2
2018,9,20,14,5,臺中市,龍井區,0,1,0,8,1,5,40,4,1,1,5,4,5,7,4,4,10,5,5,2,16,6,3,10,1,1,B03,7,6,1,8,2,8,  ,6,6,1,21,8,B03,24.188435,120.591209,2
2018,9,20,14,8,臺中市,太平區,0,1,0,8,1,5,50,4,1,1,5,4,5,7,1,1,10,5,5,2,17,19,2,9,1,1,C03,7,1,1,10,2,14,  ,19,19,1,20,8,C03,24.133169,120.736042,2
2018,9,20,14,10,臺中市,北屯區,0,0,0,8,,,40,,,,,,,,,,,,,,,10,  ,  ,  ,  ,B03,  ,  ,1,  ,2,  ,  ,10,10,1,21,  ,B03,24.174538,120.679916,3
2018,9,20,14,24,臺中市,南區,0,1,0,8,1,5,50,14,22,1,5,4,5,7,4,4,9,5,4,2,17,43,3,10,1,1,C03,7,9,1,10,2,15,  ,43,43,1,21,8,C03,24.126091,120.66048,2
2018,9,20,14,36,臺中市,南屯區,0,0,,8,,,50,,,,,,,,,,,,,,,,,,,,B03,,,1,,2,,,19,,1,21,,B03,24.134336,120.646786,3
2018,9,20,14,37,臺中市,西屯區,0,0,,8,,,50,,,,,,,,,,,,,,,,,,,,B03,,,1,,2,,,23,,1,22,,B03,24.170616,120.610918,3
2018,9,20,14,48,臺中市,梧棲區,0,1,0,8,1,5,50,4,1,1,5,4,5,7,1,1,10,5,5,2,16,9,3,10,1,1,B03,7,6,1,8,2,6,  ,9,9,1,20,8,B03,24.250798,120.555685,2
2018,9,20,14,50,臺中市,西屯區,0,0,0,8,,,50,,,,,,,,,,,,,,,26,  ,  ,  ,  ,B01,  ,  ,1,  ,2,  ,  ,26,26,1,10,  ,B01,24.187395,120.61027,3
2018,9,20,14,54,臺中市,南屯區,0,1,0,8,1,5,50,14,7,1,5,4,5,7,4,4,5,4,4,2,16,7,2,9,1,1,C03,7,7,3,18,2,14,  ,7,7,1,21,8,C03,24.114695,120.626358,2
2018,9,20,14,58,臺中市,后里區,0,0,,8,,,50,,,,,,,,,,,,,,,,,,,,B03,,,1,,2,,,42,,1,  ,,B03,24.298655,120.735635,4
2018,9,20,15,0,臺中市,北區,0,0,0,8,,,60,,,,,,,,,,,,,,,23,  ,  ,  ,  ,B03,  ,  ,1,  ,2,  ,  ,23,23,1,22,  ,B03,24.1546,120.664,3
2018,9,20,15,0,臺中市,沙鹿區,0,2,0,8,1,5,50,4,1,1,5,4,5,7,2,1,10,5,5,2,16,8,3,10,1,1,C03,7,5,1,10,2,13,  ,8,8,1,18,5,C03,24.226746,120.575197,2
2018,9,20,15,6,臺中市,沙鹿區,0,1,0,8,1,5,50,5,1,1,5,4,5,7,1,1,10,5,5,2,16,25,3,10,1,1,B03,7,5,1,7,3,6,  ,25,25,1,21,8,B03,24.234213,120.560793,2
2018,9,20,15,13,臺中市,西屯區,0,1,0,8,1,5,50,15,9,1,5,4,5,7,4,4,5,4,5,2,16,26,3,10,1,1,B12,7,5,1,8,2,1,  ,26,26,1,21,8,B12,24.174321,120.621474,2
2018,9,20,15,15,臺中市,西屯區,0,0,,8,,,40,,,,,,,,,,,,,,,,,,,,B03,,,1,,2,,,42,,1,  ,,B03,24.177908,120.642445,3
2018,9,20,15,16,臺中市,北屯區,0,0,,8,,,50,,,,,,,,,,,,,,,,,,,,B03,,,1,,2,,,23,,1,22,,B03,24.182222,120.719451,3
2018,9,20,15,17,臺中市,東勢區,0,0,,8,,,60,,,,,,,,,,,,,,,,,,,,B03,,,1,,2,,,26,,1,22,,B03,24.279051,120.816158,4
2018,9,20,15,18,臺中市,大雅區,0,2,0,8,1,5,50,3,2,1,5,4,5,7,1,1,9,4,4,1,12,23,2,9,1,1,C03,7,9,1,10,2,11,  ,23,23,1,22,9,C03,24.22907,120.64223,2
2018,9,20,15,19,臺中市,西屯區,0,2,0,8,1,5,50,4,2,1,5,4,5,7,1,1,9,5,5,2,13,23,2,9,1,1,C03,7,9,6,18,2,11,  ,23,23,1,21,8,C03,24.164599,120.664344,2
2018,9,20,15,20,臺中市,西屯區,0,0,,8,,,40,,,,,,,,,,,,,,,,,,,,C03,,,1,,2,,,35,,1,22,,C03,24.174998,120.638105,3
2018,9,20,15,26,臺中市,中區,0,0,,8,,,50,,,,,,,,,,,,,,,,,,,,C03,,,1,,2,,,17,,1,22,,C03,24.138749,120.683759,3
2018,9,20,15,28,臺中市,南屯區,0,0,,8,,,40,,,,,,,,,,,,,,,,,,,,B12,,,1,,2,,,12,,1,22,,B12,24.117395,120.638493,3
2018,9,20,15,30,臺中市,北區,0,1,0,8,1,5,50,4,1,1,5,4,5,7,1,1,10,5,5,2,16,6,3,10,1,1,B03,7,5,1,8,2,2,  ,6,6,1,5,8,B03,24.161687,120.675082,2
2018,9,20,15,30,臺中市,北屯區,0,1,0,8,1,5,50,14,9,1,5,4,5,7,4,4,5,4,5,2,18,23,2,9,1,1,C03,7,9,1,10,2,15,  ,23,23,1,21,8,C03,24.178206,120.736793,2
2018,9,20,15,30,臺中市,太平區,0,0,,8,,,40,,,,,,,,,,,,,,,,,,,,B12,,,1,,2,,,12,,1,4,,B12,24.140866,120.718193,3
2018,9,20,15,40,臺中市,烏日區,0,0,,8,,,40,,,,,,,,,,,,,,,,,,,,B01,,,1,,2,,,16,,1,21,,B01,24.118085,120.617709,3
2018,9,20,15,44,臺中市,北區,0,1,0,8,1,5,50,5,1,1,5,4,5,7,1,1,10,5,5,2,16,26,3,10,1,1,B02,7,6,1,8,2,6,  ,26,26,1,21,8,B02,24.154881,120.686252,2
2018,9,20,15,45,臺中市,潭子區,0,0,,8,,,30,,,,,,,,,,,,,,,,,,,,B03,,,1,,2,,,18,,  ,22,,B03,24.190451,120.704017,3
2018,9,20,15,47,臺中市,南屯區,0,0,,8,,,40,,,,,,,,,,,,,,,,,,,,B03,,,1,,2,,,9,,1,22,,B03,24.145432,120.606186,3
2018,9,20,15,50,臺中市,北屯區,0,1,0,8,1,5,40,3,2,1,5,4,5,7,4,4,1,4,4,2,12,43,3,10,1,1,B11,7,15,1,4,2,2,  ,43,43,1,5,8,B11,24.18638,120.663864,2
2018,9,20,15,50,臺中市,梧棲區,0,1,0,8,1,5,50,3,1,1,5,4,5,7,4,4,10,5,5,2,16,8,2,9,1,1,F03,7,5,8,20,2,16,  ,8,8,1,20,8,F03,24.259478,120.545268,2
2018,9,20,15,50,臺中市,大雅區,0,0,,8,,,50,,,,,,,,,,,,,,,,,,,,B03,,,1,,2,,,19,,1,21,,B03,24.229264,120.64813,3
2018,9,20,15,54,臺中市,西屯區,0,0,,8,,,1,,,,,,,,,,,,,,,,,,,,B12,,,1,,2,,,12,,1,  ,,B12,24.161889,120.606221,3
2018,9,20,16,0,臺中市,太平區,0,1,0,8,1,5,50,4,1,1,5,4,5,7,1,1,10,5,5,2,12,26,2,7,1,1,C03,7,5,1,10,2,11,  ,26,26,1,18,8,C03,24.14885,120.716021,2
2018,9,20,16,12,臺中市,霧峰區,0,0,,8,,,40,,,,,,,,,,,,,,,,,,,,A12,,,1,,1,,,17,,1,10,,A12,24.036903,120.66584,4
2018,9,20,16,15,臺中市,南區,0,0,0,8,1,5,50,14,1,1,5,4,5,7,4,4,1,4,5,2,12,7,3,10,1,1,B12,7,8,1,8,2,2,  ,7,7,1,22,8,B12,24.129298,120.681561,3
2018,9,20,16,17,臺中市,北屯區,0,0,,8,,,50,,,,,,,,,,,,,,,,,,,,B03,,,1,,2,,,23,,1,  ,,B03,24.163115,120.71953,3
2018,9,20,16,19,臺中市,西屯區,0,0,,8,,,50,,,,,,,,,,,,,,,,,,,,B03,,,1,,2,,,23,,1,19,,B03,24.174378,120.621321,3
2018,9,20,16,19,臺中市,清水區,0,1,0,8,1,5,70,4,1,1,5,4,5,7,1,1,10,5,5,2,16,9,3,10,1,1,B12,7,6,1,8,2,2,  ,9,9,1,21,8,B12,24.304103,120.596338,2
2018,9,20,16,20,臺中市,南屯區,0,1,0,8,1,5,50,4,1,1,5,4,5,7,1,1,10,5,5,2,16,6,3,10,1,1,B03,7,5,1,8,2,6,  ,6,6,1,5,8,B03,24.135815,120.653111,2
2018,9,20,16,22,臺中市,南屯區,0,0,,8,,,40,,,,,,,,,,,,,,,,,,,,B03,,,1,,2,,,12,,1,  ,,B03,24.149354,120.623715,4
2018,9,20,16,23,臺中市,大雅區,0,0,,8,,,40,,,,,,,,,,,,,,,,,,,,B12,,,1,,2,,,23,,1,21,,B12,24.220478,120.647667,3
2018,9,20,16,25,臺中市,潭子區,0,0,,8,,,60,,,,,,,,,,,,,,,,,,,,B03,,,1,,2,,,23,,1,22,,B03,24.209078,120.686762,3
2018,9,20,16,30,臺中市,西屯區,0,0,,8,,,40,,,,,,,,,,,,,,,,,,,,B03,,,1,,2,,,23,,1,22,,B03,24.180025,120.645861,3
2018,9,20,16,31,臺中市,太平區,0,0,,8,,,40,,,,,,,,,,,,,,,,,,,,B03,,,1,,2,,,12,,1,19,,B03,24.141569,120.711907,3
2018,9,20,16,31,臺中市,龍井區,0,2,0,8,1,5,60,4,1,1,5,4,5,7,1,1,10,5,5,2,16,26,3,10,1,1,B03,7,6,1,8,2,5,  ,26,26,1,21,8,B03,24.186032,120.585597,2
2018,9,20,16,32,臺中市,太平區,0,1,0,8,1,5,50,14,9,1,5,4,5,7,4,4,5,5,5,1,13,42,3,10,1,1,B03,7,9,1,7,2,1,  ,42,42,1,19,5,B03,24.136859,120.723868,2
2018,9,20,16,34,臺中市,南屯區,0,1,0,8,1,5,50,4,7,1,5,4,5,7,1,1,1,4,4,2,13,26,2,8,1,4,C03,7,9,1,10,2,11,  ,26,26,1,22,8,C03,24.147285,120.640663,2
2018,9,20,16,38,臺中市,烏日區,0,1,0,8,1,5,50,4,1,1,5,4,5,7,1,1,1,4,5,1,11,8,3,10,1,1,B03,7,5,1,8,2,1,  ,8,8,1,22,8,B03,24.10652,120.622536,2
2018,9,20,16,43,臺中市,梧棲區,0,0,,8,,,70,,,,,,,,,,,,,,,,,,,,B03,,,1,,2,,,16,,1,9,,B03,24.256063,120.525716,3
2018,9,20,16,50,臺中市,北區,0,0,0,8,,,40,,,,,,,,,,,,,,,19,  ,  ,  ,  ,B03,  ,  ,1,  ,2,  ,  ,19,19,1,  ,  ,B03,24.159243,120.664025,3
2018,9,20,16,50,臺中市,大里區,0,0,,8,,,40,,,,,,,,,,,,,,,,,,,,B03,,,1,,2,,,17,,1,22,,B03,24.114664,120.682598,3
2018,9,20,16,50,臺中市,太平區,0,0,,8,,,50,,,,,,,,,,,,,,,,,,,,B03,,,1,,2,,,23,,1,21,,B03,24.125492,120.710055,3
2018,9,20,16,50,臺中市,沙鹿區,0,1,0,8,1,5,40,14,8,1,5,4,5,7,4,4,1,5,1,1,17,23,2,9,1,1,C03,7,9,1,10,2,11,  ,23,23,1,3,9,C03,24.217738,120.580579,2
2018,9,20,16,52,臺中市,西區,0,0,,8,,,40,,,,,,,,,,,,,,,,,,,,B12,,,1,,2,,,23,,1,5,,B12,24.147262,120.662261,3
2018,9,20,16,53,臺中市,北屯區,0,1,0,8,1,5,40,11,22,1,5,4,5,7,4,4,10,5,5,2,11,26,3,10,4,1,F03,7,9,8,20,2,16,  ,26,26,1,15,8,F03,24.185512,120.710822,2
2018,9,20,16,56,臺中市,沙鹿區,0,1,0,8,1,5,40,3,1,1,5,4,5,7,4,4,10,5,5,2,18,23,2,9,1,1,C03,7,9,1,10,2,12,  ,23,23,1,21,8,C03,24.250237,120.568727,2
2018,9,20,16,58,臺中市,西區,0,0,,8,,,50,,,,,,,,,,,,,,,,,,,,B03,,,1,,2,,,12,,1,5,,B03,24.14402,120.661577,3
2018,9,20,17,0,臺中市,霧峰區,0,1,0,8,1,5,40,14,9,1,5,4,5,7,4,4,5,5,5,2,16,8,3,10,1,1,B03,7,5,1,8,2,5,  ,8,8,1,7,8,B03,24.05391,120.68664,2
2018,9,20,17,0,臺中市,龍井區,0,0,,8,,,70,,,,,,,,,,,,,,,,,,,,B03,,,1,,2,,,23,,1,3,,B03,24.185974,120.586143,3
2018,9,20,17,1,臺中市,西屯區,0,1,0,8,1,5,40,3,8,1,5,4,5,7,1,1,9,4,4,2,12,6,3,10,1,1,B12,7,6,1,8,2,5,  ,6,6,1,12,8,B12,24.163845,120.66296,2
2018,9,20,17,7,臺中市,西屯區,0,1,0,8,1,5,50,3,1,1,5,4,5,7,2,1,10,5,5,2,13,16,2,9,3,4,C03,7,9,1,10,2,11,  ,16,16,1,22,8,C03,24.176296,120.633688,2
2018,9,20,17,10,臺中市,西區,0,0,0,8,,,50,,,,,,,,,,,,,,,19,  ,  ,  ,  ,B03,  ,  ,1,  ,2,  ,  ,19,19,1,5,  ,B03,24.163483,120.662742,3
2018,9,20,17,17,臺中市,太平區,0,0,,8,,,50,,,,,,,,,,,,,,,,,,,,B12,,,1,,2,,,23,,1,21,,B12,24.137444,120.724207,3
2018,9,20,17,30,臺中市,北區,0,1,0,7,1,5,50,4,1,1,5,4,5,7,2,1,10,5,5,2,16,9,3,10,1,1,B03,7,6,1,8,2,15,  ,9,9,2,5,8,B03,24.161609,120.681609,2
2018,9,20,17,31,臺中市,梧棲區,0,1,0,8,1,5,60,4,1,1,5,4,5,7,1,1,10,5,5,1,16,9,3,10,3,4,B03,7,6,6,18,2,5,  ,9,9,1,21,8,B03,24.223572,120.523186,2
2018,9,20,17,34,臺中市,大雅區,0,1,0,8,1,5,40,3,1,1,5,4,5,7,4,4,10,5,5,1,17,6,3,10,1,1,B03,7,5,1,8,2,4,  ,6,6,1,22,9,B03,24.20671,120.64423,2
2018,9,20,17,35,臺中市,西屯區,0,1,0,8,3,5,50,14,9,1,5,4,5,7,4,4,9,4,5,2,17,23,2,9,1,1,C03,7,9,1,10,2,11,  ,23,23,1,21,8,C03,24.18784,120.61872,2
2018,9,20,17,35,臺中市,潭子區,0,1,0,8,1,5,60,5,1,1,5,4,5,7,2,1,1,3,4,1,17,26,2,8,1,1,C03,7,11,1,10,2,14,  ,26,26,1,22,8,C03,24.215676,120.707148,2
2018,9,20,17,36,臺中市,西屯區,0,1,0,8,3,5,40,4,1,1,5,4,5,7,2,1,10,5,5,2,16,7,2,9,3,3,C03,4,9,1,10,2,11,14,23,7,1,22,8,C03,24.174501,120.63365,2
2018,9,20,17,38,臺中市,沙鹿區,0,2,0,8,1,5,50,3,1,1,5,4,5,7,1,1,10,5,5,2,15,25,2,9,1,1,C03,7,9,1,10,2,11,  ,25,25,1,21,8,C03,24.22618,120.573383,2
2018,9,20,17,42,臺中市,西屯區,0,1,0,8,2,5,40,4,2,1,5,4,5,7,1,1,1,5,1,2,17,7,2,9,1,1,C03,7,10,1,10,2,14,  ,7,7,1,21,8,C03,24.182979,120.602811,2
2018,9,20,17,45,臺中市,清水區,0,1,0,8,1,5,50,4,2,1,5,4,5,7,4,4,5,4,5,1,12,13,2,9,1,1,C03,7,4,1,10,2,11,  ,13,13,1,2,8,C03,24.269845,120.578997,2
2018,9,20,17,50,臺中市,南區,0,2,0,8,3,5,50,14,7,1,5,4,5,7,1,1,5,4,4,2,13,16,2,9,1,1,C03,7,9,1,10,2,11,  ,16,16,1,22,8,C03,24.122408,120.67952,2
2018,9,20,17,51,臺中市,太平區,0,1,0,8,2,5,40,4,1,1,5,4,5,7,4,4,10,5,5,2,16,42,3,10,4,5,F01,7,9,8,20,2,16,  ,42,42,1,16,2,F01,24.159475,120.70553,2