年,月,日,時,分,縣市,區,死,受傷,2-30,天候,光線,道路類別,速限,道路型態,事故位置,路面鋪裝,路面狀態,路面缺陷,障礙物,視距,號誌種類,號誌動作,分向設施,快車道或一般車道間,快慢車道間,路面邊線,事故類型及型態,主要肇因,受傷程度,主要傷處,保護裝備,行動電話,當事者區分_類別,車輛用途,當事者行動狀態,駕駛資格情形,駕駛執照種類,飲酒情形,車輛撞擊部位最初,車輛撞擊部位其他,肇事因素個別,肇事因素主要,肇事逃逸,職業,旅次目的,車種,GPS座標_緯度,GPS座標_經度,事故類別
2018,9,20,17,57,臺中市,北區,0,2,0,8,3,5,50,14,12,1,5,4,5,7,4,4,2,4,4,2,16,10,2,8,1,1,C03,7,11,2,18,2,11,  ,10,10,1,21,8,C03,24.159301,120.686133,2
2018,9,20,17,58,臺中市,西屯區,0,0,0,8,,,50,,,,,,,,,,,,,,,19,  ,  ,  ,  ,B03,  ,  ,1,  ,2,  ,  ,19,19,1,20,  ,B03,24.186153,120.619806,3
2018,9,20,18,7,臺中市,太平區,0,1,0,8,3,5,50,3,1,1,5,4,5,7,4,4,10,5,5,2,17,23,3,10,1,1,B03,7,5,1,8,2,5,  ,23,23,1,19,8,B03,24.12616,120.715887,2
2018,9,20,18,10,臺中市,北區,0,2,0,8,3,5,50,4,1,1,5,4,5,7,2,1,10,5,5,2,16,6,2,9,1,1,C03,7,5,1,10,2,11,  ,6,6,1,22,8,C03,24.1564,120.6682,2
2018,9,20,18,13,臺中市,龍井區,0,0,,8,,,50,,,,,,,,,,,,,,,,,,,,C03,,,1,,2,,,16,,1,18,,C03,24.182394,120.582272,3
2018,9,20,18,14,臺中市,南區,0,0,0,,,,,,,,,,,,,,,,,,,23,3,  ,  ,  ,B03,  ,  ,1,  ,2,  ,  ,23,23,1,22,  ,B03,24.115536,120.654801,3
2018,9,20,18,15,臺中市,龍井區,0,2,0,8,3,5,60,4,1,1,5,4,5,7,1,1,10,5,5,2,16,25,2,9,3,4,B03,7,5,1,7,2,2,  ,25,25,1,9,1,B03,24.217426,120.523003,2
2018,9,20,18,18,臺中市,北屯區,0,0,,8,,,50,,,,,,,,,,,,,,,,,,,,B03,,,1,,2,,,23,,1,4,,B03,24.1818,120.682,3
2018,9,20,18,19,臺中市,北屯區,0,0,,8,,,40,,,,,,,,,,,,,,,,,,,,   ,,,7,,11,,,43,,1,  ,,   ,24.171001,120.709618,3
2018,9,20,18,20,臺中市,大甲區,0,1,0,8,1,5,50,11,9,1,5,4,5,7,4,4,5,5,5,1,17,43,2,1,1,1,F01,7,9,8,20,2,16,  ,43,43,1,4,8,F01,24.346404,120.636221,2
2018,9,20,18,24,臺中市,烏日區,0,0,,8,,,80,,,,,,,,,,,,,,,,,,,,B03,,,1,,2,,,16,,1,22,,B03,24.114756,120.620773,3
2018,9,20,18,30,臺中市,北區,0,1,0,8,3,5,40,14,8,1,5,4,5,7,4,4,3,4,4,2,17,9,3,10,1,1,B03,7,6,1,8,2,5,  ,9,9,1,22,9,B03,24.153432,120.68599,2
2018,9,20,18,30,臺中市,大肚區,0,1,0,8,3,5,70,4,1,1,5,4,5,7,1,1,10,5,5,2,16,6,3,10,1,1,B03,7,5,1,8,2,5,  ,6,6,1,2,1,B03,24.148746,120.549438,2
2018,9,20,18,34,臺中市,北屯區,0,1,0,8,3,5,50,14,7,1,5,4,5,7,4,4,9,5,5,2,13,16,3,10,1,1,B03,7,9,1,8,2,1,  ,16,16,1,22,8,B03,24.200771,120.67075,2
2018,9,20,18,35,臺中市,潭子區,0,1,0,8,3,5,50,4,2,1,5,4,5,7,2,1,5,2,5,1,16,25,3,10,1,1,C03,7,5,1,10,2,11,  ,25,25,1,22,8,C03,24.216117,120.700633,2
2018,9,20,18,38,臺中市,大里區,0,2,0,8,1,5,50,4,1,1,5,4,5,7,4,4,10,5,5,2,15,23,2,9,1,1,C03,7,9,1,10,2,11,  ,6,23,1,18,8,C03,24.089541,120.6991,2
2018,9,20,18,50,臺中市,西屯區,0,1,0,8,3,5,50,4,1,1,5,4,5,7,1,1,9,4,5,2,12,6,3,10,1,1,C03,7,6,1,10,2,12,  ,6,6,1,21,8,C03,24.178134,120.651936,2
2018,9,20,18,52,臺中市,西區,0,0,,8,,,50,,,,,,,,,,,,,,,,,,,,B02,,,1,,2,,,23,,1,5,,B02,24.150858,120.669323,3
2018,9,20,18,55,臺中市,烏日區,0,1,0,8,3,5,80,14,9,1,5,4,5,7,4,4,2,5,5,1,13,23,3,10,1,1,B03,7,8,1,8,2,8,  ,23,23,1,21,8,B03,24.101708,120.62155,2
2018,9,20,18,57,臺中市,南屯區,0,0,,8,,,50,,,,,,,,,,,,,,,,,,,,B03,,,1,,2,,,17,,1,  ,,B03,24.146988,120.647248,3
2018,9,20,19,0,臺中市,南區,0,0,,8,3,5,50,4,1,1,5,4,5,7,4,4,10,5,5,2,17,,,,,,B03,,,1,,2,,,43,,1,22,,B03,24.114365,120.667316,3
2018,9,20,19,0,臺中市,南屯區,0,0,,8,,,50,,,,,,,,,,,,,,,,,,,,B03,,,1,,2,,,17,,1,22,,B03,24.150045,120.622293,3
2018,9,20,19,8,臺中市,潭子區,0,0,,8,,,50,,,,,,,,,,,,,,,16,,,,,B03,,,1,,2,,,44,16,  ,22,,B03,24.200556,120.703289,3
2018,9,20,19,9,臺中市,西屯區,0,0,,8,,,60,,,,,,,,,,,,,,,,,,,,B03,,,1,,2,,,23,,1,21,,B03,24.157592,120.641466,3
2018,9,20,19,11,臺中市,西屯區,0,0,,8,,,50,,,,,,,,,,,,,,,,,,,,B03,,,1,,2,,,42,,1,  ,,B03,24.165443,120.646918,3
2018,9,20,19,11,臺中市,神岡區,0,0,0,8,,,40,,,,,,,,,,,,,,,19,  ,  ,  ,  ,B03,  ,  ,1,  ,2,  ,  ,19,19,1,9,  ,B03,24.25771,120.655458,3
2018,9,20,19,14,臺中市,大雅區,0,0,,8,,,50,,,,,,,,,,,,,,,,,,,,B03,,,1,,2,,,23,,1,  ,,B03,24.22708,120.648158,3
2018,9,20,19,20,臺中市,沙鹿區,0,0,,8,,,50,,,,,,,,,,,,,,,,,,,,B03,,,1,,2,,,16,,1,3,,B03,24.240859,120.560632,3
2018,9,20,19,24,臺中市,大雅區,0,1,0,8,3,5,40,3,2,1,5,4,5,7,1,1,10,5,5,1,17,23,2,9,1,1,C03,7,9,1,10,2,11,  ,23,23,1,12,1,C03,24.2191,120.64009,2
2018,9,20,19,29,臺中市,北區,0,0,0,8,,,50,,,,,,,,,,,,,,,9,3,  ,  ,  ,B03,  ,  ,1,  ,2,  ,  ,9,9,1,5,  ,B03,24.164261,120.686707,3
2018,9,20,19,30,臺中市,北區,0,1,0,8,3,5,50,4,1,1,5,4,5,7,1,1,10,5,5,2,15,25,3,10,1,1,B01,7,9,6,18,2,1,  ,25,25,1,21,8,B01,24.150283,120.676172,2
2018,9,20,19,41,臺中市,烏日區,0,0,0,8,,,50,,,,,,,,,,,,,,,26,  ,  ,  ,  ,B03,  ,  ,1,  ,2,  ,  ,26,26,1,23,  ,B03,24.115869,120.618825,3
2018,9,20,19,43,臺中市,南屯區,0,2,0,8,3,5,50,4,1,1,5,4,5,7,2,1,1,2,5,2,12,44,3,10,1,1,B03,7,9,1,8,2,8,  ,44,44,1,19,8,B03,24.150858,120.646713,2
2018,9,20,19,50,臺中市,西屯區,0,0,,8,,,40,,,,,,,,,,,,,,,,,,,,B02,,,1,,9,,,23,,1,21,,B02,24.167675,120.651082,3
2018,9,20,19,55,臺中市,西區,0,0,,8,,,40,,,,,,,,,,,,,,,,,,,,C03,,,1,,2,,,17,,1,22,,C03,24.155612,120.658556,3
2018,9,20,20,14,臺中市,西區,0,0,0,8,,,40,,,,,,,,,,,,,,,42,3,  ,  ,  ,C03,  ,  ,1,  ,2,  ,  ,42,42,  ,5,  ,C03,24.151495,120.665277,3
2018,9,20,20,30,臺中市,西區,0,2,0,8,3,5,50,14,9,1,5,4,5,7,4,4,5,5,5,2,17,26,2,9,1,1,C03,7,11,4,10,2,12,  ,26,26,1,5,5,C03,24.134923,120.655411,2
2018,9,20,20,35,臺中市,北屯區,0,0,,8,,,40,,,,,,,,,,,,,,,,,,,,B03,,,1,,2,,,12,,1,21,,B03,24.179046,120.698891,3
2018,9,20,20,35,臺中市,龍井區,0,0,,8,,,40,,,,,,,,,,,,,,,,,,,,B03,,,1,,2,,,17,,1,21,,B03,24.182471,120.587827,3
2018,9,20,20,39,臺中市,西屯區,0,1,0,8,3,5,50,4,1,1,5,4,5,7,2,1,10,5,5,2,16,26,3,10,1,1,B03,7,6,1,8,2,2,  ,26,26,1,21,8,B03,24.165706,120.643736,2
2018,9,20,20,45,臺中市,西區,0,1,0,8,1,5,50,3,1,1,5,4,5,7,4,4,3,5,5,2,16,9,3,10,1,1,B03,7,6,1,8,2,2,  ,9,9,1,5,8,B03,24.154983,120.658184,2
2018,9,20,20,46,臺中市,大甲區,0,0,0,8,3,5,40,11,5,1,5,4,5,7,4,4,8,1,5,1,16,6,3,10,1,1,B03,7,5,1,8,1,5,  ,6,6,1,9,1,B03,24.408808,120.638077,3
2018,9,20,21,9,臺中市,北區,0,0,0,8,,,50,,,,,,,,,,,,,,,23,  ,  ,  ,  ,C03,  ,  ,1,  ,2,  ,  ,23,23,1,22,  ,C03,24.1504,120.6776,3
2018,9,20,21,18,臺中市,龍井區,0,1,0,8,3,5,50,3,1,1,5,4,5,7,4,4,10,5,5,2,17,23,3,10,1,4,B03,7,5,1,8,2,1,  ,23,23,1,22,8,B03,24.190876,120.593216,2
2018,9,20,21,48,臺中市,太平區,0,2,0,8,3,5,50,4,1,1,5,4,5,7,2,1,10,5,5,2,13,23,2,9,1,1,C03,7,9,1,10,2,11,  ,23,23,1,18,8,C03,24.155941,120.733825,2
2018,9,20,21,58,臺中市,沙鹿區,0,0,,8,,,50,,,,,,,,,,,,,,,,,,,,B03,,,1,,2,,,23,,1,4,,B03,24.238518,120.564841,3
2018,9,20,22,2,臺中市,北屯區,0,1,0,8,3,5,40,14,9,1,5,4,5,7,4,4,10,5,5,1,18,42,2,9,1,1,C03,7,9,1,10,2,15,  ,42,42,1,18,5,C03,24.190215,120.74783,2
2018,9,20,22,45,臺中市,龍井區,0,0,,8,,,50,,,,,,,,,,,,,,,,,,,,B03,,,1,,2,,,23,,1,5,,B03,24.192871,120.563311,3
2018,9,20,23,2,臺中市,北屯區,0,1,0,8,3,5,50,4,1,1,5,4,5,7,1,1,10,5,5,2,16,6,3,10,1,1,B03,7,5,3,18,2,2,  ,6,6,1,9,8,B03,24.1769,120.6904,2
2018,9,20,23,7,臺中市,北區,0,1,0,8,3,5,50,4,1,1,5,4,5,7,1,1,10,5,5,2,16,26,3,10,1,1,B03,7,6,1,8,2,1,  ,26,26,1,22,8,B03,24.151301,120.677221,2
2018,9,20,23,20,臺中市,龍井區,,,,8,,,40,,,,,,,,,,,,,,,,,,,,C03,,,1,,2,,,42,,1,22,,C03,24.183186,120.584602,3
2018,9,20,23,20,臺中市,沙鹿區,0,1,0,8,3,5,50,14,7,1,5,4,5,7,4,4,9,5,4,2,12,10,3,10,1,1,B12,7,11,1,8,2,8,  ,10,10,1,4,8,B12,24.222921,120.577721,2
2018,9,20,23,59,臺中市,潭子區,0,1,0,8,3,5,40,4,1,1,5,4,5,7,3,1,5,4,5,1,15,6,2,9,1,1,C03,7,9,1,10,2,11,  ,6,6,1,22,8,C03,24.204428,120.716354,2
2018,9,21,0,12,臺中市,北屯區,0,0,,8,,,50,,,,,,,,,,,,,,,,,,,,B03,,,1,,2,,,17,,1,21,,B03,24.182043,120.688205,3
2018,9,21,0,15,臺中市,烏日區,0,2,0,8,3,5,50,11,9,1,5,4,5,7,4,4,1,5,5,2,16,23,2,7,1,1,B03,7,9,1,8,2,1,  ,23,23,1,21,8,B03,24.114023,120.614398,2
2018,9,21,4,8,臺中市,北屯區,0,0,0,8,,,50,,,,,,,,,,,,,,,23,  ,  ,  ,  ,B03,  ,  ,1,  ,9,  ,  ,23,23,2,22,  ,B03,24.162901,120.691586,3
2018,9,21,5,9,臺中市,北屯區,0,1,0,8,2,5,50,4,1,1,5,4,5,7,3,1,10,5,5,2,15,6,2,9,1,1,C03,7,9,4,8,2,14,  ,6,6,1,21,5,C03,24.168317,120.687153,2
2018,9,21,6,15,臺中市,烏日區,0,1,0,8,1,5,50,14,9,1,5,4,5,7,4,4,5,5,5,1,16,23,3,10,1,1,B03,7,9,1,8,2,2,  ,23,23,1,21,8,B03,24.110211,120.60754,2
2018,9,21,6,18,臺中市,東區,0,1,0,8,1,5,50,3,1,1,5,4,5,7,4,4,5,4,4,2,16,6,3,10,1,1,B03,7,11,1,8,2,4,  ,6,6,1,21,8,B03,24.132032,120.70115,2
2018,9,21,6,20,臺中市,大雅區,0,2,0,8,1,5,50,4,1,1,5,4,5,7,2,1,3,4,4,1,16,25,2,9,1,1,C03,7,5,1,10,2,11,  ,25,25,1,22,9,C03,24.241183,120.629907,2
2018,9,21,6,21,臺中市,沙鹿區,0,2,0,8,1,5,40,3,2,1,5,4,5,2,4,4,10,5,5,2,16,43,2,9,1,1,C03,7,5,1,10,2,14,  ,43,43,1,9,9,C03,24.251225,120.570075,2
2018,9,21,6,40,臺中市,外埔區,0,0,,8,,,50,,,,,,,,,,,,,,,17,,,,,B03,,,1,,2,,,43,17,1,3,,B03,24.330586,120.654621,3
2018,9,21,6,45,臺中市,南屯區,0,1,0,8,1,5,50,3,1,1,5,4,5,7,4,4,5,4,5,2,16,26,3,10,3,4,B03,7,5,6,8,2,6,  ,26,26,1,22,9,B03,24.138505,120.631328,2
2018,9,21,6,46,臺中市,潭子區,0,0,,8,,,50,,,,,,,,,,,,,,,,,,,,B03,,,1,,2,,,23,,1,22,,B03,24.194415,120.70237,3
2018,9,21,6,50,臺中市,中區,0,2,0,8,1,5,50,4,1,1,5,4,5,7,1,1,10,5,5,2,12,7,3,10,1,1,A04,7,8,1,2,2,2,  ,7,7,1,10,8,A04,24.137638,120.68495,2
2018,9,21,6,59,臺中市,大安區,0,1,0,8,1,5,60,3,1,1,5,4,5,7,4,4,10,5,5,1,13,23,2,9,1,1,C03,7,9,1,10,2,11,  ,23,23,1,9,8,C03,24.359158,120.604833,2
2018,9,21,7,11,臺中市,石岡區,0,0,,8,,,70,,,,,,,,,,,,,,,,,,,,B12,,,1,,2,,,12,,1,22,,B12,24.266424,120.803256,4
2018,9,21,7,15,臺中市,大里區,0,2,0,8,1,5,50,14,22,1,5,4,5,7,4,4,10,5,5,2,16,6,3,10,1,1,B03,7,5,1,8,2,2,  ,6,6,1,5,1,B03,24.110438,120.686761,2
2018,9,21,7,19,臺中市,大甲區,0,0,0,,,,,,,,,,,,,,,,,,,42,  ,  ,  ,  ,B03,  ,  ,1,  ,2,  ,  ,42,42,1,22,  ,B03,24.362027,120.636054,3
2018,9,21,7,20,臺中市,西屯區,0,1,0,8,1,5,50,14,9,1,5,4,5,7,3,1,10,5,5,2,16,6,3,10,1,1,B12,7,5,1,8,2,6,  ,6,6,1,22,9,B12,24.185443,120.60359,2
2018,9,21,7,22,臺中市,太平區,0,0,,8,,,50,,,,,,,,,,,,,,,43,,,,,B03,,,1,,2,,,23,43,1,21,,B03,24.149964,120.72234,3
2018,9,21,7,23,臺中市,清水區,0,0,,8,,,70,,,,,,,,,,,,,,,,,,,,B03,,,1,,2,,,23,,1,21,,B03,24.304236,120.595358,3
2018,9,21,7,25,臺中市,神岡區,0,1,0,8,1,5,40,4,2,1,5,4,5,7,3,1,5,5,5,1,3,26,3,10,1,1,B03,7,5,1,7,2,3,  ,26,26,1,22,9,B03,24.258561,120.653263,2
2018,9,21,7,25,臺中市,大雅區,0,1,0,8,1,5,25,14,9,1,5,4,5,7,4,4,5,5,5,2,17,4,2,7,4,5,F01,7,9,8,20,2,16,  ,4,4,1,21,8,F01,24.239806,120.627666,2
2018,9,21,7,25,臺中市,大雅區,0,0,,8,,,40,,,,,,,,,,,,,,,,,,,,C03,,,1,,2,,,23,,1,22,,C03,24.23021,120.62587,3
2018,9,21,7,27,臺中市,西屯區,0,1,0,8,1,5,40,4,1,1,5,4,5,7,4,4,5,5,5,2,15,6,2,9,1,1,C03,7,9,1,10,2,11,  ,6,6,1,22,8,C03,24.182829,120.646297,2
2018,9,21,7,29,臺中市,西屯區,0,0,,8,,,40,,,,,,,,,,,,,,,,,,,,B03,,,1,,2,,,23,,1,22,,B03,24.195228,120.643899,3
2018,9,21,7,30,臺中市,北屯區,0,1,0,8,1,5,50,4,18,1,5,4,5,7,1,1,10,5,5,2,3,23,3,10,1,1,B03,7,5,1,8,2,1,  ,23,23,1,22,8,B03,24.168375,120.685187,2
2018,9,21,7,30,臺中市,太平區,0,0,,8,,,50,,,,,,,,,,,,,,,,,,,,B03,,,1,,2,,,38,,1,21,,B03,24.1187,120.714986,3
2018,9,21,7,32,臺中市,西屯區,0,1,0,8,1,5,50,4,1,1,5,4,5,7,1,1,5,5,5,2,16,25,3,10,1,1,C03,7,9,1,10,2,11,  ,25,25,1,21,8,C03,24.174753,120.647281,2
2018,9,21,7,33,臺中市,北屯區,0,0,,8,,,50,,,,,,,,,,,,,,,,,,,,C03,,,1,,11,,,6,,2,5,,C03,24.182264,120.717781,3
2018,9,21,7,35,臺中市,南區,0,1,0,8,1,5,50,14,9,1,5,4,5,7,4,4,9,4,5,2,16,19,3,10,1,1,B03,7,1,1,8,2,8,  ,19,19,1,22,9,B03,24.117096,120.66069,2
2018,9,21,7,35,臺中市,北屯區,0,2,0,8,1,5,50,14,9,1,5,4,5,7,4,4,9,5,5,2,16,4,2,9,1,1,C03,7,9,1,10,2,12,  ,4,4,1,5,8,C03,24.159944,120.717231,2
2018,9,21,7,45,臺中市,西屯區,0,1,0,8,1,5,50,4,1,1,5,4,5,7,1,1,9,4,4,2,11,6,3,10,1,1,B03,7,5,1,8,2,1,  ,6,6,1,21,8,B03,24.17583,120.63749,2
2018,9,21,7,48,臺中市,南屯區,0,0,,8,,,50,,,,,,,,,,,,,,,,,,,,B03,,,1,,2,,,23,,1,5,,B03,24.149422,120.643816,3
2018,9,21,7,50,臺中市,沙鹿區,0,0,,8,,,40,,,,,,,,,,,,,,,,,,,,B03,,,1,,2,,,18,,1,5,,B03,24.233965,120.559681,3
2018,9,21,7,51,臺中市,大甲區,0,1,0,8,1,5,50,4,1,1,5,4,5,7,1,1,10,5,5,2,13,23,3,10,1,1,B03,7,6,1,8,2,5,  ,23,23,1,9,8,B03,24.404739,120.652427,2
2018,9,21,7,54,臺中市,烏日區,0,0,,8,,,30,,,,,,,,,,,,,,,16,,,,,B03,,,1,,2,,,10,16,1,22,,B03,24.110478,120.611153,3
2018,9,21,7,59,臺中市,南屯區,0,0,,8,,,50,,,,,,,,,,,,,,,,,,,,B12,,,1,,2,,,16,,1,5,,B12,24.145325,120.620408,3
2018,9,21,8,0,臺中市,南區,0,1,0,8,1,5,50,14,7,1,5,4,5,7,4,4,1,4,4,2,13,23,2,9,1,1,C03,7,9,1,10,2,11,  ,23,23,1,22,8,C03,24.116818,120.657098,2
2018,9,21,8,0,臺中市,大里區,0,1,0,8,1,5,40,3,2,1,5,4,5,7,3,1,1,4,5,1,17,30,3,10,3,4,B12,7,21,1,8,2,15,  ,30,30,1,11,3,B12,24.117076,120.700166,2
2018,9,21,8,2,臺中市,太平區,0,1,0,8,1,5,40,14,9,1,5,4,5,7,4,4,10,5,5,2,1,60,3,10,4,5,H03,8,20,8,20,2,16,  ,60,60,1,5,5,H03,24.125337,120.725234,2
2018,9,21,8,5,臺中市,南屯區,0,2,0,8,1,5,50,14,7,1,5,4,5,7,4,4,10,5,5,2,13,16,3,10,3,4,B03,7,9,1,8,2,1,  ,16,16,1,12,8,B03,24.140456,120.648814,2
2018,9,21,8,16,臺中市,大雅區,0,1,0,8,1,5,50,4,1,1,5,4,5,7,1,1,9,4,4,2,17,25,3,10,1,1,B03,7,5,1,8,2,1,  ,23,25,1,12,9,B03,24.23263,120.66231,2
2018,9,21,8,17,臺中市,西屯區,0,2,0,8,1,5,50,14,9,1,5,4,5,7,4,4,5,4,5,2,2,23,2,9,1,1,C03,7,9,4,8,2,11,  ,23,23,1,22,9,C03,24.18369,120.616785,2
2018,9,21,8,18,臺中市,霧峰區,0,0,,8,,,20-,,,,,,,,,,,,,,,,,,,,C03,,,1,,2,,,10,,1,18,,C03,24.073812,120.715182,3
2018,9,21,8,20,臺中市,西區,0,2,0,8,1,5,50,4,1,1,5,4,5,7,1,1,10,5,5,2,17,10,2,9,1,1,C03,7,11,4,11,2,12,  ,10,10,1,20,8,C03,24.133106,120.666702,2
2018,9,21,8,20,臺中市,西屯區,0,2,0,8,1,5,30,3,1,1,5,4,1,7,1,1,5,5,5,2,15,43,2,7,1,1,C03,7,9,1,10,2,11,  ,43,43,1,22,8,C03,24.17056,120.610793,2
2018,9,21,8,20,臺中市,烏日區,0,0,0,8,,,50,,,,,,,,,,,,,,,16,  ,  ,  ,  ,B12,  ,  ,1,  ,2,  ,  ,16,16,1,22,  ,B12,24.106625,120.621271,3
2018,9,21,8,22,臺中市,北屯區,0,0,,8,,,50,,,,,,,,,,,,,,,,,,,,B03,,,1,,2,,,19,,1,22,,B03,24.174751,120.683653,3
2018,9,21,8,24,臺中市,南屯區,0,1,0,8,1,5,50,3,1,1,5,4,5,7,4,4,10,5,5,2,16,6,3,10,1,1,B03,7,5,1,8,2,1,  ,6,6,1,5,8,B03,24.152479,120.616298,2
2018,9,21,8,25,臺中市,西屯區,0,0,,8,,,40,,,,,,,,,,,,,,,,,,,,B03,,,1,,2,,,12,,1,22,,B03,24.174735,120.61096,3
2018,9,21,8,26,臺中市,梧棲區,0,1,0,8,1,5,50,14,9,1,5,4,5,7,4,4,5,5,5,1,17,40,3,10,1,1,B03,7,15,1,8,2,4,  ,40,40,1,21,8,B03,24.247949,120.538357,2
2018,9,21,8,28,臺中市,大甲區,0,1,0,8,1,5,40,14,9,1,5,4,5,7,4,4,10,5,5,1,13,23,2,9,1,1,C03,7,9,1,10,2,11,  ,23,23,1,19,8,C03,24.357241,120.638229,2
2018,9,21,8,30,臺中市,大里區,0,2,0,8,1,5,50,4,1,1,5,4,5,7,4,4,10,5,5,2,15,6,2,9,1,1,C03,7,9,1,10,2,11,  ,6,6,1,5,1,C03,24.110753,120.676301,2
2018,9,21,8,34,臺中市,南區,0,0,,8,,,40,,,,,,,,,,,,,,,,,,,,B03,,,1,,2,,,23,,1,19,,B03,24.123582,120.665514,3
2018,9,21,8,35,臺中市,大甲區,0,0,0,,,,,,,,,,,,,,,,,,,6,  ,  ,  ,  ,B03,  ,  ,1,  ,2,  ,  ,6,6,1,19,  ,B03,24.367886,120.617447,3
2018,9,21,8,36,臺中市,西區,0,1,0,8,1,5,50,14,8,1,5,4,5,7,4,4,1,2,1,2,13,23,2,9,1,1,C03,7,9,1,10,2,11,  ,23,23,1,22,1,C03,24.155474,120.662692,2
2018,9,21,8,42,臺中市,西屯區,0,1,0,8,1,5,40,14,8,1,5,4,5,7,4,4,1,4,4,2,13,16,2,9,3,4,C02,7,9,1,9,2,11,  ,16,16,1,22,9,C02,24.208266,120.651268,2
2018,9,21,8,46,臺中市,西區,0,0,0,8,,,0,,,,,,,,,,,,,,,,3,  ,  ,  ,C03,  ,  ,1,  ,2,  ,  ,43,  ,  ,21,  ,C03,24.139038,120.663158,3
2018,9,21,8,48,臺中市,西區,0,2,0,8,1,5,50,4,1,1,5,4,5,7,4,4,10,5,5,2,15,6,2,9,1,1,C03,7,9,1,10,2,11,  ,6,6,1,21,8,C03,24.157019,120.662365,2
2018,9,21,8,49,臺中市,西屯區,0,1,0,8,1,5,50,4,1,1,5,4,5,7,1,1,5,5,5,2,16,6,3,10,1,1,B12,7,5,1,8,2,5,  ,6,6,1,21,8,B12,24.176063,120.636205,2
2018,9,21,8,56,臺中市,太平區,0,1,0,8,1,5,50,14,9,1,5,4,5,7,4,4,5,5,5,1,16,26,3,10,1,1,B03,7,11,1,8,2,4,  ,26,26,1,19,7,B03,24.133611,120.719169,2
2018,9,21,8,58,臺中市,北屯區,0,0,,8,,,50,,,,,,,,,,,,,,,,,,,,B03,,,1,,2,,,17,,1,19,,B03,24.171085,120.694205,3
2018,9,21,8,59,臺中市,清水區,0,0,,8,,,70,,,,,,,,,,,,,,,,,,,,A12,,,1,,2,,,23,,1,21,,A12,24.304443,120.591211,3
2018,9,21,9,20,臺中市,北屯區,0,1,0,8,1,5,50,14,9,1,5,4,5,7,4,4,1,4,5,2,17,42,3,10,1,1,B11,7,15,1,3,2,1,  ,42,42,1,10,1,B11,24.178251,120.686055,2
2018,9,21,9,26,臺中市,西區,0,1,0,8,1,5,50,4,1,1,5,4,5,7,1,1,10,5,5,2,15,25,3,10,1,1,B03,7,9,1,8,2,8,  ,25,25,1,21,8,B03,24.147581,120.652178,2
2018,9,21,9,36,臺中市,西屯區,0,0,,8,,,50,,,,,,,,,,,,,,,,,,,,B02,,,1,,2,,,23,,1,22,,B02,24.157157,120.657055,3
2018,9,21,9,42,臺中市,沙鹿區,0,1,0,8,1,5,40,4,1,1,5,4,5,7,1,1,10,5,5,2,17,19,2,9,1,1,C03,7,5,1,10,2,11,  ,26,19,1,21,8,C03,24.234833,120.558733,2
2018,9,21,9,45,臺中市,西屯區,0,0,,8,,,40,,,,,,,,,,,,,,,,,,,,B03,,,1,,2,,,17,,1,20,,B03,24.178162,120.662437,3
2018,9,21,9,50,臺中市,梧棲區,0,1,0,8,1,5,50,4,2,1,5,4,5,7,4,4,5,5,5,1,16,42,3,10,1,1,B12,7,6,1,8,2,2,  ,42,42,1,9,8,B12,24.226382,120.542441,2
2018,9,21,9,58,臺中市,西屯區,0,1,0,8,1,5,40,3,1,1,5,4,5,7,4,4,10,5,5,2,16,6,3,10,3,4,B02,7,6,1,8,2,5,  ,6,6,1,22,9,B02,24.199007,120.654708,2
2018,9,21,10,0,臺中市,西區,0,1,0,8,1,5,50,4,2,1,5,4,5,7,2,1,5,2,5,2,13,23,2,9,1,1,C01,7,9,1,9,2,11,  ,23,23,1,20,8,C01,24.141132,120.666808,2
2018,9,21,10,0,臺中市,北區,0,1,0,8,1,5,40,14,8,1,5,4,5,7,4,4,9,5,4,2,16,8,3,10,1,1,B03,7,5,1,8,2,5,  ,8,8,1,19,8,B03,24.153033,120.690055,2
2018,9,21,10,0,臺中市,沙鹿區,0,1,0,8,1,5,50,4,2,1,5,4,5,7,4,4,10,5,5,2,17,19,3,10,1,1,C03,7,1,1,10,2,13,  ,19,19,1,3,5,C03,24.229721,120.56945,2
2018,9,21,10,2,臺中市,南區,0,1,0,8,1,5,50,14,8,1,5,4,5,7,4,4,3,4,4,2,16,26,3,10,1,1,B03,7,1,1,8,2,8,  ,19,26,1,22,9,B03,24.111543,120.649856,2
2018,9,21,10,5,臺中市,北屯區,0,1,0,8,1,5,50,4,1,1,5,4,5,7,1,1,10,5,5,2,13,16,3,10,1,1,B03,7,9,1,8,2,1,  ,16,16,1,22,8,B03,24.191555,120.683452,2
2018,9,21,10,12,臺中市,西屯區,0,0,,8,,,50,,,,,,,,,,,,,,,,,,,,B03,,,1,,2,,,26,,1,  ,,B03,24.176063,120.636093,3
2018,9,21,10,12,臺中市,西屯區,0,0,0,8,,,40,,,,,,,,,,,,,,,17,  ,  ,  ,  ,B12,  ,  ,1,  ,2,  ,  ,17,17,1,22,  ,B12,24.180497,120.641832,3
2018,9,21,10,20,臺中市,南區,0,1,0,8,1,5,30,14,7,1,5,4,5,7,4,4,1,5,4,2,28,23,2,8,1,1,C03,7,9,1,10,2,11,  ,23,23,1,22,8,C03,24.119578,120.64855,2