年,月,日,時,分,縣市,區,死,受傷,2-30,天候,光線,道路類別,速限,道路型態,事故位置,路面鋪裝,路面狀態,路面缺陷,障礙物,視距,號誌種類,號誌動作,分向設施,快車道或一般車道間,快慢車道間,路面邊線,事故類型及型態,主要肇因,受傷程度,主要傷處,保護裝備,行動電話,當事者區分_類別,車輛用途,當事者行動狀態,駕駛資格情形,駕駛執照種類,飲酒情形,車輛撞擊部位最初,車輛撞擊部位其他,肇事因素個別,肇事因素主要,肇事逃逸,職業,旅次目的,車種,GPS座標_緯度,GPS座標_經度,事故類別
2018,9,21,10,20,臺中市,龍井區,0,0,,8,,,50,,,,,,,,,,,,,,,,,,,,A12,,,1,,2,,,6,,1,10,,A12,24.220918,120.51897,3
2018,9,21,10,22,臺中市,潭子區,0,0,,8,,,50,,,,,,,,,,,,,,,,,,,,B02,,,1,,2,,,23,,1,22,,B02,24.208378,120.673871,3
2018,9,21,10,30,臺中市,西區,0,0,0,8,1,5,50,14,9,1,5,4,,7,4,4,5,2,5,2,29,43,  ,  ,  ,  ,A12,  ,  ,1,  ,2,  ,  ,43,43,1,22,  ,A12,24.13932,120.663679,3
2018,9,21,10,32,臺中市,沙鹿區,0,2,0,8,1,5,50,14,9,1,5,4,5,7,4,4,5,5,5,2,12,17,3,10,1,1,B12,7,4,1,8,2,6,  ,17,17,1,21,8,B12,24.239992,120.561485,2
2018,9,21,10,35,臺中市,西屯區,0,1,0,8,1,5,50,4,1,1,5,4,5,7,1,1,10,5,5,2,16,6,3,10,1,1,B03,7,6,1,8,2,5,  ,6,6,1,22,8,B03,24.174626,120.637327,2
2018,9,21,10,35,臺中市,梧棲區,0,3,0,8,1,5,40,4,2,1,5,4,5,7,4,4,10,5,5,2,15,6,2,3,1,1,B03,7,9,1,8,2,1,  ,6,6,1,5,5,B03,24.255298,120.549621,2
2018,9,21,10,39,臺中市,西區,0,1,0,8,1,5,50,14,9,1,5,4,5,7,4,4,10,5,5,2,17,19,3,10,1,1,B03,7,1,1,8,2,8,  ,19,19,1,21,8,B03,24.136868,120.664028,2
2018,9,21,10,40,臺中市,南屯區,0,0,0,8,,,50,,,,,,,,,,,,,,,23,  ,  ,  ,  ,B02,  ,  ,1,8,2,  ,  ,23,23,1,12,  ,B02,24.15123,120.62733,3
2018,9,21,10,50,臺中市,北屯區,0,0,0,8,,,50,,,,,,,,,,,,,,,23,  ,  ,  ,  ,B03,  ,  ,1,  ,2,  ,  ,23,23,1,22,  ,B03,24.178173,120.686135,3
2018,9,21,10,50,臺中市,大里區,0,2,0,8,1,5,81,14,7,1,5,4,5,7,4,4,1,3,5,1,13,22,2,3,1,1,B03,7,9,1,8,2,5,  ,22,22,1,3,3,B03,24.109335,120.695458,2
2018,9,21,10,52,臺中市,南屯區,0,0,,8,,,50,,,,,,,,,,,,,,,44,,,,,B03,,,1,,2,,,9,44,1,5,,B03,24.140648,120.653146,3
2018,9,21,10,54,臺中市,北屯區,0,1,0,8,1,5,50,4,1,1,5,4,5,7,4,4,10,5,5,2,15,6,2,9,1,1,C03,7,9,4,8,2,11,  ,6,6,1,5,8,C03,24.181175,120.715482,2
2018,9,21,11,10,臺中市,太平區,0,0,,8,,,50,,,,,,,,,,,,,,,,,,,,B12,,,1,,2,,,1,,1,4,,B12,24.142692,120.711144,3
2018,9,21,11,13,臺中市,潭子區,0,0,,8,,,50,,,,,,,,,,,,,,,,,,,,B03,,,1,,2,,,12,,1,22,,B03,24.223245,120.692178,3
2018,9,21,11,17,臺中市,西屯區,0,0,,8,,,40,,,,,,,,,,,,,,,,,,,,A11,,,1,,2,,,23,,1,10,,A11,24.16816,120.61244,3
2018,9,21,11,17,臺中市,大里區,0,0,,8,,,50,,,,,,,,,,,,,,,,,,,,B03,,,1,,2,,,19,,1,22,,B03,24.094971,120.678378,3
2018,9,21,11,19,臺中市,西屯區,0,1,0,8,1,5,40,3,2,1,5,4,5,7,2,1,5,2,4,2,12,23,2,9,1,1,C03,7,9,1,10,2,14,12,23,23,1,18,8,C03,24.169443,120.642418,2
2018,9,21,11,30,臺中市,西區,0,0,0,8,1,5,50,3,1,1,5,4,5,7,4,4,10,5,5,2,16,42,  ,  ,  ,  ,B03,  ,  ,1,  ,2,  ,  ,42,42,1,20,  ,B03,24.147404,120.661825,3
2018,9,21,11,32,臺中市,后里區,0,1,0,8,1,5,50,4,1,1,5,4,5,7,3,1,5,5,5,2,12,8,3,10,1,1,C03,7,5,1,10,2,13,  ,8,8,1,20,5,C03,24.309016,120.726055,2
2018,9,21,11,43,臺中市,梧棲區,0,0,,,,,,,,,,,,,,,,,,,,,,,,,,,,,,,,,,,,,,,,,4
2018,9,21,11,49,臺中市,梧棲區,0,1,0,8,1,5,50,14,9,1,5,4,5,7,4,4,5,5,5,2,17,10,2,9,3,4,C03,7,9,1,10,2,11,  ,23,10,1,21,8,C03,24.251401,120.539205,2
2018,9,21,12,1,臺中市,北區,0,1,0,8,1,5,50,4,1,1,5,4,5,7,1,1,10,5,5,2,16,6,3,10,1,1,B03,7,6,1,8,2,2,  ,6,6,1,21,8,B03,24.157168,120.676563,2
2018,9,21,12,2,臺中市,西區,0,0,0,8,,,0,,,,,,,,,,,,,,,,3,  ,  ,  ,B03,  ,  ,1,  ,2,  ,  ,12,  ,  ,21,  ,B03,24.133963,120.662616,3
2018,9,21,12,10,臺中市,北區,0,1,0,8,1,5,50,3,1,1,5,4,5,7,1,1,10,5,5,2,16,7,3,10,1,1,B03,7,8,1,8,2,5,  ,7,7,1,19,9,B03,24.16713,120.677011,2
2018,9,21,12,10,臺中市,大雅區,0,0,,8,,,40,,,,,,,,,,,,,,,,,,,,B12,,,1,,2,,,5,,1,22,,B12,24.2089,120.63793,3
2018,9,21,12,19,臺中市,西屯區,0,0,,8,,,50,,,,,,,,,,,,,,,,,,,,B03,,,1,,2,,,16,,1,22,,B03,24.18701,120.620089,3
2018,9,21,12,19,臺中市,梧棲區,0,2,0,8,1,5,50,3,1,1,5,4,5,7,1,1,10,5,5,1,17,4,2,9,3,4,C03,7,9,1,10,2,12,  ,44,4,1,21,8,C03,24.260647,120.53168,2
2018,9,21,12,38,臺中市,北區,0,0,0,,,,,,,,,,,,,,,,,,,23,  ,  ,  ,  ,B12,  ,  ,1,  ,2,  ,  ,23,23,1,5,  ,B12,24.163385,120.685098,3
2018,9,21,12,39,臺中市,北屯區,0,1,0,8,1,5,50,4,1,1,5,4,5,7,1,1,10,5,5,2,16,25,2,9,1,1,C03,7,1,1,10,2,14,  ,25,25,1,5,8,C03,24.183888,120.664751,2
2018,9,21,12,40,臺中市,中區,0,0,,8,1,5,50,14,7,1,5,4,5,7,4,4,5,4,4,2,13,,,,,,C03,,,1,,2,,,23,,1,20,,C03,24.130662,120.668205,3
2018,9,21,12,40,臺中市,北區,0,3,0,8,1,5,50,4,1,1,5,4,5,7,1,1,10,5,5,2,16,6,2,8,1,1,C03,7,5,1,10,2,14,  ,6,6,1,19,5,C03,24.15914,120.679948,2
2018,9,21,12,43,臺中市,北區,0,0,0,8,,,50,,,,,,,,,,,,,,,12,  ,  ,  ,  ,B11,  ,  ,1,  ,2,  ,  ,12,12,1,  ,  ,B11,24.152372,120.68405,3
2018,9,21,12,50,臺中市,潭子區,0,0,,,,,,,,,,,,,,,,,,,,,,,,,A21,,,1,,11,,,67,,  ,  ,,A21,24.22983,120.71015,3
2018,9,21,12,56,臺中市,西屯區,0,2,0,8,1,5,40,4,1,1,5,4,5,7,4,4,10,5,5,2,15,6,2,9,1,1,C03,7,9,1,10,2,12,  ,6,6,1,22,8,C03,24.181676,120.643886,2
2018,9,21,13,2,臺中市,西區,0,0,0,8,,,50,,,,,,,,,,,,,,,42,3,  ,  ,  ,C04,  ,  ,1,  ,1,  ,  ,42,42,  ,5,  ,C04,24.147899,120.664101,3
2018,9,21,13,3,臺中市,西屯區,0,0,,8,,,40,,,,,,,,,,,,,,,,,,,,B03,,,1,,2,,,17,,1,22,,B03,24.192356,120.615199,3
2018,9,21,13,7,臺中市,北屯區,0,0,,8,,,50,,,,,,,,,,,,,,,,,,,,B03,,,1,,2,,,23,,1,5,,B03,24.17678,120.676796,3
2018,9,21,13,16,臺中市,西屯區,0,0,,8,,,50,,,,,,,,,,,,,,,,,,,,C03,,,1,,2,,,16,,1,22,,C03,24.163311,120.649932,3
2018,9,21,13,17,臺中市,北區,0,0,,8,,,50,,,,,,,,,,,,,,,,,,,,B03,,,1,,2,,,23,,1,4,,B03,24.160673,120.684991,3
2018,9,21,13,18,臺中市,北區,0,0,0,8,,,50,,,,,,,,,,,,,,,42,  ,  ,  ,  ,B03,  ,  ,1,  ,2,  ,  ,42,42,1,  ,  ,B03,24.162992,120.683805,3
2018,9,21,13,27,臺中市,西屯區,0,1,0,8,1,5,50,14,7,1,5,4,5,7,1,1,5,5,4,2,13,16,3,10,1,1,C03,7,9,1,10,2,11,  ,16,16,1,21,8,C03,24.204155,120.629174,2
2018,9,21,13,29,臺中市,烏日區,0,1,0,8,1,5,50,3,1,1,5,4,5,7,1,1,1,5,1,2,16,25,3,10,1,1,B03,7,5,1,8,2,5,  ,25,25,1,22,8,B03,24.115458,120.613343,2
2018,9,21,13,30,臺中市,西屯區,0,0,,8,,,50,,,,,,,,,,,,,,,,,,,,B02,,,1,,2,,,9,,1,21,,B02,24.171975,120.636972,3
2018,9,21,13,31,臺中市,西屯區,0,0,,8,,,40,,,,,,,,,,,,,,,,,,,,B03,,,1,,2,,,16,,1,22,,B03,24.182728,120.635571,3
2018,9,21,13,33,臺中市,西屯區,0,0,,8,,,40,,,,,,,,,,,,,,,,,,,,A12,,,1,,9,,,43,,1,22,,A12,24.176081,120.63547,3
2018,9,21,13,40,臺中市,西屯區,0,1,0,8,1,5,40,3,1,1,5,4,5,7,4,4,10,5,5,2,16,6,2,9,3,4,C03,7,5,1,10,2,11,12,6,6,1,22,9,C03,24.16931,120.648315,2
2018,9,21,13,40,臺中市,烏日區,0,1,0,8,1,5,50,3,2,1,5,4,5,7,4,4,10,5,5,2,16,6,3,10,3,4,B12,7,5,1,8,2,5,  ,6,6,1,21,8,B12,24.093035,120.64803,2
2018,9,21,13,46,臺中市,南區,0,2,0,8,1,5,50,3,1,1,5,4,5,7,4,4,10,5,5,2,16,8,3,10,1,1,B12,7,5,1,8,2,5,  ,8,8,1,22,9,B12,24.125965,120.665673,2
2018,9,21,13,48,臺中市,北屯區,0,1,0,8,1,5,50,4,2,1,5,4,5,7,4,4,5,5,4,2,17,44,3,10,1,1,B03,7,1,1,8,2,15,  ,44,44,1,22,8,B03,24.164912,120.69323,2
2018,9,21,13,49,臺中市,西區,0,0,0,8,,,0,,,,,,,,,,,,,,,,3,  ,  ,  ,B03,  ,  ,1,  ,2,  ,  ,44,  ,  ,21,  ,B03,24.14984,120.664298,3
2018,9,21,13,49,臺中市,南屯區,0,0,,8,,,50,,,,,,,,,,,,,,,,,,,,B03,,,1,,2,,,23,,1,22,,B03,24.146821,120.64772,3
2018,9,21,13,50,臺中市,烏日區,0,0,,8,,,50,,,,,,,,,,,,,,,,,,,,B03,,,1,,2,,,23,,1,22,,B03,24.103419,120.632612,3
2018,9,21,14,0,臺中市,南屯區,0,0,,8,,,50,,,,,,,,,,,,,,,,,,,,B12,,,1,,2,,,23,,1,  ,,B12,24.135705,120.636747,4
2018,9,21,14,4,臺中市,大雅區,0,0,,8,,,50,,,,,,,,,,,,,,,,,,,,C03,,,1,,2,,,23,,1,22,,C03,24.22106,120.6473,3
2018,9,21,14,5,臺中市,南屯區,0,0,,8,,,40,,,,,,,,,,,,,,,,,,,,B12,,,1,,2,,,12,,1,22,,B12,24.156585,120.652236,3
2018,9,21,14,10,臺中市,西區,0,0,,8,1,5,50,4,2,1,5,4,5,7,2,1,5,4,4,2,13,,,,,,B03,,,1,,2,,,23,,1,20,,B03,24.138412,120.657363,3
2018,9,21,14,10,臺中市,西區,0,0,,8,,,40,,,,,,,,,,,,,,,7,,,,,B03,,,1,,2,,,42,7,1,21,,B03,24.157959,120.657745,3
2018,9,21,14,10,臺中市,神岡區,0,0,0,8,,,40,,,,,,,,,,,,,,,8,  ,  ,  ,  ,B03,  ,  ,1,  ,2,  ,  ,8,8,1,9,  ,B03,24.259703,120.664803,3
2018,9,21,14,11,臺中市,南屯區,0,0,,8,,,40,,,,,,,,,,,,,,,,,,,,B03,,,1,,2,,,7,,1,  ,,B03,24.1132,120.649321,3
2018,9,21,14,15,臺中市,太平區,0,1,0,8,1,5,50,3,1,1,5,4,5,7,1,1,10,5,5,2,16,43,3,10,1,1,C03,7,5,1,10,2,11,  ,43,43,1,21,8,C03,24.119112,120.722743,2
2018,9,21,14,18,臺中市,西區,0,0,0,8,,,50,,,,,,,,,,,,,,,23,  ,  ,  ,  ,B03,  ,  ,1,  ,2,  ,  ,23,23,1,21,  ,B03,24.149103,120.674829,3
2018,9,21,14,18,臺中市,南區,0,0,0,8,,,50,,,,,,,,,,,,,,,42,3,  ,  ,  ,B03,  ,  ,1,  ,2,  ,  ,42,42,  ,9,  ,B03,24.12158,120.651866,3
2018,9,21,14,18,臺中市,北屯區,0,1,0,8,1,5,40,14,8,1,5,4,5,7,4,4,5,5,4,2,17,23,2,9,1,1,C03,7,9,1,10,2,11,  ,23,23,1,5,8,C03,24.167046,120.691874,2
2018,9,21,14,19,臺中市,潭子區,0,2,0,8,1,5,50,14,9,1,5,4,5,7,4,4,5,4,5,1,13,16,2,9,1,1,C03,7,9,1,10,2,11,  ,16,16,1,21,8,C03,24.198668,120.698918,2
2018,9,21,14,20,臺中市,南屯區,0,0,0,8,,,50,,,,,,,,,,,,,,,16,  ,  ,  ,  ,C03,  ,  ,1,9,2,  ,  ,16,16,1,12,  ,C03,24.129438,120.654543,3
2018,9,21,14,21,臺中市,沙鹿區,0,2,0,8,1,5,50,14,7,1,5,4,5,7,4,4,9,5,4,2,17,23,2,9,1,1,C03,7,9,1,10,2,12,  ,23,23,1,18,5,C03,24.225921,120.575719,2
2018,9,21,14,28,臺中市,西區,0,0,0,8,,,40,,,,,,,,,,,,,,,23,3,  ,  ,  ,B03,  ,  ,1,  ,2,  ,  ,23,23,  ,5,  ,B03,24.155136,120.658474,3
2018,9,21,14,28,臺中市,中區,0,0,,8,,,50,,,,,,,,,,,,,,,,,,,,B01,,,1,,2,,,42,,1,5,,B01,24.135806,120.682317,3
2018,9,21,14,28,臺中市,太平區,0,0,,8,,,40,,,,,,,,,,,,,,,,,,,,B03,,,1,,2,,,12,,1,5,,B03,24.126854,120.709133,3
2018,9,21,14,30,臺中市,沙鹿區,0,0,,,,,,,,,,,,,,,,,,,,,,,,,B03,,,1,,2,,,23,,1,  ,,B03,24.229613,120.573362,3
2018,9,21,14,35,臺中市,北屯區,0,0,0,8,,,50,,,,,,,,,,,,,,,23,  ,  ,  ,  ,B03,  ,  ,1,  ,2,  ,  ,23,23,1,5,  ,B03,24.184936,120.6597,3
2018,9,21,14,37,臺中市,西屯區,0,0,,8,,,40,,,,,,,,,,,,,,,,,,,,B12,,,1,,2,,,16,,1,22,,B12,24.159716,120.626887,3
2018,9,21,14,37,臺中市,大雅區,0,0,,8,,,50,,,,,,,,,,,,,,,,,,,,B03,,,1,,2,,,10,,1,21,,B03,24.214374,120.635068,3
2018,9,21,14,38,臺中市,西屯區,0,1,0,8,1,5,50,14,9,1,5,4,5,7,4,4,5,5,5,2,16,16,3,10,1,1,B03,7,9,1,8,2,8,  ,16,16,1,21,8,B03,24.167465,120.64985,2
2018,9,21,14,38,臺中市,西屯區,0,1,0,8,1,5,40,14,8,1,5,4,5,7,4,4,1,5,1,2,16,19,2,9,1,1,C03,7,1,1,10,2,14,  ,19,19,1,22,9,C03,24.158356,120.641065,2
2018,9,21,14,45,臺中市,南屯區,0,0,,8,,,40,,,,,,,,,,,,,,,,,,,,C03,,,1,,2,,,42,,1,8,,C03,24.137743,120.612221,3
2018,9,21,14,50,臺中市,大甲區,0,1,0,8,1,5,50,4,1,1,5,4,5,7,1,1,10,5,5,2,15,25,3,10,1,1,B03,7,9,1,8,2,2,  ,25,25,1,22,9,B03,24.347849,120.621504,2
2018,9,21,14,51,臺中市,北區,0,0,0,8,,,50,,,,,,,,,,,,,,,23,  ,  ,  ,  ,B03,  ,  ,1,  ,2,  ,  ,23,23,1,  ,  ,B03,24.146319,120.68386,3
2018,9,21,14,55,臺中市,太平區,0,0,,8,,,50,,,,,,,,,,,,,,,,,,,,B12,,,1,,11,,,42,,2,6,,B12,24.146302,120.702052,3
2018,9,21,15,1,臺中市,梧棲區,0,0,,8,,,50,,,,,,,,,,,,,,,,,,,,B12,,,1,,2,,,12,,  ,  ,,B12,24.257616,120.531749,4
2018,9,21,15,11,臺中市,南屯區,0,0,,8,,,50,,,,,,,,,,,,,,,,,,,,B03,,,1,,10,,,67,,1,  ,,B03,24.143243,120.630823,3
2018,9,21,15,11,臺中市,北屯區,0,0,,8,,,50,,,,,,,,,,,,,,,,,,,,B03,,,1,,2,,,23,,1,20,,B03,24.1741,120.6692,3
2018,9,21,15,12,臺中市,北區,0,0,0,8,,,50,,,,,,,,,,,,,,,23,  ,  ,  ,  ,B03,  ,  ,1,  ,2,  ,  ,23,23,1,22,  ,B03,24.1612,120.6749,3
2018,9,21,15,12,臺中市,太平區,,,,8,,,50,,,,,,,,,,,,,,,,,,,,B12,,,1,,2,,,23,,1,9,,B12,24.138602,120.710548,3
2018,9,21,15,13,臺中市,西區,0,1,0,8,1,5,50,4,1,1,5,4,5,7,4,4,10,5,5,2,15,6,3,10,1,1,B03,7,9,1,8,2,2,  ,6,6,1,21,8,B03,24.145591,120.663141,2
2018,9,21,15,15,臺中市,北屯區,0,0,,8,,,50,,,,,,,,,,,,,,,,,,,,B03,,,1,,2,,,23,,1,22,,B03,24.179046,120.68688,3
2018,9,21,15,19,臺中市,北屯區,0,2,0,8,1,5,50,14,8,1,5,4,5,7,4,4,5,5,4,2,16,26,2,9,1,1,C03,7,11,6,10,2,12,  ,26,26,1,5,8,C03,24.171658,120.694129,2
2018,9,21,15,20,臺中市,西區,0,1,0,8,1,5,50,3,2,1,5,4,5,7,4,4,5,5,4,2,16,26,3,10,1,1,B01,7,9,1,8,2,8,  ,44,26,1,10,8,B01,24.144121,120.655154,2
2018,9,21,15,24,臺中市,大雅區,0,0,,8,,,40,,,,,,,,,,,,,,,,,,,,B12,,,1,,2,,,19,,1,  ,,B12,24.221494,120.662918,3
2018,9,21,15,25,臺中市,北區,0,1,0,8,1,5,50,3,1,1,5,4,5,7,4,4,10,5,5,2,13,23,2,9,1,1,C03,7,9,1,10,2,11,  ,23,23,1,21,8,C03,24.154888,120.698246,2
2018,9,21,15,28,臺中市,東區,0,0,0,8,,,50,,,,,,,,,,,,,,,,  ,  ,  ,  ,B01,  ,  ,1,  ,2,  ,  ,23,  ,1,21,  ,B01,24.145501,120.709281,3
2018,9,21,15,37,臺中市,西屯區,0,1,0,8,1,5,50,4,1,1,5,4,5,7,2,1,10,5,5,2,16,6,3,10,1,1,C03,7,5,1,10,2,13,  ,6,6,1,22,8,C03,24.166522,120.652486,2
2018,9,21,15,39,臺中市,西屯區,0,1,0,8,1,5,50,4,1,1,5,4,5,7,3,1,10,5,5,2,15,6,2,9,1,1,C03,7,9,1,10,2,12,  ,6,6,1,21,8,C03,24.175978,120.625231,2
2018,9,21,15,40,臺中市,西屯區,0,1,0,8,1,5,50,14,8,1,5,4,5,7,4,4,5,5,4,2,16,7,3,10,1,1,B12,7,8,1,8,2,6,  ,7,7,1,4,8,B12,24.182739,120.629786,2
2018,9,21,15,42,臺中市,西屯區,0,1,0,8,1,5,40,3,1,1,5,4,5,7,2,1,10,5,5,2,16,6,3,10,1,1,B03,7,6,1,8,2,5,  ,6,6,1,21,8,B03,24.182843,120.615365,2
2018,9,21,15,45,臺中市,北區,0,2,0,8,1,5,50,3,1,1,5,4,5,7,4,4,10,5,5,2,16,6,2,8,1,1,C03,7,5,1,1,2,11,  ,6,6,1,22,8,C03,24.1615,120.6844,2
2018,9,21,15,45,臺中市,南區,0,2,0,8,1,5,50,14,8,1,5,4,5,7,4,4,1,4,4,2,12,7,3,10,1,1,B03,7,8,1,8,2,6,  ,7,7,1,22,8,B03,24.127545,120.65871,2
2018,9,21,15,50,臺中市,南屯區,,,,8,,,50,,,,,,,,,,,,,,,,,,,,B03,,,1,,2,,,9,,2,22,,B03,24.133244,120.64992,3
2018,9,21,15,50,臺中市,北屯區,0,1,0,8,1,5,50,3,1,1,5,4,5,7,1,1,10,5,5,2,16,6,3,10,1,1,B03,7,5,1,8,2,2,  ,6,6,1,9,8,B03,24.1668,120.6955,2
2018,9,21,16,0,臺中市,東區,0,1,0,8,2,5,50,4,2,1,5,4,5,7,1,1,5,4,5,2,17,1,3,10,1,1,B03,7,4,1,8,2,2,  ,1,1,1,21,8,B03,24.145171,120.709373,2
2018,9,21,16,2,臺中市,太平區,0,0,0,8,,,50,,,,,,,,,,,,,,,9,  ,  ,  ,  ,B03,  ,  ,1,  ,2,  ,  ,9,9,1,21,  ,B03,24.133526,120.716174,3
2018,9,21,16,5,臺中市,大甲區,0,0,0,8,,,50,,,,,,,,,,,,,,,43,  ,  ,  ,  ,B03,  ,  ,1,  ,2,  ,  ,43,43,1,4,  ,B03,24.349173,120.626988,3
2018,9,21,16,10,臺中市,太平區,0,1,0,8,1,5,50,4,1,1,5,4,5,7,2,1,10,5,5,2,13,23,3,10,1,1,B03,7,9,1,8,2,5,  ,23,23,1,5,8,B03,24.148018,120.700553,2
2018,9,21,16,12,臺中市,太平區,0,2,0,8,1,5,40,3,2,1,5,4,5,7,4,4,10,5,5,2,12,17,3,10,1,1,B03,7,9,1,3,2,8,  ,17,17,1,21,8,B03,24.151428,120.705412,2
2018,9,21,16,25,臺中市,后里區,0,0,,8,,,50,,,,,,,,,,,,,,,,,,,,B03,,,1,,2,,,23,,1,  ,,B03,24.308618,120.708335,3
2018,9,21,16,32,臺中市,太平區,0,2,0,8,1,5,50,14,9,1,5,4,5,7,4,4,5,5,5,2,12,19,2,9,1,1,C03,7,1,1,10,2,14,  ,19,19,1,9,7,C03,24.142567,120.733259,2
2018,9,21,16,38,臺中市,豐原區,0,1,0,8,1,5,50,14,8,1,5,4,5,7,4,4,5,2,4,2,16,21,2,8,1,1,C03,7,9,1,10,6,12,  ,21,21,1,20,8,C03,24.252291,120.71412,2
2018,9,21,16,40,臺中市,西區,0,1,0,8,1,5,50,4,1,1,5,4,5,7,1,1,10,5,5,2,18,42,2,9,1,1,C03,7,9,1,10,2,12,  ,42,42,1,21,8,C03,24.152079,120.671611,2
2018,9,21,16,40,臺中市,大雅區,0,1,0,8,1,5,50,3,2,1,5,4,5,7,1,1,9,4,4,2,12,21,2,1,1,1,B03,7,9,1,8,8,1,  ,21,21,1,22,9,B03,24.2197,120.66843,2
2018,9,21,16,46,臺中市,北屯區,0,1,0,8,2,5,50,14,9,1,5,4,5,7,4,4,5,4,5,2,12,19,2,8,1,1,C03,7,1,1,10,2,11,  ,19,19,1,21,8,C03,24.171908,120.710776,2
2018,9,21,16,50,臺中市,西區,0,0,,8,,,50,,,,,,,,,,,,,,,,,,,,C03,,,1,,2,,,10,,1,5,,C03,24.153439,120.658469,3
2018,9,21,16,51,臺中市,西區,0,1,0,8,1,5,50,4,2,1,5,4,5,7,4,4,5,4,5,2,12,4,3,10,1,1,B03,7,11,1,8,2,7,  ,26,4,1,5,8,B03,24.146749,120.669249,2
2018,9,21,16,55,臺中市,神岡區,0,0,0,8,,,50,,,,,,,,,,,,,,,18,  ,  ,  ,  ,B12,  ,  ,1,  ,2,  ,  ,18,18,1,21,  ,B12,24.258211,120.663252,3
2018,9,21,17,0,臺中市,南屯區,0,0,,8,,,50,,,,,,,,,,,,,,,,,,,,A11,,,1,,2,,,23,,2,10,,A11,24.146147,120.634164,3
2018,9,21,17,1,臺中市,西屯區,0,1,0,8,2,5,35,14,9,1,5,4,5,7,4,4,10,5,5,1,17,23,2,8,1,1,C03,7,9,1,10,2,11,  ,23,23,1,18,8,C03,24.175226,120.633258,2
2018,9,21,17,1,臺中市,大雅區,0,2,0,8,1,5,50,4,1,1,5,4,5,7,1,1,1,4,4,1,16,25,3,10,1,1,B12,7,9,1,8,2,1,  ,25,25,1,22,8,B12,24.227208,120.644452,2
2018,9,21,17,4,臺中市,北屯區,0,0,,8,,,50,,,,,,,,,,,,,,,,,,,,B12,,,1,,2,,,10,,1,2,,B12,24.175,120.693,3
2018,9,21,17,4,臺中市,大里區,0,0,,,,,,,,,,,,,,,,,,,,,,,,,C03,,,1,,2,,,19,,1,21,,C03,,,3
2018,9,21,17,8,臺中市,西區,0,1,0,8,1,5,40,14,8,1,5,4,5,7,4,4,4,4,4,2,17,42,2,8,3,4,C03,7,15,1,10,2,11,  ,42,42,1,21,8,C03,24.132172,120.673265,2
2018,9,21,17,9,臺中市,沙鹿區,0,0,,8,,,50,,,,,,,,,,,,,,,,,,,,B03,,,1,,2,,,7,,1,20,,B03,24.240557,120.570389,3
2018,9,21,17,11,臺中市,西屯區,0,1,0,8,1,5,40,4,1,1,5,4,5,7,1,1,10,5,5,2,17,26,3,10,1,1,B03,7,7,1,8,2,1,  ,26,26,1,9,9,B03,24.169766,120.594921,2
2018,9,21,17,11,臺中市,太平區,0,1,0,8,1,5,40,3,1,1,5,4,5,7,4,4,10,5,5,2,17,19,2,9,1,1,C03,7,1,1,10,2,11,  ,19,19,1,21,8,C03,24.107538,120.718929,2
2018,9,21,17,14,臺中市,東區,0,0,0,8,,,50,,,,,,,,,,,,,,,,3,  ,  ,  ,B03,  ,  ,1,  ,2,  ,  ,23,  ,1,21,  ,B03,24.137693,120.70575,3
2018,9,21,17,14,臺中市,東區,0,1,0,8,2,5,50,3,1,1,5,4,5,7,4,4,10,5,5,2,17,6,3,10,1,1,B12,7,6,1,8,2,6,  ,6,6,1,21,8,B12,24.125147,120.700337,2
2018,9,21,17,18,臺中市,西區,0,2,0,8,1,5,50,14,9,1,5,4,5,7,4,4,5,4,5,2,16,26,3,10,1,1,B03,7,11,1,8,2,5,  ,26,26,1,21,8,B03,24.139669,120.661565,2
2018,9,21,17,18,臺中市,北區,0,0,0,8,,,50,,,,,,,,,,,,,,,9,3,  ,  ,  ,B03,  ,  ,1,  ,2,  ,  ,9,9,1,5,  ,B03,24.169338,120.674257,3
2018,9,21,17,19,臺中市,潭子區,0,0,,8,,,50,,,,,,,,,,,,,,,,,,,,C03,,,1,,2,,,6,,1,22,,C03,24.215601,120.705062,3
2018,9,21,17,20,臺中市,東區,0,1,0,8,2,5,50,4,1,1,5,4,5,7,4,4,10,5,5,2,17,6,3,10,1,1,B02,7,9,1,7,2,1,  ,6,6,1,21,8,B02,24.148008,120.707556,2
2018,9,21,17,25,臺中市,西區,0,0,0,8,,,50,,,,,,,,,,,,,,,16,3,  ,  ,  ,B03,  ,  ,1,  ,2,  ,  ,16,16,  ,5,  ,B03,24.159361,120.66102,3
2018,9,21,17,25,臺中市,北屯區,0,0,,8,,,50,,,,,,,,,,,,,,,,,,,,B03,,,1,,2,,,6,,1,4,,B03,24.17386,120.66893,3
2018,9,21,17,28,臺中市,沙鹿區,0,1,0,8,1,5,40,4,1,1,5,4,5,7,4,4,9,5,5,1,16,6,3,10,1,1,B03,7,9,1,8,2,1,  ,6,6,1,4,8,B03,24.242228,120.566122,2
2018,9,21,17,29,臺中市,清水區,0,0,,8,,,50,,,,,,,,,,,,,,,,,,,,B03,,,1,,2,,,18,,1,21,,B03,24.268107,120.573032,3
2018,9,21,17,30,臺中市,西區,0,1,0,8,2,5,50,4,1,1,5,4,5,7,1,1,10,5,5,2,13,16,2,9,1,1,C03,7,9,1,10,2,11,  ,16,16,1,5,5,C03,24.138777,120.675756,2