年,月,日,時,分,縣市,區,死,受傷,2-30,天候,光線,道路類別,速限,道路型態,事故位置,路面鋪裝,路面狀態,路面缺陷,障礙物,視距,號誌種類,號誌動作,分向設施,快車道或一般車道間,快慢車道間,路面邊線,事故類型及型態,主要肇因,受傷程度,主要傷處,保護裝備,行動電話,當事者區分_類別,車輛用途,當事者行動狀態,駕駛資格情形,駕駛執照種類,飲酒情形,車輛撞擊部位最初,車輛撞擊部位其他,肇事因素個別,肇事因素主要,肇事逃逸,職業,旅次目的,車種,GPS座標_緯度,GPS座標_經度,事故類別
2018,9,21,17,33,臺中市,大甲區,0,0,,8,,,70,,,,,,,,,,,,,,,,,,,,B03,,,1,,2,,,16,,1,4,,B03,24.383758,120.652446,3
2018,9,21,17,39,臺中市,梧棲區,0,1,0,8,1,5,50,14,9,1,5,4,4,7,4,4,5,4,5,2,9,60,3,10,4,5,H03,8,20,8,20,10,16,  ,60,60,1,9,1,H03,24.265273,120.535665,2
2018,9,21,17,40,臺中市,烏日區,0,0,,8,,,50,,,,,,,,,,,,,,,,,,,,B03,,,1,,2,,,16,,1,  ,,B03,24.15894,120.64845,3
2018,9,21,17,42,臺中市,南區,0,1,0,8,2,5,50,14,7,1,5,4,5,7,1,1,3,3,4,2,3,51,3,10,1,1,B03,7,5,1,8,2,5,  ,44,51,1,21,8,B03,24.118313,120.659086,2
2018,9,21,17,42,臺中市,南屯區,0,0,,,,,,,,,,,,,,,,,,,,,,,,,B03,,,1,,2,,,7,,1,  ,,B03,24.14942,120.623079,3
2018,9,21,17,44,臺中市,東區,0,2,0,8,2,5,50,4,1,1,5,4,5,7,1,1,10,5,5,2,17,6,2,9,1,1,C03,7,5,1,10,2,12,  ,6,6,1,21,8,C03,24.14049,120.704136,2
2018,9,21,17,45,臺中市,南區,0,0,0,8,,,40,,,,,,,,,,,,,,,23,3,  ,  ,  ,B03,  ,  ,1,  ,2,  ,  ,23,23,  ,20,  ,B03,24.118104,120.679683,3
2018,9,21,17,45,臺中市,大里區,0,1,0,8,1,5,50,14,18,1,5,4,5,7,4,4,10,5,5,2,3,15,3,10,1,1,C03,7,9,1,10,2,11,  ,15,15,1,5,8,C03,24.111734,120.694888,2
2018,9,21,17,49,臺中市,烏日區,0,0,,8,,,50,,,,,,,,,,,,,,,,,,,,B02,,,1,,2,,,9,,1,22,,B02,24.111122,120.620138,3
2018,9,21,17,50,臺中市,北區,0,0,0,8,,,50,,,,,,,,,,,,,,,25,  ,  ,  ,  ,B03,  ,  ,1,  ,2,  ,  ,25,25,1,  ,  ,B03,24.147276,120.686443,3
2018,9,21,17,50,臺中市,南屯區,,,,8,,,50,,,,,,,,,,,,,,,,,,,,B03,,,1,,2,,,23,,1,22,,B03,24.13205,120.645177,3
2018,9,21,17,54,臺中市,大雅區,0,0,,8,,,50,,,,,,,,,,,,,,,,,,,,C03,,,1,,2,,,23,,1,21,,C03,24.224589,120.65358,3
2018,9,21,18,0,臺中市,西屯區,0,0,0,8,,,40,,,,,,,,,,,,,,,23,  ,  ,  ,  ,B03,  ,  ,1,  ,2,  ,  ,23,23,1,  ,  ,B03,24.182691,120.635603,3
2018,9,21,18,3,臺中市,西屯區,0,0,,8,,,40,,,,,,,,,,,,,,,,,,,,B03,,,1,,2,,,17,,1,18,,B03,24.169578,120.594806,3
2018,9,21,18,5,臺中市,北屯區,0,0,0,8,3,5,40,14,6,1,5,4,5,7,4,4,10,5,5,2,16,6,3,10,3,4,B03,7,6,1,8,2,5,  ,6,6,1,21,8,B03,24.158958,120.648472,3
2018,9,21,18,6,臺中市,南屯區,0,0,,8,,,50,,,,,,,,,,,,,,,,,,,,B03,,,1,,2,,,23,,1,22,,B03,24.133412,120.641005,3
2018,9,21,18,17,臺中市,龍井區,0,0,,8,,,50,,,,,,,,,,,,,,,,,,,,B03,,,1,,2,,,16,,1,21,,B03,24.187793,120.573445,3
2018,9,21,18,20,臺中市,西區,0,3,0,8,3,5,50,3,1,1,5,4,5,7,4,4,10,5,5,2,17,16,2,9,1,1,C03,7,9,1,10,2,11,  ,16,16,1,5,5,C03,24.144368,120.666614,2
2018,9,21,18,24,臺中市,北區,0,1,0,8,3,5,40,14,8,1,5,4,5,7,4,4,1,4,4,2,13,16,3,10,1,1,C03,7,9,1,10,2,11,  ,16,16,1,22,8,C03,24.1463,120.6848,2
2018,9,21,18,25,臺中市,中區,0,1,0,8,3,5,50,4,1,1,5,4,5,7,1,1,10,5,5,2,13,23,2,9,3,4,C03,7,9,1,10,2,11,  ,23,23,1,21,8,C03,24.140972,120.678106,2
2018,9,21,18,25,臺中市,大雅區,0,0,,8,,,50,,,,,,,,,,,,,,,,,,,,B03,,,1,,2,,,1,,1,22,,B03,24.222595,120.649813,3
2018,9,21,18,27,臺中市,西區,0,0,0,8,,,50,,,,,,,,,,,,,,,42,3,  ,  ,  ,B03,  ,  ,1,  ,2,  ,  ,42,42,  ,5,  ,B03,24.146718,120.66204,3
2018,9,21,18,27,臺中市,霧峰區,0,0,,8,,,70,,,,,,,,,,,,,,,,,,,,B03,,,1,,2,,,23,,1,3,,B03,24.056725,120.686516,3
2018,9,21,18,29,臺中市,新社區,0,1,0,8,1,5,50,16,9,1,5,4,5,7,4,4,5,5,5,1,3,23,3,10,1,1,A05,7,9,1,1,2,8,  ,23,23,1,22,9,A05,24.205709,120.79434,2
2018,9,21,18,30,臺中市,北屯區,0,0,,8,,,50,,,,,,,,,,,,,,,,,,,,B12,,,1,,2,,,7,,1,4,,B12,24.161,120.6997,3
2018,9,21,18,30,臺中市,大甲區,0,1,0,8,2,5,50,5,1,1,5,4,5,7,1,1,10,5,5,2,16,43,3,10,1,1,F03,7,9,8,20,2,16,  ,43,43,1,4,8,F03,24.340913,120.62506,2
2018,9,21,18,30,臺中市,大安區,0,1,0,8,1,5,50,3,1,1,5,4,5,7,4,4,9,5,5,1,26,22,2,1,3,4,C03,7,9,1,10,2,11,  ,22,22,1,21,9,C03,24.350581,120.602853,2
2018,9,21,18,33,臺中市,大里區,0,0,,,,,,,,,,,,,,,,,,,,,,,,,   ,,,8,,11,,,67,,  ,  ,,   ,,,3
2018,9,21,18,35,臺中市,北區,0,0,0,8,,,50,,,,,,,,,,,,,,,23,  ,  ,  ,  ,B03,  ,  ,1,8,2,  ,  ,23,23,1,  ,  ,B03,24.152669,120.681111,3
2018,9,21,18,36,臺中市,東勢區,0,0,0,8,3,5,40,11,9,1,5,4,5,7,4,4,10,5,5,2,17,5,3,10,1,1,B03,7,9,1,8,2,7,  ,5,5,1,9,8,B03,24.250709,120.838511,3
2018,9,21,18,40,臺中市,北屯區,0,2,0,8,3,5,40,3,1,1,5,4,5,7,4,4,10,5,5,2,16,6,2,9,3,4,F01,7,5,8,20,2,16,  ,6,6,1,21,8,F01,24.175441,120.66853,2
2018,9,21,18,42,臺中市,西屯區,0,0,,8,,,80,,,,,,,,,,,,,,,,,,,,B03,,,1,,2,,,16,,1,22,,B03,24.182754,120.635724,3
2018,9,21,18,45,臺中市,北屯區,0,0,,8,,,40,,,,,,,,,,,,,,,,,,,,B03,,,1,,2,,,23,,1,4,,B03,24.17915,120.721315,3
2018,9,21,18,48,臺中市,南屯區,0,0,,8,,,50,,,,,,,,,,,,,,,,,,,,B03,,,1,,2,,,12,,1,  ,,B03,24.140626,120.654451,4
2018,9,21,18,50,臺中市,南屯區,0,1,0,8,3,5,50,4,1,1,5,4,5,7,2,1,10,5,5,1,15,6,2,9,1,1,C03,7,1,1,10,2,11,12,6,6,1,5,8,C03,24.137451,120.644269,2
2018,9,21,18,52,臺中市,南屯區,0,1,0,8,3,5,50,14,7,1,5,4,5,7,4,4,1,4,4,2,16,23,3,10,1,1,B03,7,1,1,8,2,5,  ,23,23,1,21,8,B03,24.151515,120.637966,2
2018,9,21,18,54,臺中市,東勢區,0,0,,8,,,50,,,,,,,,,,,,,,,12,,,,,B03,,,1,,1,,,67,12,  ,22,,B03,24.258035,120.830627,3
2018,9,21,18,59,臺中市,太平區,0,0,,8,,,50,,,,,,,,,,,,,,,,,,,,B03,,,1,,2,,,12,,1,5,,B03,24.132053,120.716662,3
2018,9,21,19,3,臺中市,北屯區,0,0,0,8,,,50,,,,,,,,,,,,,,,23,  ,  ,  ,  ,B03,  ,  ,1,  ,2,  ,  ,23,23,  ,21,  ,B03,24.169906,120.696591,3
2018,9,21,19,6,臺中市,中區,0,0,,,,,,,,,,,,,,,,,,,,,,,,,B03,,,1,,2,,,19,,1,5,,B03,24.13865,120.685926,3
2018,9,21,19,6,臺中市,北屯區,0,2,0,8,2,5,50,4,2,1,5,4,5,7,4,4,10,5,5,2,13,16,2,9,1,1,C03,7,9,1,10,2,11,  ,16,16,1,18,8,C03,24.1623,120.6931,2
2018,9,21,19,10,臺中市,中區,0,0,,8,,,50,,,,,,,,,,,,,,,,,,,,B03,,,1,,2,,,42,,1,5,,B03,24.13865,120.685926,3
2018,9,21,19,12,臺中市,北區,0,1,0,7,3,5,50,4,1,1,5,4,5,7,4,4,10,5,5,2,16,6,3,10,1,1,C03,7,5,1,10,2,12,  ,6,6,1,5,8,C03,24.153466,120.679139,2
2018,9,21,19,15,臺中市,南屯區,0,3,0,8,1,5,50,4,1,1,5,4,5,7,3,1,10,5,5,2,15,6,2,9,1,1,C03,7,9,1,10,2,11,  ,6,6,1,22,8,C03,24.142631,120.651319,2
2018,9,21,19,15,臺中市,西屯區,0,0,,8,,,50,,,,,,,,,,,,,,,,,,,,B03,,,1,,9,,,12,,2,2,,B03,24.159049,120.652111,3
2018,9,21,19,20,臺中市,大肚區,0,2,0,8,3,5,50,3,1,1,5,4,5,7,1,1,10,5,5,2,13,23,2,7,1,1,C03,7,14,1,10,2,13,  ,38,23,1,5,1,C03,24.146541,120.547142,2
2018,9,21,19,20,臺中市,潭子區,0,0,,8,,,40,,,,,,,,,,,,,,,,,,,,B03,,,1,,2,,,23,,1,22,,B03,24.219265,120.717905,3
2018,9,21,19,23,臺中市,烏日區,0,1,0,8,1,5,70,4,1,1,5,4,5,7,2,1,10,5,5,2,12,9,3,10,1,1,B03,7,6,1,8,2,6,  ,9,9,1,21,8,B03,24.106675,120.61426,2
2018,9,21,19,23,臺中市,沙鹿區,0,2,0,8,3,5,50,4,1,1,5,4,5,7,4,4,10,5,5,2,16,23,2,9,1,1,C03,7,9,1,10,2,12,  ,23,23,1,5,5,C03,24.201278,120.568336,2
2018,9,21,19,24,臺中市,南屯區,0,0,,8,,,40,,,,,,,,,,,,,,,,,,,,B03,,,1,,2,,,19,,1,  ,,B03,24.146615,120.633868,3
2018,9,21,19,35,臺中市,潭子區,0,1,0,8,3,5,50,3,2,1,5,4,3,5,4,4,10,5,5,2,16,19,3,10,4,1,F01,7,1,8,20,2,16,  ,19,19,1,22,8,F01,24.208478,120.706891,2
2018,9,21,19,36,臺中市,北屯區,0,1,0,8,3,5,50,14,8,1,5,4,5,7,4,4,1,3,5,2,17,40,3,10,3,1,B03,7,15,1,8,2,4,  ,40,40,1,21,8,B03,24.175193,120.730206,2
2018,9,21,19,39,臺中市,北區,0,1,0,8,3,5,50,14,7,1,5,4,5,7,4,4,1,4,4,2,13,23,3,10,1,1,B12,7,9,1,8,2,1,  ,23,23,1,21,8,B12,24.162633,120.673615,2
2018,9,21,19,51,臺中市,北區,0,2,0,8,3,5,40,14,8,1,5,4,5,7,4,4,1,4,4,2,17,23,2,9,1,1,C03,7,9,1,10,2,11,  ,23,23,1,22,8,C03,24.1552,120.6769,2
2018,9,21,19,53,臺中市,北屯區,0,0,,8,,,50,,,,,,,,,,,,,,,,,,,,B03,,,1,,2,,,42,,1,4,,B03,24.16706,120.724288,3
2018,9,21,19,54,臺中市,北區,0,2,0,8,3,5,50,14,9,1,5,4,5,7,4,4,5,4,5,2,17,23,2,9,1,1,C03,7,9,1,10,2,11,14,23,23,1,22,9,C03,24.16689,120.687889,2
2018,9,21,19,56,臺中市,西屯區,0,0,,8,,,50,,,,,,,,,,,,,,,,,,,,B03,,,1,,2,,,23,,1,4,,B03,24.173673,120.64717,3
2018,9,21,20,7,臺中市,北區,0,0,0,8,,,50,,,,,,,,,,,,,,,7,3,  ,  ,  ,B02,  ,  ,1,  ,2,  ,  ,7,7,1,5,  ,B02,24.171853,120.67174,3
2018,9,21,20,8,臺中市,西區,0,4,0,8,3,5,40,4,1,1,5,4,5,7,2,1,10,5,5,2,16,8,2,8,1,1,C03,7,5,1,10,2,11,  ,8,8,1,21,8,C03,24.157614,120.663884,2
2018,9,21,20,10,臺中市,北屯區,0,0,0,8,,,40,,,,,,,,,,,,,,,7,  ,  ,  ,  ,B03,  ,  ,1,  ,2,  ,  ,7,7,  ,21,  ,B03,24.188673,120.662526,3
2018,9,21,20,10,臺中市,西屯區,0,2,0,8,3,5,40,4,1,1,5,4,5,7,1,1,10,5,5,2,16,19,2,8,1,1,C03,7,1,1,10,2,12,  ,19,19,1,4,8,C03,24.170069,120.645694,2
2018,9,21,20,11,臺中市,西區,0,0,0,8,,,50,,,,,,,,,,,,,,,26,3,  ,  ,  ,C03,  ,  ,1,  ,2,  ,  ,44,26,  ,5,  ,C03,24.137942,120.679881,3
2018,9,21,20,17,臺中市,梧棲區,0,1,0,8,3,5,70,4,1,1,5,4,5,7,1,1,10,5,5,2,16,26,3,10,1,1,B03,7,6,1,8,2,5,  ,26,26,1,3,8,B03,24.244168,120.552615,2
2018,9,21,20,18,臺中市,北區,0,1,0,8,3,5,50,4,1,1,5,4,5,7,3,1,10,5,5,2,15,6,3,10,1,1,B03,7,9,1,8,2,5,  ,6,6,1,21,8,B03,24.159882,120.695941,2
2018,9,21,20,29,臺中市,西屯區,0,1,0,8,3,5,50,3,1,1,5,4,5,7,4,4,10,5,5,2,16,8,2,9,1,1,C03,7,5,1,10,2,11,  ,8,8,1,22,9,C03,24.170908,120.646968,2
2018,9,21,20,32,臺中市,神岡區,0,0,0,8,3,5,60,3,2,1,5,4,5,7,1,1,1,4,5,1,16,21,3,10,1,1,B03,7,1,1,8,8,5,  ,21,21,1,21,8,B03,24.246076,120.682502,3
2018,9,21,20,53,臺中市,北屯區,0,1,0,8,3,5,50,4,1,1,5,4,5,7,2,1,10,5,5,2,16,6,3,10,1,1,B03,7,6,1,8,2,2,  ,6,6,1,4,8,B03,24.169411,120.704943,2
2018,9,21,20,55,臺中市,沙鹿區,0,0,,8,,,40,,,,,,,,,,,,,,,,,,,,B03,,,1,,2,,,42,,1,4,,B03,24.219711,120.580995,3
2018,9,21,21,0,臺中市,南屯區,0,0,,8,,,40,,,,,,,,,,,,,,,,,,,,B12,,,1,,9,,,43,,1,  ,,B12,24.15374,120.639692,3
2018,9,21,21,12,臺中市,北屯區,0,1,0,8,3,5,50,14,9,1,5,4,5,7,4,4,1,4,5,2,13,23,3,10,1,1,B03,7,9,1,8,2,1,  ,23,23,1,4,8,B03,24.198541,120.686601,2
2018,9,21,21,12,臺中市,龍井區,,,,8,,,70,,,,,,,,,,,,,,,,,,,,B03,,,1,,2,,,23,,1,22,,B03,24.191613,120.579879,3
2018,9,21,21,23,臺中市,中區,0,0,0,8,,,50,,,,,,,,,,,,,,,23,3,  ,  ,  ,B03,  ,  ,1,  ,2,  ,  ,23,23,  ,5,  ,B03,24.139597,120.67966,3
2018,9,21,21,24,臺中市,龍井區,0,1,0,8,3,5,40,3,1,1,5,4,5,7,4,4,10,5,5,2,17,8,3,10,1,4,B12,7,5,1,8,2,8,  ,8,8,1,22,8,B12,24.180436,120.578096,2
2018,9,21,21,35,臺中市,西屯區,0,0,,8,,,60,,,,,,,,,,,,,,,,,,,,B03,,,1,,2,,,23,,1,  ,,B03,24.172163,120.6354,3
2018,9,21,21,37,臺中市,南屯區,0,0,0,8,,,40,,,,,,,,,,,,,,,,  ,  ,  ,  ,B03,  ,  ,1,  ,2,  ,  ,23,  ,1,21,  ,B03,24.120548,120.620654,3
2018,9,21,21,50,臺中市,西區,0,0,,8,,,50,,,,,,,,,,,,,,,,,,,,B03,,,1,,2,,,26,,1,21,,B03,24.142706,120.674156,3
2018,9,21,21,53,臺中市,太平區,0,0,,8,,,50,,,,,,,,,,,,,,,,,,,,   ,,,7,,11,,,43,,2,  ,,   ,24.114321,120.73267,3
2018,9,21,21,53,臺中市,沙鹿區,0,1,0,8,3,5,40,5,1,1,5,4,5,7,2,1,10,5,5,2,17,26,2,9,1,1,C03,7,5,1,10,2,13,  ,26,26,1,4,8,C03,24.237226,120.569717,2
2018,9,21,21,55,臺中市,北區,0,1,0,8,3,5,50,4,1,1,5,4,5,7,2,1,10,5,5,2,17,23,2,9,1,1,C03,7,9,1,10,2,11,  ,23,23,1,22,8,C03,24.1502,120.6761,2
2018,9,21,22,15,臺中市,潭子區,0,0,,8,3,5,60,14,8,1,5,4,5,7,4,4,3,4,4,1,14,,,,,,B03,,,1,,2,,,18,,1,22,,B03,24.211001,120.705443,3
2018,9,21,22,18,臺中市,西區,0,1,0,8,3,5,50,14,9,1,5,4,5,7,1,1,5,2,5,2,17,43,3,10,1,1,B03,7,9,1,8,2,5,  ,43,43,1,5,5,B03,24.131181,120.667931,2
2018,9,21,22,20,臺中市,沙鹿區,0,0,,8,,,50,,,,,,,,,,,,,,,,,,,,A41,,,1,,2,,,19,,1,10,,A41,24.202062,120.565778,3
2018,9,21,22,31,臺中市,西屯區,0,1,0,8,3,5,50,4,1,1,5,4,5,7,2,1,10,5,5,2,16,8,2,9,1,1,C03,7,5,1,10,2,14,  ,8,8,1,18,9,C03,24.186411,120.622036,2
2018,9,21,22,35,臺中市,北區,0,1,0,8,3,5,50,14,8,1,5,4,5,7,4,4,5,4,5,2,17,23,2,9,1,4,C03,7,9,1,10,2,11,  ,23,23,1,21,8,C03,24.151187,120.688144,2
2018,9,21,22,35,臺中市,東勢區,0,3,0,8,3,5,50,4,1,1,5,4,5,7,3,1,5,5,5,1,12,1,2,9,1,1,C03,7,4,1,10,2,12,  ,1,1,1,21,8,C03,24.244996,120.840621,2
2018,9,21,22,40,臺中市,南屯區,0,0,,8,,,40,,,,,,,,,,,,,,,,,,,,B03,,,1,,2,,,23,,1,  ,,B03,24.144161,120.637109,3
2018,9,21,22,41,臺中市,外埔區,0,0,0,8,3,3,,5,7,1,5,4,5,7,1,1,1,2,5,1,12,42,3,10,1,1,B03,7,9,1,7,2,5,  ,42,42,1,21,8,B03,24.337249,120.643154,3
2018,9,21,23,5,臺中市,梧棲區,0,2,0,8,3,5,50,4,1,1,5,4,5,7,2,1,10,5,5,2,3,23,2,9,1,1,C03,7,9,1,10,2,11,  ,23,23,1,12,8,C03,24.260194,120.532863,2
2018,9,21,23,6,臺中市,潭子區,0,1,0,8,3,5,50,4,1,1,5,4,5,7,3,1,10,5,5,2,15,6,2,9,1,1,C03,7,9,1,10,5,12,  ,6,6,1,22,8,C03,24.194203,120.696501,2
2018,9,21,23,10,臺中市,大雅區,0,1,0,8,4,5,50,4,1,1,5,4,5,7,4,4,10,5,5,1,15,6,2,9,1,1,C03,7,9,1,10,3,11,  ,6,6,1,22,9,C03,24.230319,120.665618,2
2018,9,21,23,15,臺中市,北屯區,0,1,0,8,3,5,40,3,1,1,5,4,5,7,4,4,10,5,5,2,16,6,3,10,3,4,B03,7,6,1,8,2,8,  ,6,6,1,21,8,B03,24.168186,120.70506,2
2018,9,22,1,9,臺中市,中區,0,0,,8,,,50,,,,,,,,,,,,,,,,,,,,B03,,,1,,2,,,6,,1,  ,,B03,24.141524,120.682137,3
2018,9,22,2,31,臺中市,神岡區,0,0,0,8,3,5,50,14,8,1,5,4,5,7,4,4,9,5,4,2,18,23,3,10,1,1,C03,7,9,1,10,7,11,  ,23,23,1,21,8,C03,24.263691,120.659822,3
2018,9,22,2,40,臺中市,大肚區,0,2,0,8,3,5,30,11,9,1,5,4,5,7,4,4,5,5,5,1,21,23,2,1,1,1,C03,7,6,2,18,2,11,  ,23,23,1,16,5,C03,24.150376,120.554767,2
2018,9,22,3,0,臺中市,北屯區,0,0,,8,,,50,,,,,,,,,,,,,,,,,,,,   ,,,7,,11,,,43,,1,  ,,   ,24.172531,120.683588,3
2018,9,22,4,25,臺中市,沙鹿區,0,1,0,8,3,5,50,4,1,1,5,4,5,7,4,4,10,5,5,2,15,6,3,10,1,1,B03,7,9,1,8,2,5,  ,6,6,1,21,8,B03,24.236831,120.558438,2
2018,9,22,5,29,臺中市,北屯區,0,1,0,8,2,5,50,4,1,1,5,4,5,7,1,1,10,5,5,2,16,25,3,10,1,1,B03,7,5,1,8,2,1,  ,25,25,1,21,5,B03,24.200876,120.686745,2
2018,9,22,5,30,臺中市,梧棲區,0,1,0,8,2,5,50,3,2,1,5,4,5,7,3,1,1,4,4,2,13,23,3,10,1,1,B03,7,9,1,8,8,5,  ,23,23,1,21,8,B03,24.258922,120.53605,2
2018,9,22,5,45,臺中市,大里區,0,0,,8,,,40,,,,,,,,,,,,,,,,,,,,B03,,,1,,2,,,7,,1,22,,B03,24.11045,120.69616,3
2018,9,22,7,20,臺中市,豐原區,0,1,0,8,1,5,50,15,9,1,5,4,5,7,4,4,5,4,5,1,17,6,3,10,1,1,B03,7,5,1,8,2,15,  ,6,6,1,21,8,B03,24.264165,120.754542,2
2018,9,22,7,37,臺中市,西屯區,0,1,0,8,1,5,40,3,2,1,5,4,5,7,1,1,10,5,4,2,18,43,2,9,1,1,C03,7,9,1,10,2,12,  ,43,43,1,21,8,C03,24.198398,120.65363,2
2018,9,22,7,50,臺中市,大肚區,0,2,0,8,1,5,40,3,2,1,5,4,5,7,4,4,10,5,5,2,18,23,2,9,1,1,C03,7,12,1,10,2,12,  ,23,23,1,19,8,C03,24.153035,120.532981,2
2018,9,22,7,55,臺中市,大肚區,0,2,0,8,1,5,50,14,9,1,5,4,5,7,4,4,5,4,5,1,11,4,2,7,4,1,F03,7,9,8,20,2,16,  ,4,4,1,22,8,F03,24.165452,120.8963,2
2018,9,22,8,4,臺中市,西屯區,0,0,,8,,,50,,,,,,,,,,,,,,,,,,,,B03,,,1,,2,,,23,,1,21,,B03,24.171933,120.662534,3
2018,9,22,8,30,臺中市,北區,0,2,0,8,1,5,50,4,2,1,5,4,5,7,1,1,5,4,4,2,17,25,2,9,1,1,C03,7,6,1,10,2,11,  ,25,25,1,21,8,C03,24.159258,120.67053,2
2018,9,22,8,42,臺中市,沙鹿區,0,0,,8,,,40,,,,,,,,,,,,,,,,,,,,C03,,,1,,9,,,23,,2,4,,C03,24.207248,120.568168,3
2018,9,22,8,45,臺中市,北區,0,0,,8,,,50,,,,,,,,,,,,,,,,,,,,B03,,,1,,2,,,6,,1,5,,B03,24.155274,120.667065,3
2018,9,22,8,49,臺中市,北屯區,0,1,0,8,1,5,15,12,9,1,5,4,5,7,4,4,5,5,5,1,11,26,3,10,1,1,B03,7,9,1,8,2,8,  ,26,26,1,5,8,B03,24.174202,120.780766,2
2018,9,22,8,54,臺中市,南屯區,0,3,0,8,1,5,50,3,1,1,5,4,5,7,4,4,10,5,5,2,13,13,2,9,1,4,C03,7,9,1,10,2,12,11,13,13,1,21,8,C03,24.137034,120.648261,2
2018,9,22,8,54,臺中市,潭子區,0,1,0,8,1,5,50,14,9,1,5,4,5,7,4,4,5,5,5,2,16,23,2,9,1,1,C03,7,9,1,10,2,14,  ,23,23,1,22,8,C03,24.197365,120.722935,2
2018,9,22,8,56,臺中市,北屯區,0,1,0,8,1,5,50,4,1,1,5,4,5,7,1,1,10,5,5,2,16,6,3,10,1,1,B03,7,5,1,8,2,5,  ,6,6,1,21,8,B03,24.176746,120.724689,2
2018,9,22,8,56,臺中市,北屯區,0,1,0,8,1,5,50,14,9,1,5,4,5,7,4,4,5,5,5,2,3,51,3,10,1,1,B03,7,9,1,8,2,8,  ,23,51,1,4,8,B03,24.18478,120.698313,2
2018,9,22,9,0,臺中市,沙鹿區,0,1,0,8,1,5,50,4,1,1,5,4,5,7,1,1,10,5,5,2,3,52,2,9,4,5,H01,8,16,8,20,10,16,  ,52,52,1,20,5,H01,24.23148,120.558665,2
2018,9,22,9,11,臺中市,西區,0,1,0,8,1,5,50,3,1,1,5,4,5,7,1,1,10,5,5,2,16,6,3,10,1,1,B12,7,6,1,3,2,2,  ,6,6,1,21,8,B12,24.155844,120.658926,2
2018,9,22,9,18,臺中市,潭子區,0,1,0,8,1,5,50,14,9,1,5,4,5,7,4,4,4,5,5,1,16,23,3,10,1,1,B03,7,9,1,8,2,5,  ,23,23,1,22,8,B03,24.220978,120.723921,2
2018,9,22,9,24,臺中市,西區,0,1,0,8,1,5,50,5,1,1,5,4,5,7,1,1,10,5,5,2,15,25,3,10,1,1,B03,7,9,1,8,2,8,  ,44,25,1,21,8,B03,24.129338,120.66694,2
2018,9,22,9,30,臺中市,烏日區,0,1,0,8,1,5,50,14,8,1,5,4,5,7,4,4,5,4,4,2,2,23,3,10,1,1,B03,7,9,1,8,2,2,  ,23,23,1,21,8,B03,24.106811,120.638488,2
2018,9,22,9,35,臺中市,大雅區,0,2,0,8,1,5,50,4,1,1,5,4,5,7,1,1,9,4,5,1,12,23,2,9,1,1,C03,7,9,1,10,2,11,  ,23,23,1,22,9,C03,24.23263,120.66231,2
2018,9,22,9,38,臺中市,西屯區,0,0,,8,,,50,,,,,,,,,,,,,,,,,,,,B03,,,1,,2,,,6,,1,22,,B03,24.180049,120.627369,3
2018,9,22,9,43,臺中市,西屯區,0,0,,8,,,50,,,,,,,,,,,,,,,,,,,,B03,,,1,,2,,,6,,1,22,,B03,24.171043,120.644061,3
2018,9,22,9,48,臺中市,西屯區,0,1,0,8,1,5,50,14,9,1,5,4,5,7,4,4,5,4,5,2,18,43,2,9,1,1,C04,7,9,1,10,2,14,  ,43,43,1,21,8,C04,24.165226,120.65317,2
2018,9,22,9,55,臺中市,龍井區,0,1,0,8,1,5,50,14,9,1,5,4,5,7,4,4,9,5,5,1,17,43,2,9,3,4,C03,7,9,1,10,2,12,  ,43,43,1,19,7,C03,24.185675,120.529138,2
2018,9,22,9,55,臺中市,清水區,0,1,0,8,1,5,50,5,1,1,5,4,5,7,1,1,1,4,4,1,17,25,3,10,1,1,A12,7,9,1,7,2,1,  ,25,25,1,21,8,A12,24.262476,120.541635,2
2018,9,22,10,0,臺中市,新社區,0,1,0,8,1,5,50,14,9,1,5,4,5,7,4,4,4,3,5,1,12,23,2,9,1,1,B03,7,9,1,8,2,1,  ,23,23,1,22,9,B03,24.210622,120.795821,2
2018,9,22,10,1,臺中市,沙鹿區,0,1,0,8,1,5,50,4,1,1,5,4,5,7,4,4,10,5,5,2,16,9,3,10,1,1,B03,7,6,1,8,2,8,  ,9,9,1,4,5,B03,24.232024,120.557399,2
2018,9,22,10,2,臺中市,西屯區,0,2,0,8,1,5,50,3,1,1,5,4,5,7,1,1,10,5,5,2,16,9,3,10,1,1,C03,7,6,1,10,2,12,  ,9,9,1,22,9,C03,24.196135,120.656146,2
2018,9,22,10,9,臺中市,豐原區,0,0,0,8,,,60,,,,,,,,,,,,,,,23,  ,  ,  ,  ,B03,  ,  ,1,  ,2,  ,  ,23,23,  ,  ,  ,B03,24.255038,120.704855,3
2018,9,22,10,10,臺中市,西區,0,1,0,8,1,5,50,4,1,1,5,4,5,7,2,1,10,5,5,2,13,23,3,10,1,1,B03,7,9,1,8,2,1,  ,23,23,1,20,8,B03,24.144329,120.665179,2
2018,9,22,10,10,臺中市,龍井區,0,0,,8,,,50,,,,,,,,,,,,,,,,,,,,C03,,,1,,9,,,23,,1,22,,C03,24.182613,120.584488,3
2018,9,22,10,10,臺中市,大甲區,0,0,,8,,,50,,,,,,,,,,,,,,,,,,,,B03,,,1,,2,,,12,,1,20,,B03,24.348593,120.619816,3