年,月,日,時,分,縣市,區,死,受傷,2-30,天候,光線,道路類別,速限,道路型態,事故位置,路面鋪裝,路面狀態,路面缺陷,障礙物,視距,號誌種類,號誌動作,分向設施,快車道或一般車道間,快慢車道間,路面邊線,事故類型及型態,主要肇因,受傷程度,主要傷處,保護裝備,行動電話,當事者區分_類別,車輛用途,當事者行動狀態,駕駛資格情形,駕駛執照種類,飲酒情形,車輛撞擊部位最初,車輛撞擊部位其他,肇事因素個別,肇事因素主要,肇事逃逸,職業,旅次目的,車種,GPS座標_緯度,GPS座標_經度,事故類別
2018,9,22,10,13,臺中市,沙鹿區,0,0,,8,,,50,,,,,,,,,,,,,,,,,,,,B03,,,1,,2,,,23,,  ,4,,B03,24.235917,120.561576,3
2018,9,22,10,21,臺中市,大甲區,0,1,0,8,1,5,50,4,2,1,5,4,5,7,1,1,5,2,5,1,17,42,2,8,1,1,C03,7,15,1,10,2,12,  ,42,42,1,4,8,C03,24.340155,120.625289,2
2018,9,22,10,23,臺中市,北屯區,0,1,0,8,1,5,50,4,1,1,5,4,5,7,1,1,10,5,5,2,15,25,3,10,1,1,B03,7,9,1,8,2,1,  ,25,25,1,21,1,B03,24.180406,120.683866,2
2018,9,22,10,27,臺中市,西屯區,0,0,0,8,,,40,,,,,,,,,,,,,,,23,  ,  ,  ,  ,B03,  ,  ,1,  ,2,  ,  ,23,23,1,21,  ,B03,24.166594,120.630448,3
2018,9,22,10,31,臺中市,北區,0,0,0,8,,,50,,,,,,,,,,,,,,,23,  ,  ,  ,  ,B03,  ,  ,1,  ,2,  ,  ,23,23,1,5,  ,B03,24.152442,120.682283,3
2018,9,22,10,32,臺中市,清水區,0,2,0,8,1,5,50,5,1,1,5,4,5,7,1,1,10,5,5,2,17,18,3,10,1,1,B03,7,3,1,8,2,2,  ,18,18,1,12,8,B03,24.275693,120.577286,2
2018,9,22,10,34,臺中市,北屯區,0,1,0,8,1,5,40,14,8,1,5,4,5,7,4,4,1,4,4,2,12,6,3,10,1,1,C03,7,9,1,10,2,12,  ,6,6,1,5,8,C03,24.163878,120.694196,2
2018,9,22,10,35,臺中市,西屯區,0,1,0,8,1,5,50,14,7,1,5,4,5,7,4,4,10,5,5,2,15,6,3,10,1,1,B03,7,1,1,8,2,8,  ,6,6,1,22,8,B03,24.185066,120.612591,2
2018,9,22,10,39,臺中市,梧棲區,0,0,,8,,,50,,,,,,,,,,,,,,,,,,,,B03,,,1,,2,,,10,,1,19,,B03,24.255447,120.531674,3
2018,9,22,10,40,臺中市,西屯區,0,0,,8,,,50,,,,,,,,,,,,,,,,,,,,B03,,,1,,2,,,42,,1,22,,B03,24.174801,120.589087,3
2018,9,22,10,41,臺中市,西區,0,0,0,8,1,5,50,,7,1,5,4,5,7,4,4,5,2,4,2,16,6,  ,  ,  ,  ,B03,  ,  ,1,  ,2,  ,  ,6,6,1,22,  ,B03,24.136783,120.65805,3
2018,9,22,10,43,臺中市,北屯區,0,0,,8,,,40,,,,,,,,,,,,,,,,,,,,B03,,,1,,2,,,23,,1,  ,,B03,24.164234,120.693704,3
2018,9,22,10,45,臺中市,神岡區,0,0,,8,,,50,,,,,,,,,,,,,,,,,,,,B12,,,1,,2,,,12,,1,9,,B12,24.257561,120.660695,3
2018,9,22,10,53,臺中市,北屯區,0,2,0,8,1,5,50,4,1,1,5,4,5,7,1,1,10,5,5,2,15,43,2,3,1,1,B03,7,9,1,8,2,5,  ,43,43,1,5,8,B03,24.183863,120.665048,2
2018,9,22,10,55,臺中市,太平區,0,1,0,8,1,5,50,3,1,1,5,4,5,7,2,1,10,5,5,2,16,6,3,10,1,1,B03,7,5,1,8,2,1,  ,6,6,1,4,8,B03,24.148154,120.702096,2
2018,9,22,10,55,臺中市,大肚區,0,1,0,8,1,5,40,4,1,1,5,4,5,7,4,4,10,5,5,2,16,6,3,10,1,1,C03,7,9,1,10,2,11,  ,6,6,1,22,8,C03,24.174468,120.578875,2
2018,9,22,10,56,臺中市,西屯區,0,2,0,8,1,5,50,4,1,1,5,4,5,7,1,1,10,5,5,2,17,6,3,10,1,1,B03,7,5,1,8,2,6,  ,6,6,1,22,8,B03,24.174471,120.64806,2
2018,9,22,11,4,臺中市,神岡區,0,1,0,8,1,5,40,3,1,1,5,4,5,7,4,4,5,5,5,2,16,6,3,10,1,1,B03,7,6,1,8,2,1,  ,6,6,1,3,8,B03,24.271105,120.658455,2
2018,9,22,11,8,臺中市,北區,0,1,0,8,1,5,40,14,8,1,5,4,5,7,4,4,1,4,4,2,17,40,3,10,1,1,B03,7,13,1,8,2,4,  ,40,40,1,2,8,B03,24.156581,120.685287,2
2018,9,22,11,14,臺中市,南屯區,0,0,,8,,,40,,,,,,,,,,,,,,,,,,,,B03,,,1,,2,,,6,,1,5,,B03,24.126135,120.630548,3
2018,9,22,11,14,臺中市,北屯區,0,0,0,8,,,50,,,,,,,,,,,,,,,16,  ,  ,  ,  ,C03,  ,  ,1,  ,2,  ,  ,23,16,1,22,  ,C03,24.180486,120.689361,3
2018,9,22,11,14,臺中市,太平區,0,0,,8,,,50,,,,,,,,,,,,,,,,,,,,C03,,,1,,2,,,23,,1,21,,C03,24.158228,120.712757,3
2018,9,22,11,15,臺中市,清水區,0,1,0,8,1,5,40,3,2,1,5,4,5,7,3,1,5,5,5,1,16,6,3,10,1,1,B03,7,5,1,8,2,5,  ,6,6,1,22,8,B03,24.258756,120.556323,2
2018,9,22,11,22,臺中市,北區,0,0,0,8,,,50,,,,,,,,,,,,,,,16,  ,  ,  ,  ,B03,  ,  ,1,  ,2,  ,  ,16,16,1,  ,  ,B03,24.149896,120.67577,3
2018,9,22,11,31,臺中市,西區,0,0,,8,,,50,,,,,,,,,,,,,,,,,,,,B03,,,1,,2,,,23,,1,21,,B03,24.155075,120.6584,4
2018,9,22,11,33,臺中市,西區,0,1,0,8,1,5,60,5,1,1,5,4,5,7,1,1,10,5,5,2,16,26,3,10,1,1,B03,7,6,1,8,2,6,  ,26,26,1,22,8,B03,24.151568,120.669548,2
2018,9,22,11,36,臺中市,龍井區,0,1,0,8,1,5,40,3,1,1,5,4,5,7,4,4,10,5,5,2,16,6,2,9,1,1,C03,7,6,1,10,2,14,  ,6,6,1,22,8,C03,24.18271,120.591398,2
2018,9,22,11,45,臺中市,后里區,0,0,0,8,1,5,50,3,2,1,5,4,5,7,1,1,1,4,4,1,13,23,3,10,1,1,B12,7,9,1,8,2,1,  ,23,23,1,21,8,B12,24.287423,120.72296,3
2018,9,22,11,46,臺中市,北屯區,0,2,0,8,1,5,40,14,8,1,5,4,5,7,4,4,1,4,4,2,17,44,2,9,1,1,C03,7,9,1,10,2,11,  ,23,44,1,18,8,C03,24.16421,120.713876,2
2018,9,22,11,50,臺中市,南屯區,0,2,0,8,1,5,50,14,9,1,5,4,5,7,4,4,5,4,5,2,12,17,3,10,1,1,B03,7,9,1,8,3,5,  ,17,17,1,5,8,B03,24.146828,120.636608,2
2018,9,22,11,52,臺中市,西屯區,0,1,0,8,2,5,40,3,1,1,5,4,5,7,4,4,10,5,5,2,14,12,3,10,1,1,B01,7,2,1,4,2,7,  ,12,12,1,22,8,B01,24.180973,120.624717,2
2018,9,22,11,52,臺中市,沙鹿區,0,0,,8,,,40,,,,,,,,,,,,,,,,,,,,B03,,,1,,2,,,12,,1,  ,,B03,24.236192,120.561939,3
2018,9,22,11,53,臺中市,西屯區,0,1,0,8,1,5,50,4,1,1,5,4,5,7,1,1,10,5,5,2,16,26,3,10,1,1,B03,7,6,1,8,2,5,  ,26,26,1,22,9,B03,24.200045,120.655533,2
2018,9,22,11,53,臺中市,太平區,0,0,,8,,,40,,,,,,,,,,,,,,,,,,,,B12,,,1,,2,,,42,,1,4,,B12,24.134818,120.709924,3
2018,9,22,11,54,臺中市,北區,0,0,,8,,,40,,,,,,,,,,,,,,,,,,,,B03,,,1,,2,,,23,,1,5,,B03,24.158296,120.676986,3
2018,9,22,11,55,臺中市,西屯區,0,0,,8,,,50,,,,,,,,,,,,,,,,,,,,B03,,,1,,2,,,23,,1,21,,B03,24.178191,120.667397,3
2018,9,22,11,55,臺中市,梧棲區,0,2,0,8,1,5,70,4,1,1,5,4,5,7,1,1,10,5,5,2,16,6,3,10,1,1,B03,7,5,1,8,1,2,  ,6,6,1,3,8,B03,24.221625,120.543333,2
2018,9,22,11,57,臺中市,北屯區,0,1,0,8,1,5,50,5,1,1,5,4,5,7,1,1,5,5,4,2,15,25,2,8,4,5,F01,7,9,8,20,2,16,  ,25,25,1,22,8,F01,24.176471,120.693507,2
2018,9,22,11,59,臺中市,豐原區,0,0,,8,,,50,,,,,,,,,,,,,,,,,,,,C03,,,1,,2,,,16,,  ,  ,,C03,24.25266,120.718794,3
2018,9,22,12,0,臺中市,沙鹿區,0,1,0,8,1,5,50,4,1,1,5,4,5,7,4,4,10,5,5,2,16,8,3,10,1,1,C03,7,5,1,10,2,11,  ,8,8,1,3,5,C03,24.231603,120.554803,2
2018,9,22,12,0,臺中市,豐原區,0,2,0,8,1,5,50,14,9,1,5,4,5,7,4,4,5,2,5,2,16,19,2,7,1,1,C03,7,1,1,10,2,12,  ,19,19,2,20,8,C03,24.247623,120.719808,2
2018,9,22,12,4,臺中市,北區,0,2,0,8,1,5,50,4,1,1,5,4,5,7,1,1,5,4,4,2,15,25,2,1,1,1,C03,7,9,4,8,2,12,  ,25,25,1,5,1,C03,24.15953,120.685704,2
2018,9,22,12,4,臺中市,大雅區,0,0,,8,,,50,,,,,,,,,,,,,,,,,,,,B12,,,1,,2,,,16,,1,  ,,B12,24.222293,120.645852,3
2018,9,22,12,5,臺中市,西屯區,0,2,0,8,1,5,40,3,19,1,5,4,5,7,2,1,1,2,1,2,3,51,2,9,4,5,H01,8,16,8,20,10,16,  ,51,51,1,22,9,H01,24.169202,120.639331,2
2018,9,22,12,6,臺中市,北屯區,0,0,0,8,,,,,,,,,,,,,,,,,,23,  ,  ,  ,  ,C03,  ,  ,1,  ,2,  ,  ,23,23,1,  ,  ,C03,24.165034,120.705979,3
2018,9,22,12,6,臺中市,北屯區,0,0,,8,,,50,,,,,,,,,,,,,,,,,,,,C03,,,1,,2,,,16,,1,  ,,C03,24.169167,120.68731,3
2018,9,22,12,10,臺中市,潭子區,0,0,,8,,,40,,,,,,,,,,,,,,,,,,,,B03,,,1,,2,,,23,,1,22,,B03,24.208631,120.714711,3
2018,9,22,12,13,臺中市,大甲區,0,0,,,,,,,,,,,,,,,,,,,,,,,,,B03,,,1,,2,,,40,,1,22,,B03,24.348816,120.625983,3
2018,9,22,12,14,臺中市,神岡區,0,0,,8,,,50,,,,,,,,,,,,,,,,,,,,C03,,,1,,2,,,25,,1,22,,C03,24.278866,120.656629,3
2018,9,22,12,15,臺中市,清水區,0,2,0,8,1,5,50,4,1,1,5,4,5,7,1,1,1,4,5,1,16,6,3,10,1,1,B03,7,5,1,8,2,5,  ,6,6,1,22,8,B03,24.276938,120.564518,2
2018,9,22,12,15,臺中市,后里區,0,0,0,8,1,5,40,14,9,1,5,4,5,7,4,4,10,4,5,2,14,12,3,10,1,1,B12,7,2,1,8,2,7,  ,12,12,1,4,3,B12,24.158,120.648,3
2018,9,22,12,19,臺中市,南屯區,0,0,0,8,,,50,,,,,,,,,,,,,,,16,  ,  ,  ,  ,C03,  ,  ,1,10,2,  ,  ,16,16,1,12,  ,C03,24.144371,120.639387,3
2018,9,22,12,20,臺中市,西屯區,0,0,,8,,,40,,,,,,,,,,,,,,,,,,,,B12,,,1,,2,,,16,,1,22,,B12,24.164631,120.645577,3
2018,9,22,12,21,臺中市,潭子區,0,0,,8,,,60,,,,,,,,,,,,,,,,,,,,B03,,,1,,2,,,7,,1,22,,B03,24.206605,120.704875,3
2018,9,22,12,25,臺中市,北屯區,0,0,,8,,,50,,,,,,,,,,,,,,,,,,,,B12,,,1,,1,,,12,,1,  ,,B12,24.175918,120.720591,3
2018,9,22,12,38,臺中市,西屯區,0,0,,8,1,5,50,14,9,1,5,4,5,7,4,4,1,4,5,2,14,,,,,,B03,,,1,,2,,,12,,1,  ,,B03,24.169486,120.656851,3
2018,9,22,12,39,臺中市,北屯區,0,0,,8,,,40,,,,,,,,,,,,,,,,,,,,B03,,,1,,2,,,23,,1,18,,B03,24.175656,120.686958,3
2018,9,22,12,40,臺中市,后里區,0,0,,8,,,40,,,,,,,,,,,,,,,,,,,,B03,,,1,,2,,,12,,1,18,,B03,24.311428,120.717996,3
2018,9,22,12,44,臺中市,后里區,0,0,0,8,1,5,40,14,9,1,5,4,5,7,1,1,8,3,5,1,12,38,3,10,1,1,B12,7,14,1,8,2,4,  ,38,38,1,2,6,B12,24.158,120.648,3
2018,9,22,12,45,臺中市,中區,0,0,,8,,,50,,,,,,,,,,,,,,,,,,,,B03,,,1,,2,,,23,,1,21,,B03,24.143776,120.677997,3
2018,9,22,12,47,臺中市,沙鹿區,0,1,0,8,1,5,40,5,8,1,5,4,5,7,1,1,1,5,3,2,23,42,2,9,3,4,B03,7,9,1,8,8,5,  ,42,42,1,22,9,B03,24.237102,120.569469,2
2018,9,22,12,50,臺中市,和平區,0,0,0,8,1,7,25,14,22,1,5,4,5,7,4,4,10,5,5,1,13,23,3,10,1,1,B03,7,1,1,8,2,3,  ,23,23,1,3,6,B03,24.241034,120.907213,4
2018,9,22,12,56,臺中市,東勢區,0,0,,8,,,50,,,,,,,,,,,,,,,,,,,,F03,,,8,,2,,,23,,1,9,,F03,24.261413,120.823976,3
2018,9,22,12,58,臺中市,沙鹿區,0,1,0,8,1,5,50,4,1,1,5,4,5,7,1,1,1,4,4,2,12,19,2,9,1,1,C03,7,1,1,10,2,14,  ,19,19,1,4,8,C03,24.240177,120.560292,2
2018,9,22,12,59,臺中市,烏日區,0,2,0,8,1,5,70,3,1,1,5,4,5,7,1,1,10,5,5,2,13,16,3,10,1,1,B03,7,9,1,8,2,1,  ,16,16,1,21,8,B03,24.11279,120.593988,2
2018,9,22,13,0,臺中市,西屯區,0,0,,8,,,1,,,,,,,,,,,,,,,,,,,,B03,,,1,,2,,,19,,1,22,,B03,24.181963,120.615223,3
2018,9,22,13,1,臺中市,西區,0,1,0,8,1,5,50,4,1,1,5,4,5,7,4,4,10,5,5,2,15,6,3,10,1,1,B03,7,9,1,8,2,5,  ,6,6,1,21,8,B03,24.14652,120.660225,2
2018,9,22,13,4,臺中市,東區,0,0,,8,,,50,,,,,,,,,,,,,,,,,,,,B03,,,1,,2,,,16,,1,22,,B03,24.138911,120.702226,3
2018,9,22,13,5,臺中市,北屯區,0,0,,8,,,40,,,,,,,,,,,,,,,,,,,,B11,,,1,,2,,,12,,1,5,,B11,24.177853,120.720378,3
2018,9,22,13,7,臺中市,西屯區,0,0,,8,,,70,,,,,,,,,,,,,,,,,,,,B03,,,1,,2,,,7,,1,21,,B03,24.181382,120.619089,3
2018,9,22,13,10,臺中市,北區,0,1,0,8,1,5,50,4,2,1,5,4,5,7,3,1,1,4,4,2,18,23,2,9,1,1,C03,7,9,1,10,2,14,  ,23,23,1,21,8,C03,24.164084,120.669307,2
2018,9,22,13,11,臺中市,梧棲區,0,1,0,8,1,5,50,4,2,1,5,4,5,7,4,4,5,5,5,2,3,53,2,1,4,5,H01,8,18,8,20,10,15,  ,53,53,1,13,8,H01,24.243245,120.547863,2
2018,9,22,13,12,臺中市,烏日區,0,1,0,8,1,5,50,14,8,1,5,4,5,7,4,4,5,4,4,1,16,26,3,10,1,1,C03,7,5,1,10,2,11,  ,26,26,1,22,8,C03,24.106182,120.624521,2
2018,9,22,13,20,臺中市,北屯區,0,0,0,8,,,50,,,,,,,,,,,,,,,23,  ,  ,  ,  ,B03,  ,  ,1,  ,2,  ,  ,23,23,1,22,  ,B03,24.170086,120.695723,3
2018,9,22,13,33,臺中市,北區,0,0,0,8,,,50,,,,,,,,,,,,,,,10,  ,  ,  ,  ,B03,  ,  ,1,  ,2,  ,  ,10,10,1,5,  ,B03,24.153514,120.685551,3
2018,9,22,13,39,臺中市,北區,0,0,0,8,,,50,,,,,,,,,,,,,,,23,  ,  ,  ,  ,B03,  ,  ,1,  ,2,  ,  ,23,23,1,2,  ,B03,24.152689,120.685645,3
2018,9,22,13,40,臺中市,北屯區,0,1,0,8,1,5,50,4,1,1,5,4,5,7,4,4,5,5,5,2,15,6,3,10,1,1,B01,7,9,1,4,2,5,  ,6,6,1,22,8,B01,24.172845,120.695353,2
2018,9,22,13,40,臺中市,北屯區,0,2,0,8,1,5,50,3,1,1,5,4,5,7,4,4,10,5,5,2,16,23,2,9,1,1,C03,7,9,1,10,2,11,  ,23,23,1,21,8,C03,24.170489,120.704511,2
2018,9,22,13,41,臺中市,南屯區,0,0,0,8,,,50,,,,,,,,,,,,,,,6,  ,  ,  ,  ,B02,  ,  ,1,4,2,  ,  ,6,6,1,12,  ,B02,24.131229,120.635878,3
2018,9,22,13,43,臺中市,西屯區,0,0,,8,,,50,,,,,,,,,,,,,,,,,,,,B03,,,1,,2,,,23,,1,22,,B03,24.176121,120.649702,3
2018,9,22,13,45,臺中市,北區,0,0,0,8,,,50,,,,,,,,,,,,,,,7,  ,  ,  ,  ,B01,  ,  ,1,  ,2,  ,  ,7,7,1,  ,  ,B01,24.155496,120.681659,3
2018,9,22,13,45,臺中市,沙鹿區,0,1,0,8,1,5,40,4,1,1,5,4,5,7,1,1,10,5,5,2,16,25,2,9,1,1,C03,7,9,2,18,5,11,  ,25,25,1,16,8,C03,24.229326,120.566895,2
2018,9,22,13,46,臺中市,潭子區,0,1,0,8,1,5,50,14,9,1,5,4,5,7,4,4,5,4,5,2,16,23,2,9,1,1,C03,7,4,1,10,2,12,  ,23,23,1,22,8,C03,24.209074,120.700745,2
2018,9,22,13,49,臺中市,西屯區,0,1,0,8,1,5,40,3,1,1,5,4,5,7,1,1,10,5,5,2,16,19,2,9,3,4,C03,7,1,1,10,2,14,  ,19,19,1,22,9,C03,24.167677,120.638276,2
2018,9,22,13,59,臺中市,北區,0,0,0,8,,,50,,,,,,,,,,,,,,,23,  ,  ,  ,  ,B03,  ,  ,1,  ,2,  ,  ,23,23,1,5,  ,B03,24.159586,120.665982,3
2018,9,22,14,11,臺中市,中區,0,0,0,8,,,0,,,,,,,,,,,,,,,,  ,  ,  ,  ,   ,  ,  ,  ,  ,  ,  ,  ,  ,  ,  ,  ,  ,   ,24.137571,120.681033,3
2018,9,22,14,21,臺中市,后里區,0,0,,8,,,60,,,,,,,,,,,,,,,,,,,,B03,,,1,,2,,,18,,1,22,,B03,24.30907,120.720944,3
2018,9,22,14,24,臺中市,北區,0,2,0,8,1,5,50,4,1,1,5,4,5,7,4,4,10,5,5,2,17,19,2,9,1,1,C03,7,1,1,10,2,14,  ,19,19,1,5,8,C03,24.155611,120.695224,2
2018,9,22,14,29,臺中市,北區,0,1,0,8,1,5,40,11,8,1,5,4,5,7,4,4,1,4,4,2,16,7,3,10,1,1,B03,7,8,1,8,2,2,  ,7,7,1,21,8,B03,24.146025,120.682996,2
2018,9,22,14,30,臺中市,南屯區,0,0,,,,,,,,,,,,,,,,,,,,,,,,,B02,,,1,,11,,,23,,2,21,,B02,24.14566,120.632622,3
2018,9,22,14,30,臺中市,神岡區,0,0,,8,,,50,,,,,,,,,,,,,,,,,,,,B03,,,1,,2,,,23,,1,21,,B03,24.251232,120.697606,3
2018,9,22,14,33,臺中市,北區,0,1,0,8,1,5,50,14,7,1,5,4,5,7,4,4,1,5,4,2,18,42,2,8,1,1,C03,7,9,1,10,2,14,14,42,42,1,22,9,C03,24.153647,120.678988,2
2018,9,22,14,33,臺中市,東區,0,0,,8,,,40,,,,,,,,,,,,,,,,,,,,B12,,,1,,2,,,12,,1,22,,B12,24.140422,120.690252,3
2018,9,22,14,33,臺中市,北屯區,0,1,0,8,1,5,50,4,1,1,5,4,5,7,3,1,10,5,5,2,16,8,2,7,1,1,C03,7,5,1,10,2,14,  ,8,8,1,5,8,C03,24.168034,120.717902,2
2018,9,22,14,36,臺中市,沙鹿區,0,1,0,8,1,5,40,4,1,1,5,4,5,7,3,1,10,5,5,2,16,6,3,10,1,1,B03,7,9,1,8,2,8,  ,6,6,1,4,8,B03,24.252415,120.562313,2
2018,9,22,14,38,臺中市,北屯區,0,0,,8,,,50,,,,,,,,,,,,,,,,,,,,B11,,,1,,2,,,23,,1,  ,,B11,24.201311,120.676346,3
2018,9,22,14,42,臺中市,西屯區,0,1,0,8,1,5,40,14,8,1,5,4,5,7,4,4,1,4,1,2,13,23,2,9,1,1,C03,7,9,1,10,2,11,  ,23,23,1,22,8,C03,24.182365,120.593875,2
2018,9,22,14,42,臺中市,沙鹿區,0,0,,8,,,50,,,,,,,,,,,,,,,,,,,,B03,,,1,,2,,,42,,1,4,,B03,24.21532,120.552646,3
2018,9,22,14,47,臺中市,北區,0,1,0,8,1,5,50,4,1,1,5,4,5,7,3,1,5,4,5,2,16,6,3,10,1,1,B03,7,9,1,8,2,1,  ,6,6,1,21,8,B03,24.158173,120.679958,2
2018,9,22,14,49,臺中市,西屯區,0,0,,8,,,50,,,,,,,,,,,,,,,,,,,,B03,,,1,,2,,,23,,1,  ,,B03,24.17028,120.637983,3
2018,9,22,14,50,臺中市,太平區,0,0,,8,,,50,,,,,,,,,,,,,,,23,,,,,C03,,,1,,2,,,44,23,1,5,,C03,24.127369,120.715896,3
2018,9,22,14,51,臺中市,沙鹿區,0,0,,8,,,50,,,,,,,,,,,,,,,,,,,,B03,,,1,,2,,,25,,1,19,,B03,24.244423,120.564881,3
2018,9,22,15,0,臺中市,西區,0,2,0,8,1,5,40,4,1,1,5,4,5,7,1,1,10,5,5,2,13,42,2,9,1,1,C03,7,9,1,10,6,12,  ,42,42,1,5,8,C03,24.142952,120.657236,2
2018,9,22,15,0,臺中市,西屯區,0,1,0,8,1,5,50,14,8,1,5,4,5,7,4,4,1,3,4,2,17,38,3,10,1,1,B01,7,14,1,4,2,2,  ,38,38,1,21,8,B01,24.164575,120.63846,2
2018,9,22,15,8,臺中市,大雅區,0,1,0,8,1,5,50,14,9,1,5,4,5,7,4,4,5,5,5,1,12,23,3,10,1,1,B03,7,9,1,8,2,1,  ,23,23,1,22,9,B03,24.214955,120.668507,2
2018,9,22,15,10,臺中市,大雅區,0,0,,8,,,50,,,,,,,,,,,,,,,,,,,,B12,,,1,,2,,,23,,1,22,,B12,24.215663,120.678215,3
2018,9,22,15,20,臺中市,大雅區,0,3,0,8,1,5,50,14,9,1,5,4,5,7,4,4,5,5,5,1,13,16,2,8,1,1,C03,7,9,1,10,2,11,  ,16,16,1,22,8,C03,24.225073,120.649152,2
2018,9,22,15,21,臺中市,西區,0,1,0,8,1,5,50,14,7,1,5,4,5,7,4,4,5,5,4,2,16,7,2,9,1,1,C03,7,8,1,10,2,12,  ,7,7,1,5,5,C03,24.132187,120.665348,2
2018,9,22,15,29,臺中市,太平區,0,0,,8,,,50,,,,,,,,,,,,,,,,,,,,B03,,,1,,2,,,6,,1,21,,B03,24.143479,120.713092,3
2018,9,22,15,30,臺中市,沙鹿區,0,1,0,8,1,5,40,3,2,1,5,4,5,7,1,1,10,5,5,2,17,6,2,9,1,1,C03,7,1,1,10,2,14,  ,6,6,1,4,8,C03,24.241108,120.57046,2
2018,9,22,15,37,臺中市,北屯區,0,1,0,8,1,5,40,14,8,1,5,4,5,7,4,4,5,4,4,2,16,7,2,7,1,1,C03,7,9,1,10,2,14,  ,44,7,1,5,8,C03,24.165092,120.715826,2
2018,9,22,15,38,臺中市,西區,0,1,0,8,1,5,50,4,1,1,5,4,5,7,1,1,10,5,5,2,16,26,3,10,1,1,B03,7,6,1,8,2,5,  ,26,26,1,5,8,B03,24.140187,120.661672,2
2018,9,22,15,39,臺中市,北屯區,0,0,,8,,,50,,,,,,,,,,,,,,,,,,,,B03,,,1,,2,,,23,,1,5,,B03,24.173937,120.675103,3
2018,9,22,15,44,臺中市,南屯區,0,0,,8,,,50,,,,,,,,,,,,,,,,,,,,B03,,,1,,2,,,1,,1,21,,B03,24.150214,120.637603,3
2018,9,22,15,46,臺中市,南屯區,0,0,,8,,,50,,,,,,,,,,,,,,,,,,,,B03,,,1,,2,,,7,,1,5,,B03,24.145678,120.623538,3
2018,9,22,15,47,臺中市,豐原區,0,0,0,8,,,50,,,,,,,,,,,,,,,18,  ,  ,  ,  ,B03,  ,  ,1,  ,2,  ,  ,23,18,  ,  ,  ,B03,24.250109,120.704996,3
2018,9,22,15,50,臺中市,東區,0,0,,,,,,,,,,,,,,,,,,,,,,,,,B03,,,1,,2,,,6,,1,  ,,B03,24.142763,120.70998,3
2018,9,22,15,50,臺中市,南屯區,0,0,0,8,1,5,50,14,7,1,5,4,5,7,4,4,10,5,5,2,13,23,3,10,1,1,A12,7,9,1,7,2,1,1,23,23,1,10,4,A12,24.134322,120.641629,3
2018,9,22,15,50,臺中市,南屯區,0,0,,8,,,40,,,,,,,,,,,,,,,,,,,,B03,,,1,,2,,,42,,1,19,,B03,24.136479,120.623119,3
2018,9,22,15,56,臺中市,龍井區,0,0,,8,,,40,,,,,,,,,,,,,,,,,,,,B03,,,1,,11,,,23,,2,  ,,B03,24.181401,120.589556,3
2018,9,22,16,11,臺中市,中區,0,2,0,8,1,5,50,4,2,1,5,4,5,7,1,1,5,4,5,2,17,19,3,10,1,1,B03,7,1,1,8,2,8,  ,19,19,1,21,8,B03,24.137664,120.681165,2
2018,9,22,16,17,臺中市,西屯區,0,0,0,8,1,5,50,4,1,1,5,4,5,7,1,1,10,5,5,2,15,25,3,10,1,1,C03,7,9,1,10,2,11,  ,25,25,1,21,8,C03,24.16921,120.606612,3
2018,9,22,16,21,臺中市,龍井區,0,0,,8,,,40,,,,,,,,,,,,,,,,,,,,C03,,,2,,2,,,16,,2,  ,,C03,24.181934,120.578543,3
2018,9,22,16,22,臺中市,北屯區,0,1,0,8,1,5,50,3,1,1,5,4,5,7,1,1,3,2,4,2,16,6,3,10,1,1,B03,7,6,1,8,2,2,  ,6,6,1,22,8,B03,24.190302,120.673355,2
2018,9,22,16,30,臺中市,太平區,0,2,0,8,1,5,50,4,1,1,5,4,5,7,1,1,10,5,5,2,15,25,2,9,1,1,C03,7,9,3,18,2,11,  ,25,25,1,21,8,C03,24.152266,120.726634,2
2018,9,22,16,30,臺中市,烏日區,0,0,,8,,,50,,,,,,,,,,,,,,,,,,,,B03,,,1,,2,,,17,,1,  ,,B03,24.095886,120.658286,3
2018,9,22,16,31,臺中市,北區,0,0,,8,,,50,,,,,,,,,,,,,,,,,,,,B03,,,1,,2,,,23,,1,  ,,B03,24.164834,120.669252,3
2018,9,22,16,40,臺中市,大肚區,0,1,0,8,1,5,50,4,1,1,5,4,5,7,4,4,10,5,5,2,15,6,3,10,1,1,C03,7,9,2,18,2,12,  ,6,6,1,16,8,C03,24.150273,120.537338,2
2018,9,22,16,42,臺中市,北屯區,0,0,0,8,,,50,,,,,,,,,,,,,,,42,  ,  ,  ,  ,B03,  ,  ,1,  ,2,  ,  ,42,42,  ,2,  ,B03,24.175838,120.719996,3
2018,9,22,16,54,臺中市,北屯區,0,0,,8,,,50,,,,,,,,,,,,,,,,,,,,B03,,,1,,2,,,23,,1,9,,B03,24.174,120.6907,3
2018,9,22,17,0,臺中市,北屯區,0,0,0,8,,,50,,,,,,,,,,,,,,,6,  ,  ,  ,  ,B03,  ,  ,1,  ,2,  ,  ,6,6,1,20,  ,B03,24.198458,120.775996,3
2018,9,22,17,8,臺中市,南屯區,0,0,,8,,,50,,,,,,,,,,,,,,,,,,,,B03,,,1,,2,,,23,,1,9,,B03,24.140447,120.610059,3
2018,9,22,17,9,臺中市,東區,0,0,,,,,,,,,,,,,,,,,,,,,,,,,B03,,,1,,2,,,23,,1,  ,,B03,24.148323,120.694363,3