年,月,日,時,分,縣市,區,死,受傷,2-30,天候,光線,道路類別,速限,道路型態,事故位置,路面鋪裝,路面狀態,路面缺陷,障礙物,視距,號誌種類,號誌動作,分向設施,快車道或一般車道間,快慢車道間,路面邊線,事故類型及型態,主要肇因,受傷程度,主要傷處,保護裝備,行動電話,當事者區分_類別,車輛用途,當事者行動狀態,駕駛資格情形,駕駛執照種類,飲酒情形,車輛撞擊部位最初,車輛撞擊部位其他,肇事因素個別,肇事因素主要,肇事逃逸,職業,旅次目的,車種,GPS座標_緯度,GPS座標_經度,事故類別
2018,9,22,17,9,臺中市,沙鹿區,0,3,0,8,1,5,40,4,1,1,5,4,5,7,4,4,10,5,5,2,16,6,2,9,1,1,C03,7,9,1,8,2,11,  ,13,6,1,9,1,C03,24.223176,120.549924,2
2018,9,22,17,10,臺中市,南區,0,0,,8,,,50,,,,,,,,,,,,,,,,,,,,C03,,,1,,2,,,42,,1,22,,C03,24.113918,120.653434,3
2018,9,22,17,10,臺中市,南屯區,0,3,0,8,1,5,50,4,1,1,5,4,5,7,2,1,10,5,5,2,15,25,2,9,1,1,C03,7,9,2,18,2,11,11,25,25,1,16,5,C03,24.150803,120.626282,2
2018,9,22,17,18,臺中市,南屯區,0,1,0,8,1,5,50,4,1,1,5,4,5,7,4,4,10,5,5,2,15,6,2,7,1,4,C03,7,9,1,10,2,11,  ,6,6,1,21,8,C03,24.142122,120.632255,2
2018,9,22,17,23,臺中市,龍井區,0,0,,8,,,50,,,,,,,,,,,,,,,23,,,,,B03,,,1,,1,,,38,23,1,12,,B03,24.2109,120.5245,3
2018,9,22,17,30,臺中市,南屯區,0,1,0,8,2,5,50,4,1,1,5,4,5,7,4,4,10,5,5,2,17,6,3,10,1,1,B03,7,9,1,8,2,15,  ,6,6,1,21,8,B03,24.130751,120.650736,2
2018,9,22,17,38,臺中市,西屯區,0,0,,8,,,50,,,,,,,,,,,,,,,,,,,,B03,,,1,,2,,,23,,1,22,,B03,24.177872,120.618431,3
2018,9,22,17,41,臺中市,西屯區,0,2,0,8,1,5,50,14,9,1,5,4,5,7,4,4,4,3,5,2,3,51,2,7,1,1,C03,7,9,1,10,2,11,  ,23,51,1,21,8,C03,24.18147,120.645065,2
2018,9,22,17,45,臺中市,大肚區,0,1,0,8,1,5,50,14,9,1,5,4,5,7,4,4,5,5,5,1,13,23,3,10,1,1,C03,7,9,1,10,2,11,  ,23,23,1,5,8,C03,24.148791,120.545513,2
2018,9,22,17,45,臺中市,神岡區,0,3,0,8,1,5,50,3,1,1,5,4,5,7,3,1,5,4,5,1,16,6,2,9,1,1,C03,7,5,1,10,2,11,  ,6,6,1,21,8,C03,24.253868,120.69353,2
2018,9,22,17,48,臺中市,西屯區,0,2,0,8,2,5,50,4,1,1,5,4,5,7,2,1,10,5,5,2,15,25,2,9,1,1,C03,7,9,1,10,2,11,  ,25,25,1,18,9,C03,24.163625,120.634005,2
2018,9,22,17,55,臺中市,北屯區,0,2,0,8,3,5,40,4,1,1,5,4,5,7,4,4,10,5,5,2,15,6,2,8,3,4,B03,7,9,1,8,2,5,  ,6,6,1,21,8,B03,24.169844,120.709811,2
2018,9,22,17,55,臺中市,西屯區,0,0,,8,,,50,,,,,,,,,,,,,,,,,,,,B03,,,1,,2,,,9,,1,  ,,B03,24.168556,120.653083,3
2018,9,22,17,55,臺中市,沙鹿區,0,0,,8,,,40,,,,,,,,,,,,,,,,,,,,B03,,,1,,2,,,23,,1,4,,B03,24.219254,120.580099,3
2018,9,22,18,0,臺中市,清水區,0,4,0,8,2,5,50,4,1,1,5,4,5,7,4,4,10,5,5,2,15,6,2,9,1,1,C03,7,9,1,10,2,12,  ,6,6,1,5,1,C03,24.269959,120.549168,2
2018,9,22,18,5,臺中市,神岡區,0,0,,8,,,50,,,,,,,,,,,,,,,,,,,,B12,,,1,,2,,,12,,1,21,,B12,24.250156,120.695684,3
2018,9,22,18,16,臺中市,北屯區,0,0,,8,,,40,,,,,,,,,,,,,,,,,,,,B03,,,1,,2,,,17,,1,2,,B03,24.1712,120.6994,3
2018,9,22,18,28,臺中市,南區,0,0,0,8,,,50,,,,,,,,,,,,,,,26,3,  ,  ,  ,B12,  ,  ,1,  ,2,  ,  ,26,26,  ,21,  ,B12,24.129096,120.684101,3
2018,9,22,18,30,臺中市,外埔區,0,1,0,8,4,5,70,14,9,1,5,4,5,7,4,4,1,4,4,1,29,43,2,9,1,4,C03,7,9,1,9,2,15,  ,43,43,1,22,8,C03,24.319675,120.656305,2
2018,9,22,18,32,臺中市,太平區,0,0,,8,,,50,,,,,,,,,,,,,,,,,,,,B12,,,1,,2,,,42,,1,5,,B12,24.133422,120.713309,3
2018,9,22,18,38,臺中市,北屯區,0,1,0,8,3,5,50,5,1,1,5,4,5,7,1,1,4,3,5,2,14,12,3,10,1,1,B11,7,2,1,4,2,7,  ,12,12,1,21,8,B11,24.164883,120.692373,2
2018,9,22,18,40,臺中市,太平區,0,3,0,8,1,5,40,3,2,1,5,4,5,7,4,4,5,5,4,1,3,53,2,9,4,5,H01,8,16,8,20,4,16,  ,53,53,1,5,8,H01,24.131111,120.721666,2
2018,9,22,18,40,臺中市,潭子區,0,0,,8,,,50,,,,,,,,,,,,,,,,,,,,B03,,,1,,2,,,23,,1,22,,B03,24.211662,120.700138,3
2018,9,22,18,48,臺中市,東區,0,0,0,8,,,50,,,,,,,,,,,,,,,7,3,  ,  ,  ,B03,  ,  ,1,  ,2,  ,  ,7,7,1,5,  ,B03,24.140364,120.696066,3
2018,9,22,18,56,臺中市,沙鹿區,0,2,0,8,1,5,50,14,9,1,5,4,5,7,4,4,5,5,4,2,17,26,2,9,1,1,C03,7,11,1,10,2,14,  ,26,26,1,21,8,C03,24.23694,120.567178,2
2018,9,22,19,1,臺中市,大甲區,0,0,,8,,,40,,,,,,,,,,,,,,,,,,,,B03,,,1,,2,,,23,,1,4,,B03,24.38185,120.654287,3
2018,9,22,19,2,臺中市,大肚區,0,2,0,8,3,5,50,4,1,1,5,4,5,7,3,1,10,5,5,2,16,6,2,8,1,1,C03,7,1,1,10,2,13,  ,6,6,1,21,8,C03,24.15678,120.572708,2
2018,9,22,19,10,臺中市,北屯區,0,1,0,8,3,5,50,4,1,1,5,4,5,7,1,1,10,5,5,2,16,23,2,6,1,1,C03,7,9,1,10,2,11,  ,23,23,1,18,8,C03,24.18825,120.662585,2
2018,9,22,19,15,臺中市,西屯區,0,1,0,8,4,5,40,11,8,1,5,4,5,7,4,4,10,5,3,2,18,42,2,9,1,1,C03,7,9,1,10,2,14,  ,42,42,1,21,8,C03,24.173313,120.634403,2
2018,9,22,19,15,臺中市,西屯區,0,0,,8,,,40,,,,,,,,,,,,,,,,,,,,B03,,,1,,2,,,12,,1,21,,B03,24.176009,120.590528,3
2018,9,22,19,18,臺中市,南屯區,0,1,0,8,3,5,50,3,1,1,5,4,5,7,4,4,5,5,4,2,16,2,3,10,1,1,C03,7,5,6,18,2,11,  ,2,2,1,3,8,C03,24.142368,120.610108,2
2018,9,22,19,40,臺中市,大雅區,0,1,0,8,3,5,50,4,1,1,5,4,5,7,1,1,10,4,5,1,16,6,3,10,1,1,C03,7,5,1,10,2,11,  ,6,6,1,22,9,C03,24.225583,120.645196,2
2018,9,22,19,45,臺中市,北屯區,0,2,0,8,3,5,50,5,2,1,5,4,5,7,2,1,10,5,5,2,17,43,3,10,3,4,B03,7,5,1,8,2,4,  ,43,43,1,5,8,B03,24.192705,120.660011,2
2018,9,22,19,50,臺中市,霧峰區,0,0,,,,,,,,,,,,,,,,,,,,,,,,,B03,,,1,,2,,,6,,1,20,,B03,,,3
2018,9,22,20,17,臺中市,南屯區,0,2,0,8,3,5,40,3,2,1,5,4,5,7,4,4,5,5,4,2,9,60,2,9,4,5,H01,8,16,8,20,3,16,  ,60,60,1,20,8,H01,24.131598,120.610358,2
2018,9,22,20,20,臺中市,西屯區,0,2,0,8,1,5,50,14,7,1,5,4,5,7,4,4,4,3,4,2,13,23,2,9,1,1,C03,7,9,1,10,2,11,  ,23,23,1,21,8,C03,24.191448,120.609596,2
2018,9,22,20,23,臺中市,北屯區,0,2,0,8,3,5,50,14,9,1,5,4,5,7,4,4,1,2,5,2,13,16,2,9,1,1,C03,7,9,1,10,2,11,  ,16,16,1,20,8,C03,24.1683,120.6852,2
2018,9,22,20,37,臺中市,梧棲區,0,0,,8,,,50,,,,,,,,,,,,,,,,,,,,B03,,,1,,8,,,23,,1,  ,,B03,24.257505,120.530557,3
2018,9,22,20,40,臺中市,龍井區,0,0,,8,,,50,,,,,,,,,,,,,,,,,,,,B12,,,1,,2,,,12,,1,12,,B12,24.203416,120.548239,3
2018,9,22,20,51,臺中市,北屯區,0,1,0,8,3,5,50,14,9,1,5,4,5,7,1,1,1,3,5,2,13,23,2,7,1,1,B03,7,9,1,8,2,1,  ,23,23,1,21,8,B03,24.172543,120.681618,2
2018,9,22,20,55,臺中市,南區,0,0,,8,,,50,,,,,,,,,,,,,,,,,,,,B03,,,1,,2,,,23,,1,4,,B03,24.119224,120.679286,3
2018,9,22,20,58,臺中市,北區,0,2,0,8,3,5,50,4,1,1,5,4,5,7,1,1,10,5,5,2,16,6,2,9,1,1,C03,7,5,1,10,2,12,  ,6,6,1,21,8,C03,24.151698,120.692492,2
2018,9,22,21,0,臺中市,西屯區,0,3,0,8,3,5,50,4,2,1,5,4,5,7,4,4,5,4,4,2,2,21,2,1,1,1,C03,7,9,3,18,6,11,  ,21,21,1,22,9,C03,24.168826,120.644181,2
2018,9,22,21,5,臺中市,清水區,0,1,0,8,3,5,50,4,1,1,5,4,5,7,1,1,10,5,5,2,18,13,2,1,1,1,C03,7,6,1,10,2,12,  ,13,13,1,5,7,C03,24.277403,120.560225,2
2018,9,22,21,9,臺中市,北屯區,0,2,0,7,3,5,40,14,8,1,5,4,5,7,1,1,1,4,4,2,2,23,2,9,1,1,C03,7,9,1,10,7,12,  ,23,23,1,9,8,C03,24.182416,120.665693,2
2018,9,22,21,43,臺中市,太平區,0,3,0,8,3,5,50,14,9,1,5,4,5,7,2,1,5,4,5,2,12,26,2,9,1,1,C03,7,4,1,10,2,12,  ,26,26,1,21,8,C03,24.125601,120.713006,2
2018,9,22,21,46,臺中市,沙鹿區,0,1,0,7,3,5,40,14,8,1,5,4,5,7,4,4,5,5,4,2,16,40,3,10,2,4,B03,7,13,1,8,2,4,  ,40,40,1,2,9,B03,24.243209,120.565668,2
2018,9,22,21,48,臺中市,南區,0,0,0,8,,,40,,,,,,,,,,,,,,,23,3,  ,  ,  ,B03,  ,  ,1,  ,2,  ,  ,23,23,  ,22,  ,B03,24.119521,120.679403,3
2018,9,22,22,0,臺中市,大肚區,0,1,0,8,3,5,50,11,9,1,5,4,5,7,4,4,4,5,5,1,18,8,2,8,1,1,C03,7,5,1,10,2,14,  ,8,8,1,5,5,C03,24.157848,120.549732,2
2018,9,22,22,8,臺中市,西屯區,0,0,,8,,,70,,,,,,,,,,,,,,,,,,,,B03,,,1,,2,,,16,,1,  ,,B03,24.176266,120.629078,3
2018,9,22,22,12,臺中市,沙鹿區,0,1,0,8,3,5,50,3,2,1,5,4,5,7,1,1,1,4,4,2,18,42,2,9,1,1,C03,7,9,1,10,2,12,  ,42,42,1,5,8,C03,24.226631,120.567846,2
2018,9,22,22,15,臺中市,太平區,0,1,0,8,3,5,50,4,1,1,5,4,5,7,1,1,10,5,5,2,16,9,3,10,1,1,C03,7,6,1,10,2,12,  ,9,9,1,5,5,C03,24.126686,120.711128,2
2018,9,22,22,34,臺中市,北屯區,0,2,0,8,3,5,50,4,1,1,5,4,5,7,1,1,10,5,5,2,16,25,3,10,1,1,B03,7,5,1,8,2,2,  ,25,25,1,5,8,B03,24.1819,120.7214,2
2018,9,22,22,40,臺中市,北屯區,0,0,0,8,3,5,50,14,9,1,5,4,5,7,4,4,1,3,5,2,12,23,3,10,1,1,B03,7,4,1,8,2,4,  ,23,23,1,21,8,B03,24.167348,120.727283,3
2018,9,22,22,49,臺中市,太平區,0,1,0,8,3,5,40,14,8,1,5,4,5,7,4,4,5,5,4,1,29,67,  ,  ,  ,  ,   ,  ,  ,  ,  ,  ,  ,  ,67,67,1,  ,  ,   ,24.159379,120.706193,2
2018,9,22,22,50,臺中市,北屯區,0,1,0,8,3,5,50,4,1,1,5,4,5,7,1,1,10,5,5,2,16,9,3,10,1,1,B12,7,6,1,8,2,5,  ,9,9,1,8,8,B12,24.174116,120.721183,2
2018,9,22,23,5,臺中市,清水區,0,1,0,8,3,5,50,4,1,1,5,4,5,7,3,1,10,5,5,2,15,6,2,9,1,1,C03,7,9,1,10,2,11,  ,6,6,1,5,1,C03,24.26245,120.557435,2
2018,9,22,23,5,臺中市,神岡區,0,2,0,8,3,5,50,4,1,1,5,4,5,7,3,1,3,3,5,1,11,19,2,9,1,1,C03,7,1,1,10,2,14,  ,19,19,1,21,8,C03,24.246622,120.684224,2
2018,9,22,23,8,臺中市,大雅區,0,3,0,8,3,5,50,3,1,1,5,4,5,7,1,1,10,4,5,1,23,23,2,9,1,1,B03,7,9,1,8,2,8,  ,23,23,1,22,9,B03,24.228927,120.64328,2
2018,9,22,23,12,臺中市,中區,0,2,0,8,3,5,50,4,2,1,5,4,5,7,2,1,5,4,5,2,13,16,3,10,1,1,B03,7,9,1,8,2,5,  ,16,16,1,21,8,B03,24.144678,120.681713,2
2018,9,22,23,16,臺中市,南屯區,0,0,,8,,,40,,,,,,,,,,,,,,,12,,,,,C03,,,3,,11,,,38,12,1,21,,C03,24.15335,120.651151,3
2018,9,22,23,27,臺中市,潭子區,0,1,0,8,3,5,50,5,1,1,5,4,5,7,1,1,10,5,5,2,16,25,2,9,1,1,C03,7,9,1,10,2,11,  ,25,25,1,22,8,C03,24.207925,120.710152,2
2018,9,22,23,40,臺中市,南屯區,0,1,0,8,3,5,40,14,9,1,5,4,5,7,4,4,10,5,5,2,18,23,2,9,1,1,C03,7,9,1,9,2,12,  ,23,23,1,22,9,C03,24.142079,120.600457,2
2018,9,22,23,45,臺中市,南區,0,1,0,8,3,5,40,14,8,1,5,4,5,7,4,4,1,5,1,2,18,21,2,8,1,1,C03,7,9,1,10,8,12,  ,21,21,1,4,8,C03,24.119027,120.67265,2
2018,9,22,23,46,臺中市,北屯區,0,0,,8,,,50,,,,,,,,,,,,,,,,,,,,B03,,,1,,2,,,17,,1,21,,B03,24.162918,120.721756,3
2018,9,23,0,20,臺中市,西區,0,1,0,8,3,5,40,4,1,1,5,4,5,7,1,1,10,5,5,2,18,42,2,9,1,1,C03,7,9,1,10,2,14,  ,42,42,1,21,8,C03,24.148242,120.672565,2
2018,9,23,0,34,臺中市,梧棲區,0,0,,8,,,50,,,,,,,,,,,,,,,,,,,,B03,,,1,,2,,,6,,1,9,,B03,24.248553,120.552863,3
2018,9,23,0,55,臺中市,沙鹿區,0,0,,8,,,40,,,,,,,,,,,,,,,,,,,,C03,,,1,,2,,,19,,1,18,,C03,,,3
2018,9,23,2,39,臺中市,沙鹿區,0,0,,8,,,40,,,,,,,,,,,,,,,,,,,,B03,,,1,,1,,,12,,2,5,,B03,24.219179,120.57028,3
2018,9,23,2,45,臺中市,太平區,0,1,0,8,3,5,50,4,1,1,5,4,5,7,1,1,10,5,5,2,11,42,3,10,1,1,B01,7,9,1,4,2,5,  ,42,42,1,10,4,B01,24.124561,120.716045,2
2018,9,23,3,0,臺中市,后里區,0,1,0,8,3,5,50,4,1,1,5,4,5,7,4,4,5,5,5,2,15,14,3,10,1,1,B03,7,9,1,8,2,2,  ,14,14,1,4,5,B03,24.158942,120.648457,2
2018,9,23,4,46,臺中市,西屯區,0,0,,8,,,50,,,,,,,,,,,,,,,,,,,,B03,,,1,,2,,,23,,1,22,,B03,24.171393,120.644267,3
2018,9,23,5,5,臺中市,大雅區,0,0,,8,,,50,,,,,,,,,,,,,,,,,,,,B03,,,1,,2,,,6,,1,  ,,B03,24.233008,120.643528,3
2018,9,23,6,25,臺中市,北屯區,0,2,0,8,1,5,50,4,1,1,5,4,5,7,1,1,10,5,5,2,16,23,2,9,3,4,C03,7,9,1,10,2,11,  ,23,23,1,21,8,C03,24.16962,120.702991,2
2018,9,23,6,38,臺中市,太平區,0,0,,8,,,50,,,,,,,,,,,,,,,,,,,,B03,,,1,,2,,,18,,1,5,,B03,24.149845,120.727482,3
2018,9,23,7,5,臺中市,北屯區,0,0,,8,,,50,,,,,,,,,,,,,,,,,,,,B03,,,6,,2,,,23,,1,  ,,B03,24.178308,120.741076,3
2018,9,23,7,28,臺中市,東勢區,0,1,0,8,1,5,60,14,8,1,5,4,5,7,4,4,1,4,4,1,12,6,3,10,1,1,B12,7,6,1,8,2,2,  ,6,6,1,21,8,B12,24.249055,120.829556,2
2018,9,23,8,22,臺中市,龍井區,0,0,,8,,,70,,,,,,,,,,,,,,,,,,,,B03,,,1,,2,,,23,,1,22,,B03,24.186125,120.585836,3
2018,9,23,8,25,臺中市,大肚區,0,2,0,8,1,5,40,3,1,1,5,4,5,7,4,4,10,5,5,2,16,6,2,9,1,1,C04,7,5,1,10,2,11,  ,6,6,1,9,8,C04,24.118483,120.581661,2
2018,9,23,9,0,臺中市,北屯區,0,1,0,8,1,5,50,14,7,1,5,4,3,7,4,4,5,5,4,2,16,19,3,10,1,1,B12,7,1,1,8,2,8,  ,19,19,1,21,8,B12,24.175186,120.691279,2
2018,9,23,9,5,臺中市,西區,0,1,0,8,1,5,50,4,1,1,5,4,5,7,2,1,10,5,5,2,16,26,3,10,1,1,B03,7,6,1,8,2,5,  ,26,26,1,9,8,B03,24.133539,120.675354,2
2018,9,23,9,15,臺中市,北屯區,0,2,0,8,1,5,50,5,1,1,5,4,5,7,4,4,10,5,5,2,16,7,2,1,1,1,C03,7,9,1,10,2,11,  ,26,7,1,5,1,C03,24.177907,120.719444,2
2018,9,23,9,23,臺中市,潭子區,0,0,,8,,,50,,,,,,,,,,,,,,,,,,,,B03,,,1,,2,,,23,,1,  ,,B03,24.204428,120.716354,3
2018,9,23,9,34,臺中市,石岡區,0,0,,8,,,40,,,,,,,,,,,,,,,,,,,,B02,,,1,,2,,,19,,1,  ,,B02,24.274625,120.794195,3
2018,9,23,9,37,臺中市,北區,0,0,0,8,,,50,,,,,,,,,,,,,,,12,  ,  ,  ,  ,B03,  ,  ,1,  ,2,  ,  ,12,12,1,  ,  ,B03,24.159295,120.669216,3
2018,9,23,9,38,臺中市,太平區,0,0,,8,,,50,,,,,,,,,,,,,,,,,,,,B03,,,1,,2,,,26,,1,4,,B03,24.135321,120.709277,3
2018,9,23,9,52,臺中市,北屯區,0,2,0,8,1,5,50,3,1,1,5,4,5,7,4,4,10,5,5,2,16,26,2,9,1,1,C03,7,9,1,10,2,11,  ,26,26,1,5,8,C03,24.193259,120.691602,2
2018,9,23,9,55,臺中市,潭子區,0,0,0,8,,,30,,,,,,,,,,,,,,,12,  ,  ,  ,  ,A42,  ,  ,1,  ,2,  ,  ,12,12,  ,22,  ,A42,24.204525,120.708057,3
2018,9,23,9,56,臺中市,東勢區,0,1,0,8,1,5,50,3,1,1,5,4,5,7,4,4,5,5,5,2,12,8,2,7,1,1,C03,7,9,1,10,2,11,  ,23,8,1,21,8,C03,24.254046,120.831896,2
2018,9,23,9,58,臺中市,太平區,,,,8,,,50,,,,,,,,,,,,,,,,,,,,B03,,,1,,2,,,12,,1,21,,B03,24.157478,120.712052,3
2018,9,23,10,0,臺中市,北區,0,2,0,8,1,5,40,14,9,1,5,4,5,7,4,4,9,5,5,2,1,42,2,9,1,1,C03,7,1,1,10,2,11,  ,42,42,1,20,7,C03,24.153907,120.678957,2
2018,9,23,10,5,臺中市,東區,,,,,,,,,,,,,,,,,,,,,,,,,,,C03,,,1,,2,,,17,,1,5,,C03,24.143076,120.696353,3
2018,9,23,10,19,臺中市,清水區,0,0,0,8,,,50,,,,,,,,,,,,,,,25,  ,  ,  ,  ,C03,  ,  ,1,  ,5,  ,  ,25,25,1,21,  ,C03,24.274135,120.565227,3
2018,9,23,10,23,臺中市,清水區,0,0,0,8,,,50,,,,,,,,,,,,,,,42,  ,  ,  ,  ,B03,  ,  ,1,  ,2,  ,  ,42,42,1,21,  ,B03,24.268353,120.575243,3
2018,9,23,10,24,臺中市,大雅區,0,0,,8,,,50,,,,,,,,,,,,,,,,,,,,B03,,,1,,2,,,23,,1,  ,,B03,24.225505,120.645155,3
2018,9,23,10,30,臺中市,大里區,0,0,0,8,,,50,,,,,,,,,,,,,,,18,  ,  ,  ,  ,B03,  ,  ,1,  ,2,  ,  ,18,18,1,22,  ,B03,24.107426,120.684444,3
2018,9,23,10,37,臺中市,北屯區,0,1,0,8,1,5,40,14,8,1,5,4,5,7,4,4,1,4,4,2,12,19,3,10,1,1,B03,7,1,1,8,2,7,  ,19,19,1,22,8,B03,24.17009,120.68538,2
2018,9,23,10,37,臺中市,沙鹿區,0,1,0,8,1,5,50,4,1,1,5,4,5,7,2,1,1,4,1,1,12,27,3,10,1,1,B03,7,6,1,8,2,6,  ,27,27,1,4,8,B03,24.239161,120.564218,2
2018,9,23,10,40,臺中市,豐原區,0,2,0,8,1,5,50,4,1,1,5,4,5,7,2,1,10,5,5,2,16,43,4,11,3,4,   ,7,5,7,19,11,15,  ,43,43,2,22,9,   ,24.265554,120.746344,2
2018,9,23,10,44,臺中市,南區,0,2,0,8,1,5,50,4,1,1,5,4,5,7,3,1,10,5,5,2,15,6,2,9,1,1,C03,7,9,1,10,2,11,  ,6,6,1,17,5,C03,24.12022,120.656421,2
2018,9,23,10,44,臺中市,沙鹿區,0,1,0,8,1,5,50,14,9,1,5,4,5,7,4,4,5,5,5,2,11,19,3,10,1,1,C03,7,1,1,10,2,11,  ,19,19,1,12,8,C03,24.233478,120.557193,2
2018,9,23,10,45,臺中市,大雅區,0,0,,8,,,50,,,,,,,,,,,,,,,,,,,,B03,,,1,,2,,,7,,1,22,,B03,24.225603,120.645426,3
2018,9,23,10,54,臺中市,南屯區,0,0,,8,,,50,,,,,,,,,,,,,,,,,,,,B03,,,1,,2,,,7,,1,5,,B03,24.142274,120.638203,3
2018,9,23,11,9,臺中市,東勢區,0,0,,8,,,50,,,,,,,,,,,,,,,,,,,,B03,,,1,,1,,,12,,1,  ,,B03,24.253568,120.830573,3
2018,9,23,11,14,臺中市,南屯區,0,1,0,8,1,5,40,14,8,1,5,4,5,7,4,4,10,4,4,2,16,19,3,10,3,4,B03,7,1,1,8,2,8,  ,19,19,1,12,8,B03,24.145807,120.638737,2
2018,9,23,11,15,臺中市,西屯區,0,0,,8,,,50,,,,,,,,,,,,,,,,,,,,B03,,,1,,2,,,26,,1,22,,B03,24.206713,120.651951,3
2018,9,23,11,20,臺中市,龍井區,0,1,0,8,1,5,50,4,1,1,5,4,5,7,1,1,10,5,5,2,16,43,2,9,1,1,C03,7,5,1,10,2,14,  ,43,43,1,12,8,C03,24.210361,120.539975,2
2018,9,23,11,27,臺中市,南區,0,1,0,8,1,5,50,4,1,1,5,4,5,7,1,1,10,5,5,2,17,25,3,10,1,1,B03,7,6,1,8,2,5,  ,25,25,1,21,8,B03,24.114819,120.652344,2
2018,9,23,11,36,臺中市,神岡區,0,0,,8,,,50,,,,,,,,,,,,,,,,,,,,B03,,,1,,3,,,23,,1,21,,B03,24.248369,120.696136,3
2018,9,23,11,43,臺中市,西區,0,1,0,8,1,5,50,3,2,1,5,4,5,7,4,4,10,4,5,2,17,19,3,10,2,1,B03,7,1,1,8,2,7,  ,19,19,1,21,8,B03,24.142005,120.678556,2
2018,9,23,11,45,臺中市,清水區,,,,8,,,50,,,,,,,,,,,,,,,,,,,,C03,,,4,,2,,,23,,1,21,,C03,24.269044,120.578707,3
2018,9,23,11,45,臺中市,潭子區,0,0,,8,1,5,40,14,9,1,5,4,5,7,4,4,10,5,5,2,16,,,,,,B03,,,1,,2,,,10,,1,22,,B03,24.213398,120.706183,3
2018,9,23,11,57,臺中市,沙鹿區,0,0,,8,,,50,,,,,,,,,,,,,,,,,,,,B03,,,1,,2,,,23,,1,  ,,B03,24.238342,120.568509,3
2018,9,23,12,0,臺中市,烏日區,0,1,0,8,1,5,40,14,9,1,5,4,5,7,4,4,10,5,5,2,14,12,3,10,1,1,B03,7,2,1,8,2,7,  ,12,12,1,21,8,B03,24.061348,120.643323,2
2018,9,23,12,3,臺中市,北屯區,0,1,0,8,1,5,50,3,1,1,5,4,5,7,1,1,5,2,5,1,16,25,3,10,1,1,B03,7,9,1,8,2,4,  ,25,25,1,22,8,B03,24.201281,120.683583,2
2018,9,23,12,10,臺中市,西屯區,0,1,0,8,1,5,50,14,7,1,5,4,5,7,4,4,9,4,4,2,16,19,3,10,1,1,B02,7,1,1,8,2,8,  ,19,19,1,4,8,B02,24.167355,120.637933,2
2018,9,23,12,19,臺中市,西屯區,0,0,,8,,,50,,,,,,,,,,,,,,,,,,,,B03,,,1,,2,,,23,,1,21,,B03,24.178224,120.618597,3
2018,9,23,12,28,臺中市,大甲區,0,0,,8,,,50,,,,,,,,,,,,,,,,,,,,B03,,,1,,2,,,6,,1,4,,B03,24.402194,120.648878,3
2018,9,23,12,30,臺中市,西區,0,1,0,8,1,5,50,4,1,1,5,4,5,7,4,4,10,5,5,2,15,6,2,9,1,1,C03,7,9,1,10,2,11,  ,6,6,1,21,8,C03,24.141299,120.668087,2
2018,9,23,12,32,臺中市,西屯區,0,0,,8,,,40,,,,,,,,,,,,,,,,,,,,B03,,,1,,2,,,12,,1,22,,B03,24.178203,120.611873,3
2018,9,23,12,35,臺中市,新社區,0,2,0,8,1,5,50,14,9,1,5,4,5,7,4,4,5,4,4,2,16,26,2,7,1,1,C03,7,11,1,10,2,11,  ,26,26,1,21,8,C03,24.241034,120.808348,2
2018,9,23,12,42,臺中市,中區,0,1,0,8,1,5,50,14,9,1,5,4,5,7,4,4,10,5,5,2,12,23,3,10,1,1,B03,7,9,1,8,2,5,  ,23,23,1,22,9,B03,24.140987,120.682628,2
2018,9,23,12,54,臺中市,西屯區,0,0,,8,,,50,,,,,,,,,,,,,,,,,,,,C03,,,1,,2,,,23,,1,22,,C03,24.163883,120.645708,3
2018,9,23,13,3,臺中市,太平區,0,0,,8,,,40,,,,,,,,,,,,,,,,,,,,   ,,,7,,11,,,43,,1,  ,,   ,24.149043,120.721364,3
2018,9,23,13,7,臺中市,西屯區,0,1,0,8,1,5,50,4,1,1,5,4,5,7,1,1,5,4,5,2,13,16,2,9,1,1,C03,7,9,1,10,2,11,  ,16,16,1,21,8,C03,24.165605,120.652918,2
2018,9,23,13,14,臺中市,太平區,0,2,0,8,1,5,50,4,1,1,5,4,5,7,2,1,10,5,5,2,16,43,2,9,1,1,C03,7,9,1,10,2,11,  ,43,43,1,4,8,C03,24.155009,120.719159,2
2018,9,23,13,17,臺中市,西區,0,2,0,8,1,5,40,14,8,1,5,4,5,7,4,4,3,4,3,2,17,42,2,9,1,1,C03,7,9,1,10,2,15,  ,42,42,1,21,8,C03,24.15067,120.670447,2
2018,9,23,13,18,臺中市,西屯區,0,1,0,8,1,5,50,3,1,1,5,4,5,7,4,4,10,5,5,2,13,16,2,9,1,1,C03,7,9,1,10,2,11,  ,16,16,1,5,8,C03,24.19036,120.612501,2
2018,9,23,13,41,臺中市,北屯區,0,1,0,8,1,5,50,3,1,1,5,4,5,7,3,1,10,5,5,2,16,6,3,10,1,1,B03,7,5,1,8,2,5,  ,6,6,1,21,8,B03,24.179861,120.738922,2
2018,9,23,13,41,臺中市,大雅區,0,0,,8,,,50,,,,,,,,,,,,,,,,,,,,B03,,,1,,2,,,6,,1,  ,,B03,24.219055,120.653354,3