年,月,日,時,分,縣市,區,死,受傷,2-30,天候,光線,道路類別,速限,道路型態,事故位置,路面鋪裝,路面狀態,路面缺陷,障礙物,視距,號誌種類,號誌動作,分向設施,快車道或一般車道間,快慢車道間,路面邊線,事故類型及型態,主要肇因,受傷程度,主要傷處,保護裝備,行動電話,當事者區分_類別,車輛用途,當事者行動狀態,駕駛資格情形,駕駛執照種類,飲酒情形,車輛撞擊部位最初,車輛撞擊部位其他,肇事因素個別,肇事因素主要,肇事逃逸,職業,旅次目的,車種,GPS座標_緯度,GPS座標_經度,事故類別
2018,9,23,13,42,臺中市,北屯區,0,1,0,8,1,5,50,4,1,1,5,4,5,7,1,1,10,5,5,2,16,25,3,10,1,1,B03,7,5,3,18,2,2,  ,25,25,1,22,8,B03,24.174984,120.721014,2
2018,9,23,13,42,臺中市,北屯區,0,0,,8,,,40,,,,,,,,,,,,,,,,,,,,B03,,,1,,2,,,23,,1,5,,B03,24.201188,120.665623,3
2018,9,23,13,45,臺中市,西屯區,0,0,,8,,,40,,,,,,,,,,,,,,,,,,,,B03,,,1,,2,,,16,,1,21,,B03,24.162277,120.628311,3
2018,9,23,13,49,臺中市,西區,0,0,,8,,,60,,,,,,,,,,,,,,,,,,,,B03,,,1,,2,,,23,,1,22,,B03,24.150413,120.670488,3
2018,9,23,13,49,臺中市,潭子區,0,0,,8,1,5,40,14,9,1,5,4,5,7,4,4,10,4,4,1,11,,,,,,B03,,,1,,2,,,5,,1,22,,B03,24.232036,120.690326,3
2018,9,23,13,51,臺中市,大雅區,0,1,0,8,1,5,50,4,1,1,5,4,5,7,4,4,5,5,5,1,15,6,3,10,1,1,B01,7,9,1,4,2,4,  ,6,6,1,22,9,B01,24.236179,120.645206,2
2018,9,23,13,53,臺中市,西區,0,1,0,8,1,5,50,3,1,1,5,4,5,7,4,4,1,4,4,2,14,12,3,10,1,1,B03,7,2,1,8,2,7,  ,12,12,1,5,8,B03,24.13054,120.664608,2
2018,9,23,14,2,臺中市,清水區,0,1,0,8,1,5,70,14,8,1,5,4,5,7,4,4,2,4,4,2,17,7,3,10,1,1,B12,7,8,1,8,2,3,  ,7,7,1,21,5,B12,24.31397,120.604401,2
2018,9,23,14,13,臺中市,北屯區,0,1,0,8,1,5,50,4,2,1,5,4,5,7,1,1,9,5,5,2,14,12,3,10,1,1,B03,7,2,1,8,2,7,  ,12,12,1,22,8,B03,24.17677,120.691405,2
2018,9,23,14,14,臺中市,西屯區,0,1,0,8,1,5,50,14,9,1,5,4,5,7,4,4,1,4,5,2,17,43,2,9,1,1,C03,7,9,1,10,2,15,  ,43,43,1,22,9,C03,24.170323,120.657553,2
2018,9,23,14,20,臺中市,西區,0,1,0,8,1,5,50,4,1,1,5,4,5,7,1,1,10,5,5,2,16,9,3,10,1,1,B12,7,6,1,8,2,2,  ,9,9,1,21,8,B12,24.131573,120.667556,2
2018,9,23,14,21,臺中市,大雅區,0,0,,8,,,50,,,,,,,,,,,,,,,,,,,,B03,,,1,,2,,,12,,1,  ,,B03,24.225785,120.645852,3
2018,9,23,14,27,臺中市,北屯區,0,0,,8,,,50,,,,,,,,,,,,,,,,,,,,B03,,,1,,2,,,23,,1,5,,B03,24.18,120.7217,3
2018,9,23,14,34,臺中市,烏日區,0,3,0,8,1,5,50,14,7,1,5,4,5,7,4,4,4,4,5,1,16,26,2,9,4,1,F02,7,11,8,20,7,16,  ,26,26,1,21,8,F02,24.071746,120.642683,2
2018,9,23,14,36,臺中市,沙鹿區,0,1,0,8,1,5,40,4,1,1,5,4,5,7,4,4,10,5,5,2,16,8,3,10,1,1,C03,7,5,1,10,2,14,  ,8,8,1,21,9,C03,24.236403,120.565433,2
2018,9,23,14,38,臺中市,西屯區,0,2,0,8,1,5,50,4,1,1,5,4,5,7,1,1,10,5,5,2,17,19,3,10,1,1,C03,7,1,1,10,2,14,  ,19,19,1,22,8,C03,24.17887,120.64513,2
2018,9,23,14,40,臺中市,北屯區,0,0,0,8,,,50,,,,,,,,,,,,,,,19,  ,  ,  ,  ,B12,  ,  ,1,  ,2,  ,  ,44,19,1,5,  ,B12,24.175711,120.685838,3
2018,9,23,14,41,臺中市,西區,0,1,0,8,1,5,50,14,9,1,5,4,5,7,4,4,5,5,4,2,18,23,2,9,1,1,C03,7,9,1,10,2,14,  ,23,23,1,22,9,C03,24.151512,120.655071,2
2018,9,23,14,45,臺中市,大里區,0,0,,8,,,50,,,,,,,,,,,,,,,,,,,,B03,,,1,,2,,,12,,1,22,,B03,24.106736,120.709146,3
2018,9,23,14,48,臺中市,西屯區,0,0,,8,,,50,,,,,,,,,,,,,,,,,,,,B03,,,1,,2,,,16,,1,  ,,B03,24.162675,120.641323,3
2018,9,23,14,53,臺中市,南區,0,1,0,8,1,5,50,3,1,1,5,4,5,7,1,1,10,5,5,2,17,38,3,10,1,1,B03,7,15,1,8,2,6,  ,38,38,1,21,8,B03,24.133563,120.680803,2
2018,9,23,14,54,臺中市,北區,0,0,0,8,,,50,,,,,,,,,,,,,,,23,  ,  ,  ,  ,B03,  ,  ,1,  ,2,  ,  ,23,23,1,5,  ,B03,24.152759,120.685456,3
2018,9,23,14,58,臺中市,后里區,0,0,,8,,,50,,,,,,,,,,,,,,,,,,,,B12,,,1,,2,,,12,,1,22,,B12,24.306425,120.710523,3
2018,9,23,15,6,臺中市,霧峰區,0,0,,8,,,40,,,,,,,,,,,,,,,,,,,,B03,,,1,,2,,,23,,1,  ,,B03,24.012896,120.695508,3
2018,9,23,15,9,臺中市,北區,0,0,0,8,,,50,,,,,,,,,,,,,,,25,3,  ,  ,  ,B03,  ,  ,1,  ,2,  ,  ,25,25,1,5,  ,B03,24.159124,120.684923,3
2018,9,23,15,10,臺中市,龍井區,0,1,0,8,1,5,50,4,2,1,5,4,5,7,4,4,5,5,5,2,3,53,2,9,4,5,H01,8,18,8,20,10,16,  ,53,53,1,13,8,H01,24.18798,120.592261,2
2018,9,23,15,11,臺中市,中區,0,0,0,8,,,50,,,,,,,,,,,,,,,42,  ,  ,  ,  ,A04,  ,  ,1,  ,2,  ,  ,42,42,1,5,  ,A04,24.137304,120.684303,3
2018,9,23,15,12,臺中市,北區,0,1,0,8,1,5,50,4,1,1,5,4,5,7,1,1,10,5,5,2,15,1,3,10,1,1,C03,7,4,1,10,2,12,  ,1,1,1,22,8,C03,24.146356,120.682898,2
2018,9,23,15,20,臺中市,東區,0,1,0,8,1,5,50,4,1,1,5,4,5,7,1,1,10,5,5,2,16,6,3,10,1,1,B12,7,6,1,8,2,6,  ,6,6,1,5,8,B12,24.140116,120.700051,2
2018,9,23,15,40,臺中市,南區,0,0,,,,,,,,,,,,,,,,,,,,,,,,,B03,,,1,,2,,,23,,1,4,,B03,24.126723,120.669994,3
2018,9,23,15,40,臺中市,北屯區,0,0,,8,,,50,,,,,,,,,,,,,,,,,,,,B03,,,1,,2,,,43,,1,  ,,B03,24.19634,120.747945,3
2018,9,23,15,44,臺中市,北屯區,0,1,0,8,1,5,50,14,9,1,5,4,5,7,4,4,1,4,5,2,17,23,3,10,1,1,B03,7,11,1,8,2,5,  ,23,23,1,22,8,B03,24.173859,120.671026,2
2018,9,23,15,51,臺中市,南區,0,0,0,8,,,50,,,,,,,,,,,,,,,7,3,  ,  ,  ,B03,  ,  ,1,  ,2,  ,  ,7,7,  ,22,  ,B03,24.125553,120.679151,3
2018,9,23,15,51,臺中市,大肚區,0,1,0,8,1,5,40,14,9,1,5,4,5,7,4,4,10,5,5,2,11,6,2,9,1,1,C03,7,9,1,10,2,11,  ,6,6,1,19,8,C03,24.123691,120.574883,2
2018,9,23,15,55,臺中市,大肚區,0,0,,8,,,40,,,,,,,,,,,,,,,,,,,,B03,,,1,,2,,,9,,1,21,,B03,24.172761,120.53209,3
2018,9,23,16,2,臺中市,北屯區,0,0,,8,,,50,,,,,,,,,,,,,,,,,,,,B03,,,1,,2,,,16,,1,19,,B03,24.1813,120.6821,3
2018,9,23,16,3,臺中市,南區,0,0,0,8,,,40,,,,,,,,,,,,,,,23,3,  ,  ,  ,F01,  ,  ,8,20,2,  ,  ,23,23,  ,21,  ,F01,24.1279,120.68359,3
2018,9,23,16,6,臺中市,北屯區,0,2,0,8,1,5,50,3,1,1,5,4,5,7,4,4,4,3,5,2,17,4,2,4,1,1,C03,7,5,3,18,2,11,  ,4,4,1,21,8,C03,24.173736,120.682844,2
2018,9,23,16,8,臺中市,梧棲區,0,2,0,8,1,5,50,14,9,1,5,4,5,7,4,4,5,4,5,1,16,26,2,9,1,1,C03,7,9,1,10,2,11,  ,26,26,1,18,8,C03,24.25217,120.532897,2
2018,9,23,16,10,臺中市,和平區,0,0,0,8,1,7,25,14,9,1,4,4,3,7,4,4,10,5,5,1,12,40,3,10,4,4,B03,7,13,1,8,2,4,  ,40,40,1,22,9,B03,24.226591,120.89475,4
2018,9,23,16,15,臺中市,南區,0,0,,8,,,50,,,,,,,,,,,,,,,,,,,,B03,,,1,,2,,,19,,1,22,,B03,24.122371,120.667144,3
2018,9,23,16,20,臺中市,北屯區,0,2,0,8,1,5,40,14,8,1,5,4,5,7,4,4,1,4,4,2,12,42,2,7,1,1,C04,7,9,1,11,2,12,  ,42,42,1,19,8,C04,24.164904,120.708941,2
2018,9,23,16,20,臺中市,沙鹿區,0,1,0,8,1,5,40,4,1,1,5,4,5,7,2,1,1,4,4,1,16,26,2,9,1,1,C03,7,9,1,10,2,11,  ,44,26,1,18,8,C03,24.230012,120.574355,2
2018,9,23,16,40,臺中市,東勢區,0,1,0,8,1,5,30,14,9,1,5,4,5,7,4,4,1,4,5,2,13,23,3,10,1,1,B03,7,9,1,8,2,1,  ,23,23,1,21,8,B03,24.25855,120.824047,2
2018,9,23,16,42,臺中市,西區,0,1,0,8,1,5,50,4,1,1,5,4,5,7,1,1,10,5,5,2,16,6,3,10,1,1,B03,7,6,1,8,2,2,  ,6,6,1,21,8,B03,24.145438,120.671306,2
2018,9,23,16,46,臺中市,北屯區,0,0,,8,,,50,,,,,,,,,,,,,,,,,,,,B03,,,1,,2,,,23,,1,  ,,B03,24.18799,120.682441,3
2018,9,23,16,50,臺中市,南區,0,0,,8,,,50,,,,,,,,,,,,,,,,,,,,B03,,,1,,3,,,23,,1,  ,,B03,24.127518,120.662686,3
2018,9,23,16,51,臺中市,潭子區,0,2,0,8,1,5,50,14,7,1,5,4,5,7,4,4,1,4,4,1,16,4,2,7,1,1,C03,7,11,1,10,2,14,  ,4,4,1,22,8,C03,24.20065,120.703826,2
2018,9,23,16,54,臺中市,外埔區,0,0,0,,,,,,,,,,,,,,,,,,,25,  ,  ,  ,  ,B03,  ,  ,1,  ,2,  ,  ,25,25,1,  ,  ,B03,24.338868,120.656452,3
2018,9,23,17,5,臺中市,大雅區,0,1,0,8,2,5,50,14,9,1,5,4,5,7,4,4,1,4,5,1,17,23,2,9,1,1,C03,7,9,1,10,2,11,  ,23,23,1,22,9,C03,24.231254,120.659461,2
2018,9,23,17,6,臺中市,清水區,0,1,0,8,1,5,50,14,7,1,5,4,5,7,4,4,1,4,4,2,13,23,3,10,1,1,B03,7,9,1,8,2,5,  ,23,23,1,12,8,B03,24.298733,120.548194,2
2018,9,23,17,13,臺中市,北屯區,0,0,0,,,,,,,,,,,,,,,,,,,23,3,10,1,1,B03,7,9,1,8,2,1,  ,23,23,1,  ,8,B03,24.180121,120.721103,3
2018,9,23,17,15,臺中市,潭子區,0,0,,8,,,60,,,,,,,,,,,,,,,,,,,,B03,,,1,,2,,,17,,1,22,,B03,24.211888,120.705326,3
2018,9,23,17,22,臺中市,龍井區,0,1,0,8,1,5,40,4,1,1,5,4,5,7,4,4,10,5,5,2,15,6,2,9,1,1,C03,7,9,1,10,2,12,  ,6,6,1,12,8,C03,24.214959,120.527005,2
2018,9,23,17,25,臺中市,太平區,0,1,0,8,1,5,50,4,1,1,5,4,5,7,1,1,5,5,5,2,16,6,3,10,1,1,B03,7,5,1,8,2,1,  ,6,6,1,21,8,B03,24.151368,120.716822,2
2018,9,23,17,26,臺中市,西區,0,0,,8,,,50,,,,,,,,,,,,,,,,,,,,B03,,,1,,2,,,12,,1,21,,B03,24.144274,120.66434,3
2018,9,23,17,26,臺中市,龍井區,0,0,,8,,,60,,,,,,,,,,,,,,,,,,,,B12,,,1,,2,,,2,,1,  ,,B12,24.185477,120.573917,3
2018,9,23,17,33,臺中市,西區,0,0,0,8,,,40,,,,,,,,,,,,,,,42,3,  ,  ,  ,B03,  ,  ,1,  ,2,  ,  ,42,42,  ,5,  ,B03,24.136522,120.660648,3
2018,9,23,17,43,臺中市,大甲區,0,0,,8,,,50,,,,,,,,,,,,,,,,,,,,B03,,,1,,2,,,6,,1,2,,B03,24.346167,120.618176,3
2018,9,23,17,48,臺中市,太平區,0,0,,8,,,40,,,,,,,,,,,,,,,,,,,,B12,,,1,,2,,,23,,1,21,,B12,24.103993,120.731118,3
2018,9,23,18,4,臺中市,西屯區,0,1,0,8,3,5,40,14,9,1,5,4,5,7,4,4,10,5,5,2,14,12,3,10,1,1,B01,7,2,1,8,2,7,  ,12,12,1,21,8,B01,24.175816,120.63893,2
2018,9,23,18,4,臺中市,西屯區,0,0,,8,,,50,,,,,,,,,,,,,,,,,,,,B03,,,1,,2,,,19,,1,22,,B03,24.171276,120.646623,3
2018,9,23,18,8,臺中市,西屯區,0,0,,8,,,70,,,,,,,,,,,,,,,,,,,,C01,,,1,,2,,,23,,1,17,,C01,24.184703,120.58926,3
2018,9,23,18,10,臺中市,東勢區,0,0,,8,,,60,,,,,,,,,,,,,,,,,,,,B03,,,1,,2,,,23,,1,  ,,B03,24.281913,120.810795,3
2018,9,23,18,17,臺中市,東區,0,0,0,8,,,50,,,,,,,,,,,,,,,12,3,  ,  ,  ,B12,  ,  ,1,  ,2,  ,  ,12,12,2,5,  ,B12,24.134191,120.70404,3
2018,9,23,18,20,臺中市,西屯區,0,0,,8,,,50,,,,,,,,,,,,,,,,,,,,B02,,,1,,2,,,7,,1,22,,B02,24.169704,120.642059,3
2018,9,23,18,28,臺中市,南屯區,0,2,0,8,2,5,50,3,1,1,5,4,5,7,4,4,10,5,5,2,18,23,2,9,1,1,C03,7,9,1,10,2,12,  ,23,23,1,18,8,C03,24.114614,120.626255,2
2018,9,23,18,30,臺中市,北區,0,1,0,8,3,5,50,4,1,1,5,4,5,7,1,1,10,5,5,2,16,8,3,10,1,1,C03,7,5,4,8,2,14,14,8,8,1,22,9,C03,24.171307,120.678385,2
2018,9,23,18,30,臺中市,南屯區,0,0,,8,,,40,,,,,,,,,,,,,,,,,,,,B03,,,1,,2,,,2,,1,4,,B03,24.149397,120.623594,3
2018,9,23,18,30,臺中市,北屯區,0,0,,8,,,50,,,,,,,,,,,,,,,,,,,,B03,,,1,,2,,,26,,1,19,,B03,24.178686,120.737481,3
2018,9,23,18,30,臺中市,西屯區,0,0,,8,,,50,,,,,,,,,,,,,,,,,,,,C03,,,1,,2,,,7,,1,22,,C03,24.164113,120.646068,3
2018,9,23,18,34,臺中市,西屯區,0,1,0,8,3,5,50,4,1,1,5,4,5,7,2,1,10,5,5,2,12,17,3,10,1,1,B03,7,9,1,8,2,6,  ,17,17,1,22,8,B03,24.164663,120.646516,2
2018,9,23,18,37,臺中市,神岡區,0,0,,8,,,40,,,,,,,,,,,,,,,,,,,,B02,,,1,,2,,,12,,1,21,,B02,24.259117,120.71219,3
2018,9,23,18,45,臺中市,清水區,0,0,0,8,1,5,50,4,1,1,5,4,5,7,3,1,10,5,5,2,15,6,3,10,1,1,B02,7,9,1,8,2,1,  ,6,6,1,5,1,B02,24.274993,120.560026,3
2018,9,23,18,50,臺中市,西屯區,0,0,,8,,,50,,,,,,,,,,,,,,,,,,,,B03,,,1,,2,,,12,,1,  ,,B03,24.177785,120.64223,3
2018,9,23,18,56,臺中市,北屯區,0,1,0,8,3,5,50,14,9,1,5,4,5,7,1,1,1,2,5,2,13,44,2,8,1,1,C03,7,4,1,10,1,13,12,44,44,1,5,8,C03,24.17558,120.72111,2
2018,9,23,19,0,臺中市,大甲區,0,0,,8,,,50,,,,,,,,,,,,,,,,,,,,B12,,,1,,2,,,18,,1,9,,B12,24.35088,120.615042,3
2018,9,23,19,3,臺中市,北區,0,0,0,8,,,50,,,,,,,,,,,,,,,17,3,  ,  ,  ,B03,  ,  ,1,  ,2,  ,  ,17,17,1,22,  ,B03,24.15482,120.686252,3
2018,9,23,19,6,臺中市,清水區,0,0,0,8,,,50,,,,,,,,,,,,,,,12,  ,  ,  ,  ,B03,  ,  ,1,  ,2,  ,  ,12,12,1,12,  ,B03,24.286311,120.548932,3
2018,9,23,19,17,臺中市,北屯區,0,1,0,8,3,5,50,14,11,1,5,4,5,7,4,4,1,3,5,1,20,13,2,9,1,1,C03,7,9,1,10,2,11,  ,13,13,1,21,8,C03,24.205201,120.787028,2
2018,9,23,19,20,臺中市,太平區,0,1,0,8,3,5,40,12,9,1,5,4,5,7,4,4,5,5,5,1,18,6,2,9,1,1,C03,7,9,1,10,2,14,  ,13,6,1,21,1,C03,24.114718,120.762824,2
2018,9,23,19,23,臺中市,潭子區,0,0,,8,,,50,,,,,,,,,,,,,,,,,,,,B03,,,1,,2,,,23,,1,22,,B03,24.215992,120.702892,3
2018,9,23,19,31,臺中市,潭子區,0,1,0,8,3,5,50,5,1,1,5,4,5,7,3,1,10,5,5,2,12,17,3,10,1,1,B03,7,9,1,8,2,2,  ,17,17,1,22,8,B03,24.215482,120.705955,2
2018,9,23,19,35,臺中市,北屯區,0,2,0,8,3,5,50,3,1,1,5,4,5,7,4,4,10,5,5,2,16,42,2,5,1,1,C04,7,5,1,8,2,14,  ,42,42,1,20,8,C04,24.181851,120.691108,2
2018,9,23,19,35,臺中市,大甲區,0,0,,8,,,50,,,,,,,,,,,,,,,,,,,,B01,,,1,,2,,,12,,1,10,,B01,24.344519,120.6293,3
2018,9,23,19,36,臺中市,大雅區,0,0,,8,,,40,,,,,,,,,,,,,,,,,,,,B03,,,1,,9,,,5,,2,  ,,B03,24.21318,120.665471,3
2018,9,23,19,38,臺中市,西屯區,0,0,,8,,,40,,,,,,,,,,,,,,,,,,,,B03,,,1,,2,,,43,,1,22,,B03,24.183425,120.604578,3
2018,9,23,19,38,臺中市,潭子區,0,1,0,8,3,5,50,4,1,1,5,4,5,7,3,1,5,5,5,1,16,6,3,10,1,1,B03,7,9,1,8,2,4,  ,6,6,1,22,9,B03,24.19198,120.701649,2
2018,9,23,19,40,臺中市,北區,0,1,0,8,3,5,40,14,9,1,5,4,5,7,4,4,1,5,5,2,16,9,3,10,3,4,B12,7,6,1,8,2,5,5,9,9,1,22,8,B12,24.165461,120.674861,2
2018,9,23,19,40,臺中市,西屯區,0,0,,8,,,50,,,,,,,,,,,,,,,,,,,,B03,,,1,,2,,,17,,1,22,,B03,24.166216,120.637305,3
2018,9,23,19,45,臺中市,南屯區,0,0,,8,,,40,,,,,,,,,,,,,,,,,,,,B03,,,1,,9,,,12,,2,22,,B03,24.150571,120.636065,3
2018,9,23,19,53,臺中市,大里區,0,1,0,8,3,5,50,14,7,1,5,4,5,7,4,4,9,5,4,2,17,26,3,10,1,1,B03,7,5,1,8,2,2,  ,26,26,1,21,9,B03,24.100599,120.685251,2
2018,9,23,19,59,臺中市,東勢區,0,2,0,7,4,5,50,14,9,1,5,4,5,7,4,4,5,5,5,1,13,23,2,9,1,1,B12,7,9,1,8,2,5,  ,23,23,1,22,8,B12,24.256768,120.851714,2
2018,9,23,20,0,臺中市,后里區,0,1,0,8,3,5,50,14,9,1,5,4,5,7,4,4,1,3,5,1,20,23,2,9,1,1,C03,7,9,1,10,2,14,  ,23,23,1,20,1,C03,24.312326,120.702261,2
2018,9,23,20,0,臺中市,神岡區,0,1,0,8,3,5,50,3,1,1,5,4,5,7,4,4,10,5,4,2,12,19,3,10,1,1,B03,7,1,1,8,2,4,  ,19,19,1,22,8,B03,24.258683,120.710366,2
2018,9,23,20,8,臺中市,南屯區,0,1,0,8,3,5,50,4,1,1,5,4,5,7,1,1,10,5,5,2,15,25,3,10,1,1,C03,7,9,1,10,2,14,  ,25,25,1,21,8,C03,24.135696,120.611689,2
2018,9,23,20,18,臺中市,梧棲區,0,0,,,,,,,,,,,,,,,,,,,,,,,,,B03,,,1,,2,,,12,,1,5,,B03,24.258655,120.532262,3
2018,9,23,20,45,臺中市,潭子區,0,0,,8,,,50,,,,,,,,,,,,,,,,,,,,B03,,,1,,2,,,12,,1,22,,B03,24.207773,120.700951,3
2018,9,23,20,46,臺中市,大里區,0,0,,8,,,60,,,,,,,,,,,,,,,,,,,,B03,,,1,,2,,,12,,1,22,,B03,24.105095,120.688931,3
2018,9,23,20,48,臺中市,西區,0,2,0,8,3,5,50,5,1,1,5,4,5,7,1,1,10,5,5,2,17,23,2,9,1,1,C03,7,6,1,10,2,11,  ,23,23,1,5,5,C03,24.129352,120.664828,2
2018,9,23,20,50,臺中市,烏日區,0,1,0,8,3,5,40,14,9,1,5,4,5,7,4,4,10,5,5,2,3,53,2,9,4,5,H01,8,20,8,20,1,16,  ,53,53,1,21,8,H01,24.109813,120.64207,2
2018,9,23,20,51,臺中市,沙鹿區,0,0,0,8,,,50,,,,,,,,,,,,,,,42,  ,  ,  ,  ,B03,  ,  ,1,  ,2,  ,  ,42,42,1,21,  ,B03,24.203372,120.567101,3
2018,9,23,21,0,臺中市,大雅區,0,1,0,8,3,5,40,4,2,1,5,4,5,7,1,1,4,5,5,1,11,6,3,10,1,1,B03,7,5,1,8,2,1,  ,6,6,1,22,8,B03,24.240639,120.6571,2
2018,9,23,21,21,臺中市,潭子區,0,0,,8,,,50,,,,,,,,,,,,,,,,,,,,C03,,,1,,2,,,8,,1,22,,C03,24.219906,120.694009,3
2018,9,23,21,23,臺中市,太平區,0,0,,8,,,50,,,,,,,,,,,,,,,,,,,,B03,,,1,,9,,,43,,2,5,,B03,24.141337,120.713783,3
2018,9,23,21,30,臺中市,北屯區,0,1,0,8,3,5,50,4,1,1,5,4,5,7,2,1,10,5,5,2,16,25,3,10,3,4,B03,7,9,1,8,2,5,  ,25,25,1,22,8,B03,24.18891,120.722393,2
2018,9,23,22,6,臺中市,南區,0,1,0,8,3,5,50,4,1,1,5,4,5,7,4,4,10,5,5,2,15,6,2,9,1,1,C03,7,9,1,10,2,11,  ,6,6,1,21,8,C03,24.129723,120.676151,2
2018,9,23,22,13,臺中市,龍井區,0,2,0,8,3,5,50,3,9,1,5,4,5,7,3,1,9,5,5,1,12,43,2,8,1,1,C03,7,5,4,8,2,15,  ,43,43,1,5,1,C03,24.20047,120.523421,2
2018,9,23,22,20,臺中市,南屯區,0,0,0,8,,,40,,,,,,,,3,,,,,,,23,3,  ,  ,  ,B03,  ,  ,1,  ,2,  ,  ,23,23,1,21,  ,B03,24.138947,120.612826,3
2018,9,23,22,26,臺中市,大雅區,0,3,0,8,3,5,70,4,1,1,5,4,5,7,1,1,1,4,4,1,16,25,2,9,1,1,C03,7,5,1,10,2,12,  ,25,25,1,22,9,C03,24.241169,120.62999,2
2018,9,23,22,31,臺中市,西屯區,0,0,,8,,,50,,,,,,,,,,,,,,,,,,,,B03,,,1,,2,,,10,,1,22,,B03,24.163723,120.66231,3
2018,9,23,22,37,臺中市,西屯區,0,1,0,8,3,5,50,4,1,1,5,4,5,7,1,1,4,3,4,2,18,42,2,9,1,1,C03,7,9,1,10,2,14,  ,42,42,1,21,8,C03,24.18081,120.637953,2
2018,9,23,22,42,臺中市,南區,0,0,0,8,,,50,,,,,,,,,,,,,,,23,3,  ,  ,  ,B03,  ,  ,1,8,2,  ,  ,23,23,  ,21,  ,B03,24.128031,120.66824,3
2018,9,23,22,45,臺中市,潭子區,0,1,0,8,3,5,60,14,9,1,5,4,5,7,4,4,1,4,5,1,13,23,2,7,1,1,C03,7,9,1,10,2,14,  ,23,23,1,22,9,C03,24.201928,120.703839,2
2018,9,23,23,0,臺中市,西屯區,0,3,0,8,3,5,50,4,1,1,5,4,5,7,3,1,10,5,5,2,15,6,2,9,1,1,B03,7,9,1,8,2,1,  ,6,6,1,21,8,B03,24.192063,120.611354,2
2018,9,23,23,9,臺中市,神岡區,0,1,0,8,3,5,50,14,5,1,5,4,5,7,4,4,1,4,5,1,27,23,2,9,1,1,C03,7,9,1,10,2,11,14,23,23,1,22,8,C03,24.247201,120.688403,2
2018,9,23,23,23,臺中市,大肚區,0,2,0,8,3,5,50,4,1,1,5,4,5,7,4,4,10,5,5,2,15,6,2,9,1,1,C03,7,9,1,10,2,12,  ,6,6,1,22,5,C03,24.156428,120.53996,2
2018,9,23,23,39,臺中市,西屯區,0,0,,8,,,50,,,,,,,,,,,,,,,,,,,,B03,,,1,,2,,,42,,1,22,,B03,24.163556,120.634213,3
2018,9,23,23,40,臺中市,大肚區,1,2,0,8,3,5,50,14,9,1,5,4,5,7,4,4,5,5,5,1,10,26,2,3,1,1,B03,7,9,1,8,2,1,  ,26,26,1,3,8,B03,24.167438,120.53624,1
2018,9,23,23,41,臺中市,沙鹿區,0,0,,8,,,40,,,,,,,,,,,,,,,,,,,,B03,,,1,,2,,,12,,1,21,,B03,24.201347,120.580702,4
2018,9,23,23,48,臺中市,太平區,0,2,0,8,3,5,50,4,1,1,5,4,5,7,3,1,10,5,5,2,15,6,2,7,1,1,B03,7,9,1,8,2,8,  ,6,6,1,21,8,B03,24.155714,120.723096,2
2018,9,24,0,7,臺中市,龍井區,0,0,,8,,,70,,,,,,,,,,,,,,,,,,,,B03,,,1,,2,,,23,,1,22,,B03,24.188089,120.58141,3
2018,9,24,0,30,臺中市,豐原區,0,0,0,8,3,5,50,14,7,1,5,4,5,7,1,1,4,2,4,1,13,16,3,10,1,1,B12,7,7,1,8,8,5,  ,16,16,1,21,8,B12,24.25727,120.728773,3
2018,9,24,1,20,臺中市,西屯區,0,1,0,8,3,5,50,4,1,1,5,4,5,7,2,1,10,5,5,2,16,6,3,10,1,1,B03,7,5,1,8,2,8,  ,6,6,1,21,8,B03,24.184585,120.626106,2
2018,9,24,2,17,臺中市,西屯區,0,1,0,8,3,5,40,3,2,1,5,4,5,7,4,4,2,5,5,2,29,23,2,9,1,1,C03,7,9,1,10,2,11,  ,23,23,1,22,8,C03,24.172006,120.634953,2
2018,9,24,2,22,臺中市,西區,0,0,0,8,3,5,50,4,1,1,5,4,5,7,1,1,10,5,5,2,15,25,3,10,1,1,B03,7,9,1,8,2,1,  ,25,25,1,5,6,B03,24.149057,120.661678,3
2018,9,24,2,40,臺中市,北屯區,0,2,0,8,3,5,50,4,1,1,5,4,5,7,3,1,10,5,5,2,16,6,3,10,3,4,B03,7,9,1,8,2,5,  ,6,6,1,22,8,B03,24.180101,120.695065,2
2018,9,24,3,18,臺中市,神岡區,0,2,0,8,3,5,40,3,22,1,5,4,5,7,4,4,9,5,5,2,25,23,2,8,1,1,C03,7,21,1,10,7,11,  ,23,23,1,22,9,C03,24.278102,120.655342,2
2018,9,24,3,30,臺中市,南屯區,0,0,0,8,,,50,,,,,,,,,,,,,,,,3,  ,  ,  ,B03,  ,  ,1,  ,2,  ,  ,41,  ,1,22,  ,B03,24.130945,120.651164,3
2018,9,24,6,5,臺中市,大肚區,0,0,,8,,,70,,,,,,,,,,,,,,,,,,,,B12,,,1,,2,,,16,,1,9,,B12,24.128986,120.583835,3
2018,9,24,6,33,臺中市,北區,0,2,0,8,1,5,50,14,9,1,5,4,5,7,4,4,5,5,5,2,16,26,2,9,1,1,C03,7,7,1,10,2,14,  ,26,26,1,21,8,C03,24.164984,120.682387,2