年,月,日,時,分,縣市,區,死,受傷,2-30,天候,光線,道路類別,速限,道路型態,事故位置,路面鋪裝,路面狀態,路面缺陷,障礙物,視距,號誌種類,號誌動作,分向設施,快車道或一般車道間,快慢車道間,路面邊線,事故類型及型態,主要肇因,受傷程度,主要傷處,保護裝備,行動電話,當事者區分_類別,車輛用途,當事者行動狀態,駕駛資格情形,駕駛執照種類,飲酒情形,車輛撞擊部位最初,車輛撞擊部位其他,肇事因素個別,肇事因素主要,肇事逃逸,職業,旅次目的,車種,GPS座標_緯度,GPS座標_經度,事故類別
2018,9,25,12,30,臺中市,清水區,0,1,0,8,1,5,60,14,9,1,5,4,5,7,4,4,1,4,5,1,17,19,2,6,1,1,C03,7,1,1,10,2,11,  ,19,19,1,22,8,C03,24.279539,120.548416,2
2018,9,25,12,40,臺中市,北屯區,0,1,0,8,1,5,50,14,7,1,5,4,5,7,4,4,9,5,5,2,17,12,3,10,1,1,B12,7,2,1,8,2,7,  ,12,12,1,22,8,B12,24.183642,120.687336,2
2018,9,25,12,44,臺中市,西區,0,0,,8,,,50,,,,,,,,,,,,,,,,,,,,B03,,,1,,2,,,23,,1,5,,B03,24.131896,120.67244,3
2018,9,25,12,45,臺中市,北屯區,0,1,0,8,1,5,50,3,2,1,5,4,5,7,3,1,5,5,5,2,16,10,3,10,1,1,B03,7,11,1,8,2,8,  ,10,10,1,22,8,B03,24.16149,120.720751,2
2018,9,25,12,53,臺中市,龍井區,0,0,,8,,,50,,,,,,,,,,,,,,,,,,,,B12,,,1,,2,,,17,,1,10,,B12,24.181772,120.585823,3
2018,9,25,13,0,臺中市,西屯區,0,1,0,8,1,5,40,3,1,1,5,4,5,7,4,4,10,5,5,2,16,6,3,10,3,4,B03,7,6,1,7,2,2,  ,6,6,1,21,8,B03,24.183824,120.607899,2
2018,9,25,13,12,臺中市,神岡區,0,1,0,8,1,5,50,14,7,1,5,4,5,7,3,1,5,4,4,2,29,23,2,9,1,1,C03,7,9,1,10,2,15,  ,23,23,1,5,1,C03,24.257115,120.712191,2
2018,9,25,13,22,臺中市,北區,0,0,0,8,,,50,,,,,,,,,,,,,,,6,  ,  ,  ,  ,B03,  ,  ,1,  ,2,  ,  ,6,6,1,  ,  ,B03,24.16677,120.680414,3
2018,9,25,13,25,臺中市,南區,0,1,0,8,1,5,50,4,1,1,5,4,5,7,1,1,10,5,5,2,17,25,3,10,1,1,B03,7,11,1,8,2,8,  ,25,25,1,22,8,B03,24.116876,120.66957,2
2018,9,25,13,30,臺中市,大甲區,0,1,0,8,1,5,40,14,9,1,5,4,5,7,4,4,10,5,5,2,11,17,3,10,1,1,B03,7,9,1,8,2,4,  ,17,17,1,9,8,B03,24.356557,120.616974,2
2018,9,25,13,35,臺中市,清水區,,,,8,,,40,,,,,,,,,,,,,,,,,,,,B03,,,1,,2,,,12,,1,21,,B03,24.288951,120.540169,3
2018,9,25,14,13,臺中市,西屯區,0,3,0,8,1,5,40,14,9,1,5,4,5,7,4,4,10,5,5,2,16,8,2,8,1,1,C03,7,5,1,10,2,14,  ,8,8,1,21,8,C03,24.16152,120.653998,2
2018,9,25,14,15,臺中市,沙鹿區,0,0,,8,,,40,,,,,,,,,,,,,,,,,,,,C03,,,1,,2,,,4,,2,20,,C03,24.231572,120.572931,3
2018,9,25,14,17,臺中市,北屯區,0,0,,8,,,40,,,,,,,,,,,,,,,,,,,,B03,,,1,,2,,,23,,1,  ,,B03,24.186844,120.668167,3
2018,9,25,14,23,臺中市,大里區,0,0,,8,,,50,,,,,,,,,,,,,,,,,,,,B03,,,1,,2,,,23,,1,21,,B03,24.10456,120.681621,3
2018,9,25,14,24,臺中市,西區,0,1,0,8,1,5,50,3,1,1,5,4,5,7,4,4,1,4,3,2,16,42,3,10,1,1,B03,7,6,1,8,2,2,  ,42,42,1,21,8,B03,24.156539,120.661017,2
2018,9,25,14,25,臺中市,大雅區,0,0,,8,,,50,,,,,,,,,,,,,,,,,,,,B03,,,1,,2,,,18,,1,  ,,B03,24.221929,120.647125,3
2018,9,25,14,31,臺中市,東區,0,1,0,8,1,5,50,14,9,1,5,4,5,7,4,4,5,4,5,2,17,7,3,10,1,1,B12,7,8,1,8,2,2,  ,7,7,1,21,8,B12,24.13465,120.708486,2
2018,9,25,14,37,臺中市,新社區,0,1,0,8,1,5,50,14,9,1,5,4,5,7,4,4,5,5,5,1,17,1,3,10,1,1,C03,7,4,1,10,2,11,  ,1,1,1,22,8,C03,24.196926,120.803185,2
2018,9,25,14,40,臺中市,南區,0,0,,8,,,40,,,,,,,,,,,,,,,,,,,,B12,,,3,,2,,,23,,1,9,,B12,24.111633,120.650094,3
2018,9,25,14,45,臺中市,中區,0,1,0,8,1,5,50,5,1,1,5,4,5,7,1,1,10,5,5,2,16,8,2,9,1,1,F01,7,5,8,20,2,16,  ,8,8,1,21,5,F01,24.146482,120.678048,2
2018,9,25,14,45,臺中市,西屯區,0,0,0,8,,,50,,,,,,,,,,,,,,,43,  ,  ,  ,  ,B03,  ,  ,1,  ,2,  ,  ,43,43,1,19,  ,B03,24.181728,120.625063,3
2018,9,25,14,50,臺中市,東區,0,0,,8,,,50,,,,,,,,,,,,,,,,,,,,C03,,,3,,2,,,6,,1,22,,C03,24.149716,120.696463,3
2018,9,25,15,8,臺中市,沙鹿區,,,,8,,,50,,,,,,,,,,,,,,,,,,,,B03,,,1,,2,,,6,,1,21,,B03,24.251619,120.598039,3
2018,9,25,15,9,臺中市,北屯區,0,1,0,8,1,5,50,4,1,1,5,4,5,7,1,1,10,5,5,2,16,26,3,10,1,1,B03,7,6,1,8,2,2,  ,26,26,1,22,8,B03,24.164903,120.694264,2
2018,9,25,15,15,臺中市,西屯區,0,1,0,8,1,5,50,3,1,1,5,4,5,7,3,1,10,5,5,2,16,10,2,8,1,1,C03,7,9,1,10,2,12,  ,23,10,1,4,8,C03,24.17883,120.646456,2
2018,9,25,15,22,臺中市,南區,0,0,,8,1,5,40,3,1,1,5,4,5,7,4,4,5,5,5,2,14,,,,,,A31,,,1,,2,,,12,,1,5,,A31,24.122721,120.659372,3
2018,9,25,15,23,臺中市,西屯區,0,0,,8,,,50,,,,,,,,,,,,,,,,,,,,B03,,,1,,2,,,23,,1,22,,B03,24.162643,120.639426,3
2018,9,25,15,23,臺中市,西屯區,0,1,0,8,1,5,50,3,1,1,5,4,5,7,4,4,10,5,5,2,16,9,3,10,1,1,B02,7,6,1,8,2,2,  ,9,9,1,22,8,B02,24.171353,120.649055,2
2018,9,25,15,25,臺中市,大安區,0,0,0,8,,,50,,,,,,,,,,,,,,,6,  ,  ,  ,  ,B03,  ,  ,1,  ,2,  ,  ,6,6,1,1,  ,B03,24.375727,120.608489,3
2018,9,25,15,39,臺中市,北屯區,0,0,,8,,,50,,,,,,,,,,,,,,,,,,,,B03,,,1,,2,,,23,,1,  ,,B03,24.164836,120.695575,3
2018,9,25,15,42,臺中市,后里區,0,1,0,8,1,5,50,3,2,1,5,4,5,7,4,4,4,5,4,1,17,26,3,10,4,5,F01,7,11,8,20,2,16,  ,26,26,1,21,8,F01,24.308903,120.721038,2
2018,9,25,15,55,臺中市,西區,0,1,0,8,1,5,50,3,2,1,5,4,5,7,4,4,5,5,5,2,16,6,2,9,1,1,C03,7,6,1,10,2,14,  ,6,6,1,5,1,C03,24.137285,120.664163,2
2018,9,25,15,55,臺中市,北屯區,0,1,0,8,1,5,50,14,9,1,5,4,5,7,4,4,9,5,5,2,16,19,3,10,1,1,B03,7,1,1,8,2,1,  ,19,19,1,21,8,B03,24.166224,120.725888,2
2018,9,25,15,56,臺中市,沙鹿區,0,1,0,8,1,5,50,4,2,1,5,4,5,7,1,1,1,4,4,2,17,6,4,11,3,4,B03,7,11,7,19,11,2,  ,6,6,2,4,9,B03,24.243533,120.56152,2
2018,9,25,15,57,臺中市,沙鹿區,0,0,,8,,,50,,,,,,,,,,,,,,,,,,,,B03,,,1,,3,,,8,,1,22,,B03,24.242677,120.5614,3
2018,9,25,16,7,臺中市,潭子區,0,1,0,8,1,5,40,3,1,1,5,4,5,7,4,4,10,5,5,2,16,6,2,8,1,1,C04,7,6,1,8,2,11,  ,6,6,1,22,8,C04,24.200043,120.726828,2
2018,9,25,16,9,臺中市,西屯區,0,0,,8,,,50,,,,,,,,,,,,,,,,,,,,B03,,,1,,2,,,16,,1,21,,B03,24.157691,120.641886,3
2018,9,25,16,10,臺中市,梧棲區,0,3,0,8,1,5,40,14,8,1,5,4,5,7,4,4,3,4,3,1,17,6,3,10,1,1,B11,7,1,1,8,11,15,  ,6,6,1,10,4,B11,24.24605,120.54751,2
2018,9,25,16,12,臺中市,南屯區,0,1,0,8,1,5,50,4,2,1,5,4,5,7,1,1,1,4,4,2,12,6,3,10,1,1,B03,7,6,1,8,2,2,  ,6,6,1,22,9,B03,24.151583,120.637354,2
2018,9,25,16,15,臺中市,西屯區,0,1,0,8,1,5,40,14,9,1,5,4,5,7,4,4,10,5,5,2,13,16,3,10,1,1,C03,7,9,1,10,2,11,  ,16,16,1,21,8,C03,24.178537,120.645765,2
2018,9,25,16,18,臺中市,北區,0,1,0,8,1,5,50,3,1,1,5,4,5,7,4,4,10,5,5,2,15,23,3,10,1,1,B03,7,9,1,7,2,1,  ,23,23,1,22,8,B03,24.154884,120.689595,2
2018,9,25,16,20,臺中市,大甲區,0,1,0,8,1,5,50,4,1,1,5,4,5,7,4,4,10,5,5,2,15,6,3,10,1,1,B03,7,9,1,8,2,8,  ,6,6,1,20,8,B03,24.349402,120.62099,2
2018,9,25,16,26,臺中市,潭子區,0,0,,8,,,80,,,,,,,,,,,,,,,,,,,,B12,,,1,,2,,,35,,1,  ,,B12,24.2002,120.714248,3
2018,9,25,16,27,臺中市,北區,0,2,0,8,1,5,50,14,7,1,5,4,5,7,4,4,9,4,4,2,13,23,2,7,1,1,C03,7,9,1,10,2,11,  ,23,23,1,22,9,C03,24.168568,120.668399,2
2018,9,25,16,28,臺中市,潭子區,0,0,,8,,,50,,,,,,,,,,,,,,,,,,,,B03,,,1,,2,,,23,,1,22,,B03,24.208221,120.673866,3
2018,9,25,16,30,臺中市,烏日區,0,1,0,8,1,5,50,14,13,1,5,4,5,7,4,4,5,5,5,1,13,16,3,10,1,1,C03,7,9,1,10,2,12,  ,16,16,1,21,8,C03,24.111265,120.650445,2
2018,9,25,16,40,臺中市,南屯區,0,0,,8,,,40,,,,,,,,,,,,,,,1,,,,,B03,,,1,,2,,,7,1,1,22,,B03,24.134905,120.65217,3
2018,9,25,16,43,臺中市,太平區,0,0,,8,,,50,,,,,,,,,,,,,,,,,,,,C03,,,1,,2,,,7,,1,18,,C03,24.13324,120.735938,3
2018,9,25,16,46,臺中市,潭子區,0,2,0,8,1,5,50,14,9,1,5,4,5,7,1,1,5,4,5,1,16,8,2,9,1,1,C03,7,5,1,10,2,14,  ,8,8,1,21,8,C03,24.203701,120.70959,2
2018,9,25,16,50,臺中市,東區,0,0,0,8,,,50,,,,,,,,,,,,,,,12,  ,  ,  ,  ,B03,  ,  ,1,  ,2,  ,  ,12,12,1,5,  ,B03,24.147471,120.709693,3
2018,9,25,16,50,臺中市,北屯區,0,1,0,8,1,5,50,14,7,1,5,4,5,7,4,4,7,5,5,2,16,7,3,10,1,1,C03,7,7,1,10,2,13,  ,7,7,1,22,8,C03,24.164901,120.703536,2
2018,9,25,16,52,臺中市,潭子區,0,0,,8,,,50,,,,,,,,,,,,,,,,,,,,C03,,,1,,2,,,19,,1,  ,,C03,24.211715,120.698638,3
2018,9,25,16,59,臺中市,大雅區,0,1,0,8,1,5,50,3,1,1,5,4,5,7,4,4,5,4,5,1,16,6,2,7,1,1,C03,7,11,1,10,2,12,  ,6,6,1,22,9,C03,24.165447,120.651227,2
2018,9,25,17,1,臺中市,大甲區,0,0,0,8,1,3,40,14,8,1,5,4,5,7,1,1,10,4,5,1,13,23,3,10,1,1,B03,7,9,1,14,2,1,  ,23,23,1,21,1,B03,24.395951,120.657871,3
2018,9,25,17,5,臺中市,烏日區,0,2,0,8,1,5,50,3,1,1,5,4,5,7,4,4,5,4,5,1,16,6,2,9,1,1,C03,7,5,6,10,2,11,  ,6,6,1,21,8,C03,24.058503,120.658587,2
2018,9,25,17,10,臺中市,北屯區,0,1,0,8,1,5,40,4,1,1,5,4,5,7,1,1,10,5,5,2,13,23,2,9,1,1,C03,7,9,1,10,2,11,14,23,23,1,5,8,C03,24.170974,120.681511,2
2018,9,25,17,13,臺中市,北區,0,2,0,8,1,5,50,3,1,1,5,4,5,7,1,1,10,5,5,2,16,42,2,9,1,1,C03,7,9,1,10,2,11,  ,42,42,1,22,8,C03,24.162673,120.66649,2
2018,9,25,17,15,臺中市,大肚區,,,,8,,,50,,,,,,,,,,,,,,,,,,,,B12,,,1,,2,,,16,,1,22,,B12,24.160242,120.574295,3
2018,9,25,17,16,臺中市,太平區,0,2,0,8,2,5,50,3,4,1,5,4,5,7,1,1,5,5,5,2,16,6,2,9,1,1,C03,7,6,1,10,2,12,  ,6,6,1,18,1,C03,24.15053,120.733184,2
2018,9,25,17,22,臺中市,外埔區,0,0,,8,,,50,,,,,,,,,,,,,,,,,,,,B12,,,1,,2,,,22,,1,22,,B12,24.333244,120.632367,3
2018,9,25,17,22,臺中市,大雅區,0,1,0,8,1,5,40,4,1,1,5,4,5,7,4,4,10,5,5,2,16,6,2,9,1,1,C03,7,9,1,10,2,12,  ,6,6,1,22,9,C03,24.227681,120.644957,2
2018,9,25,17,26,臺中市,西屯區,0,3,0,8,2,5,50,4,1,1,5,4,5,7,4,4,5,5,5,2,16,6,2,8,1,1,F03,7,9,8,20,2,16,  ,6,6,1,4,8,F03,24.171073,120.605403,2
2018,9,25,17,26,臺中市,大里區,0,0,0,,,,,,,,,,,,,,,,,,,17,3,10,1,1,C03,7,9,1,10,2,11,  ,17,17,1,6,1,C03,24.102427,120.687611,3
2018,9,25,17,26,臺中市,梧棲區,0,1,0,8,1,5,50,3,1,1,5,4,5,7,4,4,10,5,5,2,16,23,2,9,1,1,C03,7,9,1,10,2,11,  ,23,23,1,2,1,C03,24.254548,120.538401,2
2018,9,25,17,27,臺中市,大雅區,0,0,,8,,,50,,,,,,,,,,,,,,,,,,,,B03,,,3,,2,,,16,,1,  ,,B03,24.238032,120.633177,3
2018,9,25,17,30,臺中市,北屯區,0,0,0,8,,,50,,,,,,,,,,,,,,,10,  ,  ,  ,  ,B03,  ,  ,1,  ,2,  ,  ,10,10,1,21,  ,B03,24.189711,120.66258,3
2018,9,25,17,30,臺中市,大甲區,0,0,,8,,,40,,,,,,,,,,,,,,,,,,,,B12,,,6,,8,,,21,,1,7,,B12,24.340144,120.625663,3
2018,9,25,17,30,臺中市,石岡區,0,0,,8,,,70,,,,,,,,,,,,,,,,,,,,B03,,,1,,2,,,23,,1,22,,B03,24.277373,120.761955,3
2018,9,25,17,31,臺中市,西區,0,1,0,8,2,5,50,14,8,1,5,4,5,7,1,1,1,2,4,2,13,13,2,9,1,1,C03,7,9,1,10,2,11,  ,13,13,1,21,8,C03,24.144972,120.657379,2
2018,9,25,17,36,臺中市,后里區,0,1,0,8,2,5,50,3,1,1,5,4,5,7,4,4,10,5,5,2,16,43,2,8,1,1,C03,7,9,1,10,2,15,  ,43,43,1,22,9,C03,24.30909,120.725173,2
2018,9,25,17,36,臺中市,神岡區,0,0,0,8,,,50,,,,,,,,,,,,,,,26,  ,  ,  ,  ,B03,  ,  ,1,  ,2,  ,  ,26,26,1,22,  ,B03,24.273773,120.665147,3
2018,9,25,17,38,臺中市,東區,0,0,0,7,1,5,50,14,9,1,5,4,5,7,4,4,9,4,5,2,16,23,  ,  ,  ,  ,B12,  ,3,1,8,2,2,  ,23,23,1,5,  ,B12,24.133987,120.683146,3
2018,9,25,17,49,臺中市,北屯區,0,2,0,8,2,5,50,4,1,1,5,4,5,7,1,1,10,5,5,2,16,6,3,10,1,1,B11,7,5,1,4,2,8,  ,6,6,1,21,8,B11,24.170925,120.692695,2
2018,9,25,17,49,臺中市,梧棲區,0,1,0,8,3,5,50,3,1,1,5,4,5,7,4,4,10,5,5,2,12,23,2,9,1,1,C03,7,9,1,9,2,15,  ,23,23,1,2,9,C03,24.261536,120.533818,2
2018,9,25,17,53,臺中市,北屯區,0,0,,8,,,50,,,,,,,,,,,,,,,,,,,,B03,,,1,,2,,,12,,1,22,,B03,24.18969,120.683363,3
2018,9,25,17,55,臺中市,北屯區,0,1,0,8,1,5,50,4,1,1,5,4,5,7,1,1,10,5,5,2,16,25,3,10,1,1,B01,7,5,1,4,2,7,  ,25,25,1,21,8,B01,24.18242,120.711081,2
2018,9,25,17,55,臺中市,西屯區,0,1,0,8,1,5,40,14,8,1,5,4,5,7,4,4,5,4,4,2,17,43,2,9,3,4,C03,7,9,1,10,2,11,14,43,43,1,22,8,C03,24.198405,120.642676,2
2018,9,25,18,2,臺中市,西屯區,0,1,0,8,3,5,50,3,1,1,5,4,5,7,2,1,10,5,5,2,16,23,2,9,1,1,C03,7,9,1,10,2,14,  ,6,23,1,22,8,C03,24.183913,120.613668,2
2018,9,25,18,3,臺中市,北屯區,0,0,,,,,,,,,,,,,,,,,,,,,,,,,B03,,,1,,2,,,23,,1,5,,B03,24.172733,120.687654,3
2018,9,25,18,4,臺中市,大肚區,,,,8,,,60,,,,,,,,,,,,,,,,,,,,B02,,,1,,2,,,42,,1,22,,B02,24.172649,120.582596,3
2018,9,25,18,5,臺中市,北屯區,0,1,0,8,3,5,50,4,1,1,5,4,5,7,1,1,10,5,5,2,16,26,3,10,1,1,B03,7,5,1,8,2,6,  ,26,26,1,22,8,B03,24.161083,120.727712,2
2018,9,25,18,5,臺中市,西屯區,0,0,0,,,,,,,,,,,,,,,,,,,43,4,11,3,4,   ,7,21,7,19,11,15,  ,43,43,  ,22,9,   ,24.174736,120.651341,3
2018,9,25,18,10,臺中市,西區,0,1,0,8,3,5,50,4,1,1,5,4,1,7,4,4,10,5,5,2,16,6,3,10,1,1,B03,7,5,1,8,2,6,  ,6,6,1,21,8,B03,24.152625,120.666333,2
2018,9,25,18,12,臺中市,西區,0,2,0,8,3,5,40,5,1,1,5,4,5,7,3,1,1,5,1,2,3,15,2,9,1,1,C03,7,9,1,10,2,11,  ,15,15,1,21,8,C03,24.149908,120.671181,2
2018,9,25,18,12,臺中市,北屯區,0,0,0,8,,,50,,,,,,,,,,,,,,,16,  ,  ,  ,  ,B03,  ,  ,1,  ,2,  ,  ,16,16,1,21,  ,B03,24.189868,120.66278,3
2018,9,25,18,15,臺中市,南區,0,0,,8,,,40,,,,,,,,,,,,,,,,,,,,C03,,,1,,2,,,23,,1,3,,C03,24.126166,120.662977,3
2018,9,25,18,16,臺中市,太平區,0,0,,8,,,50,,,,,,,,,,,,,,,,,,,,B03,,,1,,2,,,17,,1,  ,,B03,24.150143,120.705824,3
2018,9,25,18,18,臺中市,南屯區,0,0,,8,,,50,,,,,,,,,,,,,,,,,,,,B03,,,1,,2,,,16,,1,  ,,B03,24.136656,120.64661,3
2018,9,25,18,20,臺中市,南屯區,0,0,,8,,,50,,,,,,,,,,,,,,,,,,,,A12,,,1,,2,,,23,,1,22,,A12,24.153538,120.616363,3
2018,9,25,18,21,臺中市,太平區,0,1,0,8,3,5,40,3,1,1,5,4,5,7,4,4,10,5,5,2,14,12,3,10,1,1,B03,7,2,1,8,2,3,  ,12,12,1,4,5,B03,24.150623,120.716474,2
2018,9,25,18,25,臺中市,大甲區,0,0,0,,,,,,,,,,,,,,,,,,,43,  ,  ,  ,  ,B03,  ,  ,1,  ,2,  ,  ,43,43,  ,6,  ,B03,24.340769,120.624333,3
2018,9,25,18,26,臺中市,大肚區,0,0,,8,,,50,,,,,,,,,,,,,,,,,,,,B03,,,1,,2,,,23,,1,21,,B03,24.122458,120.566589,3
2018,9,25,18,30,臺中市,北區,0,0,0,8,,,50,,,,,,,,,,,,,,,23,3,  ,  ,  ,B01,  ,  ,1,  ,2,  ,  ,23,23,1,22,  ,B01,24.155035,120.664813,3
2018,9,25,18,30,臺中市,南屯區,0,0,0,8,,,50,,,,,,,,4,,,,,,,23,3,  ,  ,  ,B03,  ,  ,1,  ,2,  ,  ,23,23,1,21,  ,B03,24.152061,120.624593,3
2018,9,25,18,37,臺中市,東區,0,1,0,8,3,5,50,4,1,1,5,4,5,7,2,1,5,5,5,2,17,6,3,10,1,1,B03,7,6,1,8,2,15,  ,6,6,1,21,8,B03,24.134909,120.692939,2
2018,9,25,18,37,臺中市,石岡區,0,1,0,7,3,5,70,4,1,1,5,4,5,7,1,1,1,4,4,1,16,6,3,10,1,1,B03,7,5,1,8,2,2,  ,6,6,1,9,8,B03,24.274305,120.776985,2
2018,9,25,18,48,臺中市,西屯區,0,2,0,8,3,5,50,4,1,1,5,4,5,7,1,1,10,5,5,2,16,26,2,9,1,1,C03,7,5,1,10,2,12,  ,26,26,1,18,8,C03,24.174911,120.646858,2
2018,9,25,18,48,臺中市,太平區,0,1,0,8,3,5,50,14,7,1,5,4,5,7,4,4,5,4,4,1,13,23,3,10,1,1,B03,7,9,1,7,2,8,  ,23,23,1,21,8,B03,24.133611,120.719188,2
2018,9,25,18,49,臺中市,西屯區,0,0,,8,,,50,,,,,,,,,,,,,,,,,,,,A02,,,1,,2,,,16,,1,10,,A02,24.183004,120.615332,3
2018,9,25,18,51,臺中市,大雅區,0,2,0,8,3,5,50,11,7,1,5,4,5,7,4,4,5,5,4,2,13,23,2,9,1,1,C03,7,9,1,10,2,11,  ,23,23,1,22,9,C03,24.220244,120.666502,2
2018,9,25,18,58,臺中市,西屯區,0,1,0,8,3,5,50,4,18,1,5,4,5,7,3,1,10,5,5,2,3,15,3,10,1,1,C03,7,9,1,10,2,12,  ,15,15,1,4,8,C03,24.181466,120.636935,2
2018,9,25,18,59,臺中市,后里區,0,1,0,8,3,5,50,14,9,1,5,4,5,7,4,4,5,5,5,1,16,26,3,10,1,1,B03,7,5,1,8,2,4,  ,26,26,1,21,9,B03,24.29479,120.723511,2
2018,9,25,19,3,臺中市,大肚區,0,1,0,8,3,5,50,14,9,1,5,4,5,7,4,4,5,5,5,1,26,23,2,9,1,1,B03,7,9,1,8,2,1,  ,23,23,1,9,5,B03,24.158801,120.537748,2
2018,9,25,19,5,臺中市,北屯區,0,2,0,8,3,5,50,14,9,1,5,4,5,7,4,4,1,4,5,2,13,23,2,9,1,1,B03,7,9,1,8,2,1,  ,23,23,1,21,8,B03,24.198668,120.686508,2
2018,9,25,19,8,臺中市,西屯區,0,0,0,8,,,50,,,,,,,,,,,,,,,26,  ,  ,  ,  ,C03,  ,  ,1,  ,2,  ,  ,26,26,1,22,  ,C03,24.16544,120.643471,3
2018,9,25,19,20,臺中市,太平區,0,0,,8,,,50,,,,,,,,,,,,,,,,,,,,B03,,,1,,2,,,6,,1,21,,B03,24.153635,120.701818,3
2018,9,25,19,38,臺中市,梧棲區,0,2,0,8,3,5,50,4,1,1,5,4,5,7,3,1,10,5,5,2,15,6,2,9,4,5,F02,7,9,8,20,3,16,  ,6,6,1,2,9,F02,24.234455,120.539986,2
2018,9,25,19,39,臺中市,后里區,0,1,0,8,3,5,60,3,1,1,5,4,5,7,1,1,1,4,4,1,17,43,2,9,1,1,C03,7,9,1,10,2,12,  ,43,43,1,22,9,C03,24.28737,120.723005,2
2018,9,25,19,55,臺中市,北區,0,2,0,8,1,5,50,4,1,1,5,4,5,7,1,1,10,5,5,2,12,7,2,9,1,1,C03,7,8,1,10,2,12,  ,7,7,1,22,8,C03,24.153248,120.688818,2
2018,9,25,20,4,臺中市,大雅區,0,0,,8,,,40,,,,,,,,,,,,,,,,,,,,B03,,,1,,2,,,12,,1,  ,,B03,24.215112,120.666699,3
2018,9,25,20,11,臺中市,太平區,0,1,0,8,3,5,50,14,13,1,5,4,5,7,4,4,5,5,5,1,12,23,2,9,1,1,C03,7,9,1,10,2,11,  ,23,23,1,21,1,C03,24.149249,120.699565,2
2018,9,25,20,12,臺中市,西屯區,0,0,,8,,,50,,,,,,,,,,,,,,,,,,,,B03,,,1,,2,,,42,,1,22,,B03,24.1734,120.641411,3
2018,9,25,20,17,臺中市,北區,0,0,0,8,,,50,,,,,,,,,,,,,,,23,3,  ,  ,  ,B02,  ,  ,1,  ,2,  ,  ,23,23,1,22,  ,B02,24.150916,120.677642,3
2018,9,25,20,37,臺中市,沙鹿區,0,1,0,8,3,5,40,14,8,1,5,4,5,7,4,4,1,4,4,1,12,43,3,10,1,1,C03,7,15,1,10,2,14,  ,43,43,1,21,8,C03,24.240514,120.560596,2
2018,9,25,21,16,臺中市,西屯區,0,2,0,8,1,5,40,14,8,1,5,4,5,7,4,4,5,4,4,2,2,23,2,9,1,1,C03,7,9,1,8,2,12,  ,23,23,1,4,8,C03,24.170723,120.620418,2
2018,9,25,21,35,臺中市,沙鹿區,0,0,,,,,,,,,,,,,,,,,,,,,,,,,B03,,,1,,2,,,23,,1,5,,B03,24.241641,120.56499,3
2018,9,25,21,40,臺中市,北區,0,1,0,8,3,5,50,3,2,1,5,4,5,7,2,1,2,4,5,2,18,42,2,9,1,1,C03,7,5,1,10,2,14,  ,42,42,1,21,8,C03,24.149927,120.684226,2
2018,9,25,21,41,臺中市,太平區,0,0,,8,,,40,,,,,,,,,,,,,,,,,,,,B03,,,1,,2,,,12,,1,5,,B03,24.121854,120.722712,3
2018,9,25,22,13,臺中市,西區,0,1,0,8,3,5,40,14,8,1,5,4,5,7,4,4,1,4,1,2,18,23,2,9,3,4,C03,7,9,1,10,2,14,  ,23,23,1,21,8,C03,24.151652,120.668731,2
2018,9,25,22,13,臺中市,南區,0,1,0,8,3,5,50,4,1,1,5,4,5,7,4,4,10,5,5,2,18,23,2,9,1,1,C03,7,9,1,10,2,12,  ,23,23,1,21,8,C03,24.114236,120.667373,2
2018,9,25,22,15,臺中市,西屯區,0,1,0,8,1,5,50,14,7,1,5,4,5,7,4,4,5,4,4,2,17,43,3,10,3,4,C03,7,9,1,10,2,14,  ,43,43,1,22,8,C03,24.165789,120.663081,2
2018,9,25,22,15,臺中市,潭子區,0,0,,8,3,5,50,14,8,1,5,4,5,7,4,4,5,4,4,2,12,,,,,,B12,,,1,,9,,,23,,2,22,,B12,24.205667,120.678311,3
2018,9,25,22,37,臺中市,西屯區,0,1,0,8,3,5,40,4,1,1,5,4,5,7,2,1,10,5,5,2,16,9,3,10,1,1,B12,7,6,1,8,2,5,  ,9,9,1,22,8,B12,24.178565,120.624918,2
2018,9,25,22,47,臺中市,北屯區,0,0,,8,,,50,,,,,,,,,,,,,,,,,,,,B03,,,1,,2,,,18,,1,22,,B03,24.188916,120.66293,3
2018,9,25,23,3,臺中市,北屯區,0,2,0,8,1,5,50,4,1,1,5,4,5,7,3,1,10,5,5,2,15,6,2,9,1,1,B02,7,9,1,4,2,1,  ,6,6,1,5,8,B02,24.174841,120.682033,2
2018,9,25,23,32,臺中市,豐原區,0,1,0,8,3,5,50,4,1,1,5,4,5,7,2,1,1,2,5,1,16,21,3,10,1,1,B03,7,5,6,8,8,1,  ,21,21,1,21,8,B03,24.24505,120.714345,2
2018,9,26,0,8,臺中市,大里區,0,1,0,8,3,5,40,14,9,1,5,4,5,7,4,4,10,5,5,2,17,43,2,9,3,4,C03,7,9,1,10,2,11,  ,43,43,1,22,9,C03,24.112483,120.685225,2
2018,9,26,1,40,臺中市,東區,0,0,,,,,,,,,,,,,,,,,,,,,,,,,C03,,,1,,2,,,23,,1,  ,,C03,24.145986,120.689409,3
2018,9,26,2,49,臺中市,西屯區,0,1,0,8,3,5,50,4,2,1,5,4,5,7,3,1,9,4,4,2,17,42,2,9,1,1,C03,7,9,1,10,2,12,  ,42,42,1,21,8,C03,24.18804,120.618197,2