年,月,日,時,分,縣市,區,死,受傷,2-30,天候,光線,道路類別,速限,道路型態,事故位置,路面鋪裝,路面狀態,路面缺陷,障礙物,視距,號誌種類,號誌動作,分向設施,快車道或一般車道間,快慢車道間,路面邊線,事故類型及型態,主要肇因,受傷程度,主要傷處,保護裝備,行動電話,當事者區分_類別,車輛用途,當事者行動狀態,駕駛資格情形,駕駛執照種類,飲酒情形,車輛撞擊部位最初,車輛撞擊部位其他,肇事因素個別,肇事因素主要,肇事逃逸,職業,旅次目的,車種,GPS座標_緯度,GPS座標_經度,事故類別
2018,9,26,5,10,臺中市,南屯區,0,1,0,8,3,5,50,4,18,1,5,4,5,7,2,1,10,5,5,2,3,15,3,10,1,1,B01,7,5,1,4,2,5,  ,15,15,1,22,9,B01,24.141549,120.640545,2
2018,9,26,5,30,臺中市,南屯區,0,0,0,8,,,50,,,,,,,,,,,,,,,,3,  ,  ,  ,B03,  ,  ,1,  ,1,  ,  ,23,  ,1,22,  ,B03,24.140744,120.62507,3
2018,9,26,6,39,臺中市,潭子區,0,2,0,8,1,5,60,4,1,1,5,4,5,7,1,1,1,4,4,1,12,23,2,9,1,1,C03,7,9,1,10,2,11,  ,23,23,1,22,8,C03,24.233065,120.708965,2
2018,9,26,6,42,臺中市,北區,0,2,0,8,1,5,50,4,1,1,5,4,5,7,4,4,10,5,5,2,15,6,2,9,1,1,C03,7,9,1,10,11,11,  ,6,6,1,21,8,C03,24.158483,120.673653,2
2018,9,26,6,45,臺中市,清水區,0,1,0,8,1,5,50,4,1,1,5,4,5,7,1,1,5,5,5,1,16,25,3,10,1,1,B12,7,9,1,8,2,4,  ,44,25,1,21,8,B12,24.283976,120.560433,2
2018,9,26,6,57,臺中市,西屯區,0,1,0,8,1,5,40,4,9,1,5,4,5,7,4,4,9,5,5,2,16,6,3,10,1,1,B03,7,6,1,8,2,1,  ,6,6,1,21,8,B03,24.184739,120.622482,2
2018,9,26,7,0,臺中市,西屯區,0,1,0,8,1,5,50,14,9,1,5,4,5,7,4,4,9,4,4,2,12,17,3,10,1,1,B03,7,9,1,8,2,2,  ,17,17,1,21,8,B03,24.171658,120.612766,2
2018,9,26,7,9,臺中市,太平區,0,1,0,8,1,5,40,14,9,1,5,4,5,7,4,4,4,5,4,1,16,26,2,9,4,5,F01,7,11,8,20,2,16,  ,26,26,1,16,2,F01,24.159087,120.712403,2
2018,9,26,7,10,臺中市,南屯區,0,0,0,8,1,5,50,3,7,1,5,4,5,6,4,4,9,4,5,2,12,7,3,10,1,1,B03,7,7,1,8,2,8,8,7,7,1,3,1,B03,24.153843,120.614255,3
2018,9,26,7,10,臺中市,西屯區,0,0,0,8,,,40,,,,,,,,,,,,,,,43,  ,  ,  ,  ,B03,  ,  ,1,  ,2,  ,  ,43,43,1,  ,  ,B03,24.197004,120.619856,3
2018,9,26,7,14,臺中市,南屯區,0,0,,8,,,50,,,,,,,,,,,,,,,,,,,,B03,,,1,,2,,,23,,1,  ,,B03,24.134663,120.646551,4
2018,9,26,7,14,臺中市,北屯區,0,2,0,8,1,5,50,14,9,1,5,4,1,7,4,4,1,4,5,2,12,23,2,8,1,1,C03,7,9,1,10,2,11,  ,23,23,1,22,8,C03,24.180014,120.667091,2
2018,9,26,7,14,臺中市,西屯區,0,1,0,8,1,5,40,3,1,1,5,4,5,7,3,1,10,5,5,2,16,8,2,9,3,4,C03,7,5,1,10,2,11,  ,8,8,1,21,8,C03,24.175502,120.665813,2
2018,9,26,7,15,臺中市,北區,0,1,0,8,1,5,50,3,1,1,5,4,5,7,4,4,3,4,4,2,17,1,3,10,1,1,C03,7,9,4,8,2,12,  ,1,1,1,22,9,C03,24.161868,120.692306,2
2018,9,26,7,21,臺中市,西屯區,0,1,0,8,1,5,40,14,8,1,5,4,5,7,4,4,1,4,4,2,18,42,2,9,1,1,C03,7,9,1,10,2,12,  ,42,42,1,21,8,C03,24.209693,120.600003,2
2018,9,26,7,25,臺中市,南區,0,0,0,8,,,40,,,,,,,,,,,,,,,19,  ,  ,  ,  ,B03,  ,  ,1,  ,2,  ,  ,19,19,1,9,  ,B03,24.120472,120.660727,3
2018,9,26,7,27,臺中市,南屯區,0,0,,8,,,50,,,,,,,,,,,,,,,,,,,,B03,,,1,,2,,,42,,1,22,,B03,24.1296,120.6456,3
2018,9,26,7,28,臺中市,后里區,0,1,0,8,1,5,50,8,11,1,5,4,5,7,4,4,1,5,4,1,18,43,2,9,1,1,C03,7,9,1,10,2,14,  ,43,43,1,19,8,C03,24.282593,120.722431,2
2018,9,26,7,30,臺中市,北區,0,1,0,8,1,5,50,4,1,1,5,4,5,7,2,1,10,5,5,2,13,23,3,10,1,1,A02,7,9,1,2,2,1,  ,23,23,1,10,8,A02,24.1629,120.6746,2
2018,9,26,7,30,臺中市,潭子區,0,3,0,8,1,5,50,5,1,1,5,4,5,7,1,1,10,5,5,2,18,4,2,9,1,1,C03,7,9,1,10,2,12,  ,4,4,1,22,8,C03,24.215127,120.709781,2
2018,9,26,7,36,臺中市,南區,0,0,0,8,,,50,,,,,,,,,,,,,,,23,3,  ,  ,  ,B03,  ,  ,1,8,2,  ,  ,23,23,  ,21,  ,B03,24.119066,120.669601,3
2018,9,26,7,40,臺中市,西區,0,1,0,8,1,5,50,4,1,1,5,4,5,7,1,1,10,5,5,2,16,6,3,10,1,1,B03,7,6,1,8,2,5,  ,6,6,1,21,5,B03,24.132152,120.661718,2
2018,9,26,7,40,臺中市,南屯區,0,1,0,8,1,5,50,3,1,1,5,4,5,7,4,4,10,5,5,2,16,6,3,10,1,1,C03,7,6,1,10,2,13,13,6,6,1,3,1,C03,24.1454,120.608698,2
2018,9,26,7,42,臺中市,南屯區,0,0,,8,,,40,,,,,,,,,,,,,,,,,,,,B03,,,1,,2,,,23,,1,  ,,B03,24.138618,120.653291,4
2018,9,26,7,43,臺中市,太平區,0,1,0,8,1,5,40,14,8,1,5,4,5,7,4,4,1,4,1,2,13,16,2,9,1,1,C03,7,9,1,10,2,11,  ,16,16,1,21,8,C03,24.149331,120.714724,2
2018,9,26,7,44,臺中市,大雅區,0,0,,8,,,40,,,,,,,,,,,,,,,,,,,,B03,,,1,,2,,,23,,1,  ,,B03,24.229802,120.650321,3
2018,9,26,7,50,臺中市,東區,0,1,0,8,2,5,50,3,1,1,5,4,5,7,4,4,5,5,4,2,12,17,3,10,1,1,A02,7,21,1,2,2,5,  ,17,17,1,10,8,A02,24.138891,120.702669,2
2018,9,26,7,50,臺中市,后里區,0,0,0,8,1,2,50,14,8,1,5,4,5,7,4,4,1,3,5,1,13,16,3,10,1,1,B03,7,9,1,8,2,1,  ,16,16,1,22,1,B03,24.300587,120.723064,3
2018,9,26,7,51,臺中市,梧棲區,0,1,0,8,1,5,80,14,7,1,5,4,5,7,4,4,2,4,5,1,13,16,2,8,3,4,A31,7,9,1,1,2,1,  ,16,16,1,10,4,A31,24.230357,120.527778,2
2018,9,26,7,56,臺中市,西屯區,0,0,0,8,1,5,80,14,9,1,5,4,5,7,4,4,1,4,5,1,13,7,3,10,1,1,B03,7,7,1,8,2,5,  ,7,7,1,21,8,B03,24.177183,120.634584,3
2018,9,26,8,0,臺中市,大雅區,0,0,,8,,,40,,,,,,,,,,,,,,,,,,,,B03,,,1,,2,,,23,,1,  ,,B03,24.231217,120.646844,3
2018,9,26,8,3,臺中市,東勢區,0,0,,8,,,60,,,,,,,,,,,,,,,,,,,,A12,,,1,,2,,,7,,1,9,,A12,24.251885,120.826516,3
2018,9,26,8,5,臺中市,北屯區,0,2,0,8,1,5,50,14,9,1,5,4,5,7,4,4,1,4,5,2,16,43,2,9,1,1,C04,7,9,1,11,2,12,  ,43,43,1,21,8,C04,24.17433,120.69864,2
2018,9,26,8,6,臺中市,南區,0,0,0,,,,,,,,,,,,,,,,,,,17,3,  ,  ,  ,C03,  ,  ,1,  ,2,  ,  ,17,17,1,22,  ,C03,24.118998,120.671886,3
2018,9,26,8,9,臺中市,大雅區,0,0,,8,1,5,50,14,9,1,5,4,5,7,4,4,5,5,5,1,17,,,,,,B03,,,1,,2,,,19,,1,  ,,B03,24.227375,120.647985,3
2018,9,26,8,12,臺中市,北屯區,0,0,0,8,,,50,,,,,,,,,,,,,,,26,  ,  ,  ,  ,B02,  ,  ,1,  ,2,  ,  ,26,26,1,22,  ,B02,24.164849,120.704438,3
2018,9,26,8,15,臺中市,中區,0,0,0,8,,,40,,,,,,,,,,,,,,,19,3,  ,  ,  ,B03,  ,  ,1,8,2,1,  ,19,19,1,21,8,B03,24.143428,120.674846,3
2018,9,26,8,20,臺中市,西屯區,0,0,,8,,,1,,,,,,,,,,,,,,,,,,,,B03,,,1,,9,,,38,,1,21,,B03,24.185877,120.624177,3
2018,9,26,8,20,臺中市,大肚區,0,1,0,8,1,5,50,5,1,1,5,4,5,7,1,1,10,5,5,2,16,6,3,10,1,1,B11,7,6,1,7,2,2,  ,6,6,1,11,3,B11,24.118085,120.577554,2
2018,9,26,8,22,臺中市,大里區,0,1,0,8,1,5,50,4,1,1,5,4,5,7,1,1,10,5,5,2,17,17,3,10,1,1,A04,7,9,1,3,2,5,  ,17,17,1,10,8,A04,24.094623,120.698016,2
2018,9,26,8,23,臺中市,西屯區,0,1,0,8,1,5,50,14,9,1,5,4,5,7,4,4,9,4,4,2,17,6,3,10,1,1,B03,7,6,1,8,2,3,  ,6,6,1,21,8,B03,24.183488,120.630114,2
2018,9,26,8,26,臺中市,太平區,0,2,0,8,1,5,50,14,7,1,5,4,5,7,4,4,5,5,4,1,13,23,2,9,1,1,C03,7,9,1,10,2,11,  ,23,23,1,21,8,C03,24.149063,120.721575,2
2018,9,26,8,30,臺中市,神岡區,0,0,0,8,,,50,,,,,,,,,,,,,,,23,  ,  ,  ,  ,B03,  ,  ,1,  ,2,  ,  ,23,23,1,3,  ,B03,24.248535,120.696753,3
2018,9,26,8,30,臺中市,神岡區,0,0,,8,,,50,,,,,,,,,,,,,,,,,,,,B03,,,1,,2,,,23,,1,21,,B03,24.248451,120.69431,3
2018,9,26,8,37,臺中市,西屯區,0,1,0,8,1,5,50,4,1,1,5,4,5,7,2,1,1,4,1,2,16,43,3,10,3,4,B03,7,6,1,8,2,6,  ,43,43,1,21,8,B03,24.164621,120.646433,2
2018,9,26,8,39,臺中市,西屯區,0,2,0,8,1,5,50,3,2,1,5,4,5,7,1,1,10,5,5,2,13,23,2,9,3,4,C03,7,14,1,10,2,11,  ,23,23,1,21,8,C03,24.19383,120.606911,2
2018,9,26,8,40,臺中市,北屯區,0,1,0,8,1,5,50,4,1,1,5,4,5,7,1,1,10,5,5,2,16,19,3,10,1,1,B12,7,1,6,18,2,8,  ,19,19,1,9,8,B12,24.183768,120.664873,2
2018,9,26,8,45,臺中市,梧棲區,0,1,0,8,1,5,40,3,1,1,5,4,5,7,4,4,10,5,5,2,18,43,2,9,3,4,C03,7,6,6,18,8,14,  ,43,43,1,21,9,C03,24.238166,120.555344,2
2018,9,26,8,48,臺中市,北區,0,2,0,8,1,5,50,4,1,1,5,4,5,7,4,4,10,5,5,2,15,6,2,9,3,4,C03,7,9,1,10,2,11,  ,6,6,1,5,8,C03,24.153908,120.67907,2
2018,9,26,8,58,臺中市,南屯區,0,0,,8,,,50,,,,,,,,,,,,,,,,,,,,B12,,,1,,2,,,17,,1,  ,,B12,24.138555,120.609436,3
2018,9,26,9,1,臺中市,沙鹿區,0,2,0,8,1,5,50,4,1,1,5,4,5,7,4,4,10,5,5,2,15,6,2,9,1,1,C03,7,9,1,10,2,11,  ,6,6,1,21,8,C03,24.223901,120.582322,2
2018,9,26,9,2,臺中市,西屯區,0,0,0,8,,,50,,,,,,,,,,,,,,,23,  ,  ,  ,  ,B03,  ,  ,1,  ,2,  ,  ,23,23,1,  ,  ,B03,24.179845,120.614883,3
2018,9,26,9,3,臺中市,南屯區,0,0,,8,,,50,,,,,,,,,,,,,,,,,,,,B12,,,1,,2,,,23,,1,22,,B12,24.153538,120.650168,3
2018,9,26,9,15,臺中市,北屯區,0,1,0,8,1,5,50,4,1,1,5,4,5,7,3,1,10,5,5,2,16,14,2,9,1,1,C03,7,9,1,10,2,11,  ,6,14,1,21,8,C03,24.186497,120.701205,2
2018,9,26,9,16,臺中市,沙鹿區,0,1,0,8,1,5,50,3,1,1,5,4,5,7,4,4,10,5,5,2,17,6,3,10,1,1,C03,7,5,1,10,2,12,  ,6,6,1,4,8,C03,24.23261,120.556844,2
2018,9,26,9,19,臺中市,南屯區,0,0,,8,,,50,,,,,,,,,,,,,,,,,,,,B03,,,1,,2,,,26,,1,  ,,B03,24.149996,120.623663,3
2018,9,26,9,25,臺中市,南屯區,0,2,0,8,1,5,50,3,1,1,5,4,5,7,4,4,10,5,5,2,15,19,2,9,1,1,C03,7,1,1,10,2,11,11,19,19,1,21,3,C03,24.137825,120.609952,2
2018,9,26,9,26,臺中市,北區,0,1,0,8,1,5,50,4,1,1,5,4,5,7,2,1,10,5,5,2,16,9,3,10,1,1,B02,7,6,1,8,2,5,  ,9,9,1,22,8,B02,24.1533,120.6826,2
2018,9,26,9,29,臺中市,潭子區,0,0,,8,,,50,,,,,,,,,,,,,,,,,,,,B03,,,1,,2,,,10,,1,  ,,B03,24.204218,120.72234,3
2018,9,26,9,38,臺中市,南屯區,0,0,,8,,,50,,,,,,,,,,,,,,,,,,,,C03,,,1,,2,,,1,,1,18,,C03,24.132236,120.637772,3
2018,9,26,9,40,臺中市,南屯區,0,0,,8,,,50,,,,,,,,,,,,,,,,,,,,B03,,,1,,11,,,7,,2,21,,B03,24.153666,120.616814,3
2018,9,26,9,52,臺中市,西屯區,0,0,0,8,,,50,,,,,,,,,,,,,,,23,  ,  ,  ,  ,B03,  ,  ,1,  ,2,  ,  ,23,23,1,  ,  ,B03,24.200972,120.65879,3
2018,9,26,9,53,臺中市,太平區,0,1,0,8,1,5,50,4,1,1,5,4,5,7,1,1,10,5,5,2,16,9,3,10,1,1,B12,7,6,1,8,2,5,  ,9,9,1,21,8,B12,24.158562,120.717408,2
2018,9,26,9,57,臺中市,南區,0,0,,8,,,40,,,,,,,,,,,,,,,,,,,,B03,,,1,,2,,,23,,1,4,,B03,24.118758,120.679252,3
2018,9,26,10,2,臺中市,西區,0,1,0,8,1,5,50,4,1,1,5,4,5,7,1,1,10,5,5,2,17,42,3,10,1,1,C03,7,9,1,10,2,15,  ,42,42,1,5,9,C03,24.146748,120.666644,2
2018,9,26,10,2,臺中市,清水區,,,,8,,,50,,,,,,,,,,,,,,,,,,,,B03,,,1,,2,,,12,,1,21,,B03,24.26845,120.574031,3
2018,9,26,10,13,臺中市,太平區,0,0,0,8,,,50,,,,,,,,,,,,,,,6,  ,  ,  ,  ,B02,  ,  ,1,  ,2,  ,  ,6,6,1,4,  ,B02,24.116188,120.71551,3
2018,9,26,10,15,臺中市,太平區,0,1,0,8,1,5,50,5,1,1,5,4,5,7,1,1,10,5,5,2,13,23,3,10,1,1,B03,7,9,1,8,2,5,  ,23,23,1,5,8,B03,24.118888,120.722777,2
2018,9,26,10,20,臺中市,西屯區,0,1,0,8,1,5,50,4,1,1,5,4,5,7,4,4,10,5,5,2,16,6,3,10,1,1,B03,7,6,1,8,2,6,  ,6,6,1,21,8,B03,24.174735,120.601459,2
2018,9,26,10,20,臺中市,大甲區,0,0,,8,,,50,,,,,,,,,,,,,,,,,,,,B12,,,1,,2,,,17,,1,9,,B12,24.345031,120.626899,3
2018,9,26,10,24,臺中市,烏日區,0,0,,8,,,50,,,,,,,,,,,,,,,,,,,,B12,,,1,,2,,,16,,1,22,,B12,24.111339,120.650203,3
2018,9,26,10,26,臺中市,大雅區,0,1,0,8,1,5,40,14,9,1,5,4,5,7,4,4,10,5,5,2,10,23,2,9,1,2,C03,7,15,1,10,2,11,  ,23,23,1,22,8,C03,24.23582,120.634158,2
2018,9,26,10,28,臺中市,大雅區,0,1,0,8,1,5,40,4,2,1,5,4,5,7,1,1,5,5,5,1,12,23,3,10,1,1,B03,7,9,1,8,2,2,  ,23,23,1,22,8,B03,24.243506,120.650323,2
2018,9,26,10,43,臺中市,烏日區,0,1,0,8,1,5,40,13,9,1,5,4,5,7,4,4,10,5,5,2,11,23,3,10,1,1,B03,7,9,1,8,2,4,  ,23,23,1,21,8,B03,24.097074,120.641375,2
2018,9,26,10,51,臺中市,北區,0,0,,8,1,5,50,,,,,,,,,,,,,,,,,,,,B03,,,1,,2,,,12,,1,5,,B03,24.162381,120.6829,3
2018,9,26,11,1,臺中市,南屯區,0,1,0,8,1,5,50,4,1,1,5,4,5,7,4,4,10,5,5,2,3,23,3,10,1,1,C03,7,9,1,10,2,12,  ,23,23,1,21,8,C03,24.139451,120.638788,2
2018,9,26,11,10,臺中市,大甲區,0,1,0,8,1,5,50,4,1,1,5,4,5,7,4,4,10,5,5,2,15,6,2,9,1,1,C03,7,9,1,10,2,12,  ,6,6,1,9,8,C03,24.348433,120.621816,2
2018,9,26,11,12,臺中市,東勢區,0,1,0,8,1,5,50,14,7,1,5,4,5,7,4,4,5,5,4,1,16,19,2,9,1,1,C03,7,1,3,18,2,14,  ,19,19,1,9,8,C03,24.265208,120.825723,2
2018,9,26,11,15,臺中市,南屯區,0,1,0,8,1,5,50,14,9,1,5,4,5,7,4,4,5,5,5,2,17,23,2,9,1,1,C03,7,9,1,10,2,14,14,23,23,1,18,2,C03,24.135721,120.609816,2
2018,9,26,11,18,臺中市,大甲區,0,0,0,8,1,2,80,4,8,1,5,4,5,7,1,1,7,4,4,1,13,23,3,10,1,1,B03,7,12,1,1,2,1,  ,23,23,1,2,1,B03,24.147,120.644789,3
2018,9,26,11,30,臺中市,太平區,0,1,0,8,1,5,50,3,2,1,5,4,5,7,4,4,5,4,5,2,12,17,3,10,1,1,C03,7,4,1,10,2,12,  ,17,17,1,5,8,C03,24.128333,120.708055,2
2018,9,26,11,33,臺中市,西區,0,1,0,8,1,5,50,3,1,1,5,4,5,7,4,4,10,5,5,2,16,6,3,10,1,1,B03,7,6,1,8,2,8,  ,6,6,1,21,5,B03,24.157637,120.6575,2
2018,9,26,11,40,臺中市,大里區,0,2,0,8,1,5,50,4,2,1,5,4,5,7,1,1,5,5,5,1,12,1,2,9,1,1,C03,7,9,1,10,2,14,  ,44,1,1,21,8,C03,24.09565,120.679933,2
2018,9,26,11,40,臺中市,烏日區,0,1,0,8,1,5,30,3,2,1,5,4,5,7,4,4,5,3,5,2,16,6,3,10,1,1,B03,7,5,1,8,2,8,  ,6,6,1,21,8,B03,24.1132,120.615236,2
2018,9,26,11,46,臺中市,后里區,0,1,0,8,1,5,50,3,1,1,5,4,5,7,4,4,10,5,5,2,16,10,3,10,1,1,B03,7,11,1,8,2,8,  ,10,10,1,19,8,B03,24.302965,120.714938,2
2018,9,26,11,50,臺中市,太平區,0,1,0,8,1,5,40,14,9,1,5,4,5,7,4,4,5,5,5,2,16,26,2,9,1,1,C03,7,11,1,10,2,11,  ,26,26,1,19,5,C03,24.121037,120.714687,2
2018,9,26,11,58,臺中市,潭子區,0,1,0,8,1,5,50,3,1,1,5,4,4,7,4,4,1,5,5,2,16,6,3,10,1,1,B03,7,6,1,8,2,5,  ,6,6,1,22,8,B03,24.215717,120.704341,2
2018,9,26,12,5,臺中市,西屯區,0,1,0,8,1,5,35,4,2,1,5,4,5,7,4,4,10,5,5,2,18,42,2,9,3,4,C03,7,5,1,10,2,14,  ,42,42,1,21,8,C03,24.172541,120.628749,2
2018,9,26,12,6,臺中市,東勢區,0,0,,8,,,40,,,,,,,,,,,,,,,,,,,,B03,,,1,,2,,,16,,1,22,,B03,24.275317,120.804656,3
2018,9,26,12,7,臺中市,南區,0,0,0,8,,,50,,,,,,,,,,,,,,,19,3,  ,  ,  ,B03,  ,  ,1,8,2,  ,  ,19,19,  ,21,  ,B03,24.11943,120.666784,3
2018,9,26,12,8,臺中市,沙鹿區,0,2,0,8,1,5,40,4,1,1,5,4,5,7,1,1,10,5,5,2,17,26,2,9,1,1,C03,7,1,1,10,2,11,  ,26,26,1,21,8,C03,24.209098,120.568475,2
2018,9,26,12,20,臺中市,大甲區,0,1,0,8,1,5,50,4,1,1,5,4,5,7,3,1,10,5,5,2,15,6,3,10,1,1,B03,7,11,1,8,2,1,  ,6,6,1,5,9,B03,24.370611,120.619368,2
2018,9,26,12,22,臺中市,潭子區,0,2,0,8,1,5,50,4,1,1,5,4,5,7,4,4,10,5,5,2,14,12,3,10,1,1,B12,7,2,1,8,3,7,  ,12,12,1,21,8,B12,24.210855,120.708003,2
2018,9,26,12,23,臺中市,西屯區,0,0,,8,1,5,50,11,7,1,5,4,5,7,4,4,5,4,4,2,29,,,,,,A31,,,1,,2,,,37,,1,  ,,A31,24.162969,120.600973,3
2018,9,26,12,25,臺中市,大肚區,0,0,0,8,1,2,50,14,11,1,5,4,1,7,4,4,10,3,4,1,14,12,3,10,1,1,A12,7,9,1,2,2,2,  ,23,12,1,10,1,A12,24.120646,120.572106,3
2018,9,26,12,28,臺中市,大肚區,0,0,,8,,,50,,,,,,,,,,,,,,,,,,,,B12,,,1,,2,,,19,,1,21,,B12,24.154069,120.544366,3
2018,9,26,12,31,臺中市,烏日區,0,1,0,8,1,5,30,3,9,2,5,4,5,7,4,4,5,4,5,2,16,8,3,10,1,1,B03,7,5,1,8,2,4,  ,8,8,1,22,8,B03,24.112,120.61555,2
2018,9,26,12,35,臺中市,南屯區,0,1,0,8,1,5,50,4,1,1,5,4,5,7,4,4,10,5,5,2,16,6,2,9,1,4,C03,7,9,4,10,9,11,  ,6,6,1,22,8,C03,24.14131,120.642396,2
2018,9,26,12,38,臺中市,梧棲區,0,1,0,8,1,5,50,5,2,1,5,4,5,7,3,1,10,5,5,2,16,6,2,9,1,1,C03,7,5,1,10,2,14,  ,6,6,1,2,9,C03,24.258438,120.530127,2
2018,9,26,12,40,臺中市,南區,0,2,0,8,1,5,50,4,1,1,5,4,5,7,1,1,10,5,5,2,16,6,2,8,1,1,C03,7,6,1,10,2,12,  ,6,6,1,22,9,C03,24.127901,120.678571,2
2018,9,26,12,42,臺中市,南屯區,0,1,0,8,1,5,50,11,9,1,5,4,5,7,4,4,1,4,5,2,18,23,2,9,1,1,C03,7,9,1,10,2,11,  ,23,23,1,22,8,C03,24.153476,120.616965,2
2018,9,26,12,48,臺中市,南屯區,0,2,0,8,1,5,50,4,2,1,5,4,5,7,2,1,10,5,5,2,16,7,2,9,1,1,C03,7,7,1,10,2,14,  ,7,7,1,22,8,C03,24.142648,120.649888,2
2018,9,26,12,58,臺中市,北屯區,0,0,,8,,,50,,,,,,,,,,,,,,,,,,,,C03,,,1,,2,,,17,,1,22,,C03,24.177159,120.730426,3
2018,9,26,13,3,臺中市,大雅區,0,0,,8,,,40,,,,,,,,,,,,,,,,,,,,B03,,,1,,2,,,12,,1,21,,B03,24.220575,120.658571,3
2018,9,26,13,8,臺中市,南屯區,0,0,,8,,,50,,,,,,,,,,,,,,,,,,,,B03,,,1,,2,,,42,,1,22,,B03,24.15056,120.635438,3
2018,9,26,13,9,臺中市,北屯區,0,1,0,8,1,5,50,4,1,1,5,4,5,7,3,1,5,5,5,2,15,6,2,9,1,1,C03,7,9,1,10,2,11,  ,6,6,1,22,8,C03,24.186526,120.701216,2
2018,9,26,13,11,臺中市,東區,0,0,0,,,,,,,,,,,,,,,,,,,,3,  ,  ,  ,B12,  ,  ,1,  ,2,  ,  ,23,  ,1,5,  ,B12,24.12599,120.69851,3
2018,9,26,13,13,臺中市,龍井區,0,1,0,8,1,5,50,3,1,1,5,4,5,7,4,4,10,5,5,2,16,10,3,10,3,4,B03,7,11,1,8,2,8,  ,10,10,1,5,9,B03,24.207243,120.523611,2
2018,9,26,13,27,臺中市,西屯區,1,0,0,8,1,5,40,11,9,1,5,4,5,7,4,4,5,4,5,2,29,42,1,9,1,1,C03,7,9,1,10,2,11,  ,42,42,1,21,8,C03,24.173573,120.598358,1
2018,9,26,13,28,臺中市,大里區,0,0,,8,,,60,,,,,,,,,,,,,,,,,,,,B02,,,1,,2,,,23,,1,21,,B02,24.105241,120.667042,3
2018,9,26,13,35,臺中市,外埔區,0,1,0,8,1,5,50,11,9,1,5,4,5,7,4,4,5,5,5,1,18,43,2,9,1,1,C03,7,9,1,10,2,14,  ,43,43,1,22,9,C03,24.33276,120.632646,2
2018,9,26,13,46,臺中市,烏日區,0,1,0,8,1,5,50,4,2,1,5,4,3,5,4,4,10,5,5,2,12,23,2,9,3,4,C03,7,9,3,18,2,11,  ,23,23,1,21,8,C03,24.106798,120.638436,2
2018,9,26,13,58,臺中市,清水區,0,1,0,8,1,5,50,4,1,1,5,4,5,7,4,4,10,5,5,2,15,23,2,8,1,1,C03,7,9,1,10,2,11,  ,23,23,1,21,8,C03,24.270876,120.574395,2
2018,9,26,14,0,臺中市,東區,0,1,0,8,1,5,50,4,1,1,5,4,5,7,1,1,10,5,5,2,17,26,2,1,1,1,B12,7,11,1,8,2,8,  ,26,26,1,21,8,B12,24.133666,120.68342,2
2018,9,26,14,9,臺中市,后里區,0,0,0,8,,,50,,,,,,,,,,,,,,,23,  ,  ,  ,  ,B03,  ,  ,1,  ,2,  ,  ,23,23,1,22,  ,B03,24.158942,120.648457,3
2018,9,26,14,17,臺中市,西區,0,1,0,8,3,5,50,14,9,1,5,4,5,7,4,4,9,5,5,2,17,23,2,1,1,1,B01,7,9,1,4,1,5,  ,23,23,2,21,8,B01,24.142936,120.661205,2
2018,9,26,14,29,臺中市,沙鹿區,0,1,0,8,1,5,50,4,1,1,5,4,5,7,2,1,10,5,5,2,14,12,3,10,1,1,B12,7,2,1,8,2,3,  ,12,12,1,10,8,B12,24.242021,120.614704,2
2018,9,26,14,30,臺中市,西屯區,0,0,,8,,,40,,,,,,,,,,,,,,,,,,,,   ,,,7,,11,,,43,,1,  ,,   ,24.19895,120.653063,3
2018,9,26,14,30,臺中市,清水區,0,1,0,8,1,5,40,14,7,1,5,4,5,7,4,4,1,4,4,2,17,43,3,10,1,1,B03,7,3,1,8,2,4,  ,43,43,1,21,8,B03,24.26578,120.573888,2
2018,9,26,14,30,臺中市,后里區,0,1,0,8,1,5,50,3,1,1,5,4,5,7,4,4,1,4,5,1,16,43,3,10,1,1,B12,7,6,1,8,2,5,  ,43,43,1,21,9,B12,24.309536,120.722538,2
2018,9,26,14,33,臺中市,西屯區,0,0,,8,,,50,,,,,,,,,,,,,,,23,,,,,B03,,,1,,2,,,23,23,1,21,,B03,24.174791,120.639204,3
2018,9,26,14,36,臺中市,西屯區,0,1,0,8,1,5,50,3,1,1,5,4,5,7,2,1,10,5,5,2,16,26,3,10,1,1,B03,7,6,1,8,2,5,2,26,26,1,21,8,B03,24.168015,120.654271,2
2018,9,26,14,37,臺中市,太平區,0,1,0,8,1,5,40,4,1,1,5,4,5,7,4,4,10,5,5,2,16,6,3,10,1,1,B03,7,5,1,8,2,8,  ,6,6,1,5,8,B03,24.125833,120.7125,2
2018,9,26,14,40,臺中市,西屯區,0,0,,8,,,40,,,,,,,,,,,,,,,,,,,,B03,,,1,,2,,,42,,1,  ,,B03,24.164337,120.646102,3
2018,9,26,14,41,臺中市,西區,0,1,0,8,1,5,40,4,1,1,5,4,5,7,4,4,10,5,5,2,15,6,2,9,1,1,C03,7,9,1,10,2,12,  ,6,6,1,21,8,C03,24.150179,120.660866,2
2018,9,26,14,41,臺中市,新社區,0,1,0,8,1,5,50,14,9,1,5,4,5,7,4,4,5,5,5,1,16,19,3,10,1,1,B12,7,1,1,8,2,8,  ,19,19,1,22,8,B12,24.249004,120.809365,2
2018,9,26,14,42,臺中市,太平區,0,0,,8,,,50,,,,,,,,,,,,,,,,,,,,B03,,,1,,2,,,42,,1,20,,B03,24.158186,120.712749,3