年,月,日,時,分,縣市,區,死,受傷,2-30,天候,光線,道路類別,速限,道路型態,事故位置,路面鋪裝,路面狀態,路面缺陷,障礙物,視距,號誌種類,號誌動作,分向設施,快車道或一般車道間,快慢車道間,路面邊線,事故類型及型態,主要肇因,受傷程度,主要傷處,保護裝備,行動電話,當事者區分_類別,車輛用途,當事者行動狀態,駕駛資格情形,駕駛執照種類,飲酒情形,車輛撞擊部位最初,車輛撞擊部位其他,肇事因素個別,肇事因素主要,肇事逃逸,職業,旅次目的,車種,GPS座標_緯度,GPS座標_經度,事故類別
2018,9,26,14,48,臺中市,北屯區,0,1,0,8,1,5,50,3,1,1,5,4,5,7,1,1,10,5,5,2,16,19,2,8,1,1,C03,7,1,1,10,2,14,  ,19,19,1,21,8,C03,24.16704,120.721241,2
2018,9,26,14,53,臺中市,大雅區,0,1,0,8,1,5,40,4,2,1,5,4,5,7,4,4,10,5,5,1,17,12,3,10,1,1,B12,7,2,1,2,2,15,  ,12,12,1,22,9,B12,24.22933,120.66564,2
2018,9,26,14,54,臺中市,南屯區,0,1,0,8,1,5,40,14,8,1,5,4,5,7,4,4,1,4,1,2,13,23,2,7,1,4,C03,7,9,1,10,2,11,  ,23,23,1,18,8,C03,24.150715,120.623269,2
2018,9,26,15,5,臺中市,中區,0,0,0,8,,,50,,,,,,,,,,,,,,,,3,  ,  ,  ,B12,  ,  ,1,  ,2,  ,  ,12,  ,  ,21,  ,B12,24.138213,120.682686,3
2018,9,26,15,6,臺中市,西區,0,0,0,8,,,50,,,,,,,,,,,,,,,42,3,  ,  ,  ,A12,  ,  ,1,  ,2,  ,  ,42,42,  ,21,  ,A12,24.145473,120.658191,3
2018,9,26,15,9,臺中市,龍井區,0,1,0,8,1,5,60,4,1,1,5,4,5,7,2,1,10,5,5,2,17,26,3,10,1,4,B03,7,6,1,8,2,2,  ,26,26,1,22,8,B03,24.185999,120.585644,2
2018,9,26,15,14,臺中市,西屯區,0,1,0,8,1,5,40,4,1,1,5,4,5,7,1,1,10,5,5,2,16,8,2,9,3,4,C03,7,5,1,10,2,14,12,8,8,1,22,8,C03,24.174955,120.646925,2
2018,9,26,15,15,臺中市,西屯區,0,1,0,8,1,5,40,14,8,1,5,4,5,7,4,4,9,4,4,2,12,19,3,10,1,1,B03,7,1,1,8,2,8,  ,19,19,1,12,8,B03,24.177121,120.637473,2
2018,9,26,15,18,臺中市,北屯區,0,0,,8,,,50,,,,,,,,,,,,,,,,,,,,B03,,,1,,2,,,6,,1,22,,B03,24.173255,120.669145,3
2018,9,26,15,23,臺中市,北屯區,0,1,0,8,1,5,50,3,2,1,5,4,5,7,1,1,10,5,5,2,12,3,2,9,1,1,C03,7,9,1,10,2,14,  ,3,3,1,20,5,C03,24.174236,120.696931,2
2018,9,26,15,26,臺中市,北區,0,0,0,8,,,50,,,,,,,,,,,,,,,9,3,  ,  ,  ,B01,  ,6,1,  ,2,  ,  ,9,9,1,10,  ,B01,24.164954,120.674279,3
2018,9,26,15,35,臺中市,西屯區,0,2,0,8,1,5,40,4,1,1,5,4,5,7,4,4,10,5,5,2,16,4,2,9,1,1,C03,7,5,1,10,2,11,  ,4,4,1,22,8,C03,24.156801,120.655183,2
2018,9,26,15,41,臺中市,南屯區,0,1,0,8,1,5,50,4,1,1,5,4,5,7,2,1,10,5,5,2,16,26,2,9,4,5,F01,7,1,8,20,2,16,  ,26,26,1,22,9,F01,24.149694,120.613155,2
2018,9,26,15,54,臺中市,烏日區,0,0,,8,,,70,,,,,,,,,,,,,,,,,,,,B03,,,1,,2,,,16,,1,5,,B03,24.107569,120.610483,3
2018,9,26,15,57,臺中市,太平區,0,0,,8,,,50,,,,,,,,,,,,,,,,,,,,C03,,,1,,2,,,23,,1,19,,C03,24.148127,120.702234,3
2018,9,26,16,3,臺中市,西屯區,0,0,,8,,,50,,,,,,,,,,,,,,,,,,,,B11,,,1,,2,,,16,,1,5,,B11,24.171686,120.636255,3
2018,9,26,16,10,臺中市,太平區,0,1,0,8,1,5,50,3,1,1,5,4,5,7,4,4,5,5,4,1,16,8,3,10,1,1,C03,7,5,1,10,2,13,  ,8,8,1,19,1,C03,24.149915,120.726825,2
2018,9,26,16,15,臺中市,南區,0,1,0,8,1,5,50,14,12,1,5,4,5,7,4,4,5,4,4,2,17,40,3,10,1,1,B12,7,13,1,8,2,4,  ,40,40,1,22,8,B12,24.113586,120.663685,2
2018,9,26,16,20,臺中市,和平區,0,0,0,8,1,2,15,12,9,1,5,4,5,7,4,4,5,2,5,1,14,42,3,10,1,1,A11,7,2,1,3,2,6,  ,42,42,1,22,4,A11,24.365957,121.337199,3
2018,9,26,16,21,臺中市,中區,0,1,0,8,1,5,40,14,8,1,5,4,5,7,4,4,5,4,4,2,29,23,2,8,1,1,C03,7,9,1,10,2,15,  ,23,23,1,22,9,C03,24.14594,120.67757,2
2018,9,26,16,22,臺中市,太平區,0,0,,8,,,40,,,,,,,,,,,,,,,,,,,,B12,,,1,,2,,,42,,1,  ,,B12,24.102777,120.718055,3
2018,9,26,16,30,臺中市,南屯區,0,0,,8,,,50,,,,,,,,,,,,,,,,,,,,B03,,,1,,2,,,6,,1,22,,B03,24.14791,120.642123,3
2018,9,26,16,30,臺中市,西屯區,0,0,0,8,,,50,,,,,,,,,,,,,,,10,  ,  ,  ,  ,B03,  ,  ,4,  ,2,  ,  ,10,10,1,21,  ,B03,24.160042,120.651811,3
2018,9,26,16,30,臺中市,大甲區,0,0,,8,,,50,,,,,,,,,,,,,,,,,,,,C03,,,1,,2,,,43,,1,9,,C03,24.340346,120.62692,3
2018,9,26,16,32,臺中市,烏日區,0,0,,8,,,40,,,,,,,,,,,,,,,,,,,,B12,,,1,,2,,,6,,1,5,,B12,24.060826,120.640764,3
2018,9,26,16,39,臺中市,東區,0,0,,8,,,50,,,,,,,,,,,,,,,,,,,,B03,,,1,,2,,,6,,1,22,,B03,24.138833,120.696517,3
2018,9,26,16,41,臺中市,龍井區,0,1,0,8,1,5,50,14,9,1,5,4,5,7,4,4,5,4,5,1,20,23,2,7,1,1,B03,7,9,1,8,2,5,  ,23,23,1,12,8,B03,24.193346,120.523818,2
2018,9,26,16,43,臺中市,西屯區,0,1,0,8,1,5,50,14,8,1,5,4,5,7,4,4,1,5,5,2,18,23,2,9,3,4,C03,7,9,1,10,2,12,  ,23,23,1,22,8,C03,24.158216,120.642285,2
2018,9,26,16,45,臺中市,大雅區,0,0,,8,,,50,,,,,,,,,,,,,,,,,,,,B12,,,1,,2,,,12,,1,  ,,B12,24.232586,120.638728,3
2018,9,26,16,49,臺中市,西屯區,0,0,,8,,,50,,,,,,,,,,,,,,,,,,,,B03,,,1,,2,,,12,,1,22,,B03,24.162551,120.653858,3
2018,9,26,16,51,臺中市,西區,0,1,0,8,1,5,50,14,7,1,5,4,5,7,4,4,4,4,4,2,17,26,3,10,1,1,B03,7,11,1,8,2,2,  ,26,26,1,21,8,B03,24.144187,120.672694,2
2018,9,26,16,52,臺中市,太平區,0,0,,8,,,40,,,,,,,,,,,,,,,,,,,,C03,,,1,,2,,,19,,1,  ,,C03,24.144859,120.714982,3
2018,9,26,16,56,臺中市,北區,0,1,0,8,1,5,50,3,1,1,5,4,5,7,4,4,10,5,5,2,16,6,2,9,1,1,C03,7,5,1,10,2,12,  ,6,6,1,22,8,C03,24.155883,120.69256,2
2018,9,26,16,59,臺中市,太平區,0,0,,8,,,40,,,,,,,,,,,,,,,,,,,,B12,,,1,,2,,,12,,1,4,,B12,24.149258,120.733871,3
2018,9,26,17,1,臺中市,西屯區,0,0,0,8,,,40,,,,,,,,,,,,,,,43,  ,  ,  ,  ,B03,  ,  ,1,  ,2,  ,  ,43,43,1,5,  ,B03,24.169768,120.65223,3
2018,9,26,17,11,臺中市,神岡區,0,1,0,8,2,5,40,4,1,1,5,4,5,7,4,4,10,5,5,2,16,6,3,10,3,4,B03,7,5,1,8,2,1,  ,6,6,1,22,9,B03,24.247271,120.67729,2
2018,9,26,17,23,臺中市,太平區,0,1,0,8,2,5,50,4,1,1,5,4,5,7,1,1,10,5,5,2,16,1,2,8,1,1,C03,7,4,1,10,2,11,  ,1,1,1,5,8,C03,24.156388,120.72,2
2018,9,26,17,27,臺中市,龍井區,0,0,,8,,,50,,,,,,,,,,,,,,,,,,,,B11,,,1,,2,,,17,,1,21,,B11,24.178656,120.582849,3
2018,9,26,17,31,臺中市,大雅區,0,0,,8,,,50,,,,,,,,,,,,,,,,,,,,A11,,,1,,2,,,17,,1,  ,,A11,24.235691,120.667209,3
2018,9,26,17,35,臺中市,西屯區,0,0,,8,,,60,,,,,,,,,,,,,,,,,,,,B03,,,1,,2,,,23,,1,21,,B03,24.171152,120.659842,3
2018,9,26,17,38,臺中市,西屯區,0,1,0,8,3,5,40,5,1,1,5,4,5,7,1,1,10,5,5,2,17,23,2,9,1,1,C03,7,9,1,10,2,12,  ,23,23,1,4,8,C03,24.165939,120.64403,2
2018,9,26,17,47,臺中市,西區,0,1,0,8,3,5,50,5,1,1,5,4,5,7,1,1,10,5,5,2,16,9,3,10,3,4,B03,7,6,1,8,2,2,  ,9,9,1,21,8,B03,24.132172,120.66257,2
2018,9,26,17,49,臺中市,豐原區,0,1,0,8,1,5,50,3,1,1,5,4,5,7,4,4,10,5,5,2,16,23,3,10,3,4,B03,7,9,1,8,6,8,  ,23,23,1,22,8,B03,24.254653,120.724016,2
2018,9,26,17,50,臺中市,西區,0,0,0,8,,,40,,,,,,,,,,,,,,,42,  ,  ,  ,  ,B03,  ,  ,1,  ,2,  ,  ,42,42,1,22,  ,B03,24.152853,120.664579,3
2018,9,26,18,7,臺中市,神岡區,0,0,,8,,,50,,,,,,,,,,,,,,,,,,,,B03,,,1,,2,,,23,,1,  ,,B03,24.248449,120.69731,3
2018,9,26,18,8,臺中市,新社區,0,2,0,8,2,5,50,3,1,1,5,4,5,7,4,4,5,4,5,1,16,6,3,10,1,1,C03,7,5,6,18,2,11,  ,6,6,1,21,8,C03,24.236968,120.814783,2
2018,9,26,18,9,臺中市,太平區,0,1,0,8,3,5,50,14,7,1,5,4,5,7,4,4,5,5,4,2,3,52,2,9,4,5,H01,8,20,8,20,10,16,  ,52,52,1,21,8,H01,24.157426,120.706012,2
2018,9,26,18,15,臺中市,潭子區,0,0,,8,1,5,80,14,7,1,5,4,5,7,4,4,1,3,5,1,13,,,,,,B03,,,1,,2,,,23,,1,22,,B03,24.197853,120.717978,3
2018,9,26,18,24,臺中市,北屯區,0,1,0,8,3,5,50,4,1,1,5,4,5,7,1,1,10,5,5,2,16,6,3,10,3,4,B03,7,5,1,8,2,2,  ,6,6,1,21,8,B03,24.176658,120.669816,2
2018,9,26,18,31,臺中市,太平區,0,1,0,8,2,5,50,14,9,1,5,4,5,7,4,4,9,5,5,1,16,19,3,10,1,1,B03,7,1,1,8,2,8,  ,19,19,1,22,8,B03,24.160277,120.710833,2
2018,9,26,18,34,臺中市,西區,0,0,,8,3,5,50,4,1,1,5,4,5,7,2,1,10,5,5,2,12,,,,,,B03,,,1,,2,,,7,,1,5,,B03,24.156545,120.663183,3
2018,9,26,18,34,臺中市,西屯區,0,0,,8,,,80,,,,,,,,,,,,,,,,,,,,B03,,,1,,2,,,17,,1,22,,B03,24.162679,120.653783,3
2018,9,26,18,34,臺中市,大雅區,0,1,0,8,3,5,50,5,1,1,5,4,5,7,1,1,10,5,5,2,17,25,2,9,1,1,C03,7,9,1,10,2,12,  ,25,25,1,22,9,C03,24.241198,120.630186,2
2018,9,26,18,38,臺中市,西屯區,0,0,,8,,,80,,,,,,,,,,,,,,,,,,,,B12,,,1,,2,,,23,,1,5,,B12,24.17445,120.634181,3
2018,9,26,18,40,臺中市,南區,0,1,0,8,3,5,50,4,1,1,5,4,5,7,1,1,10,5,5,2,11,6,3,10,1,1,B12,7,5,1,8,2,8,  ,6,6,1,22,8,B12,24.110923,120.652723,2
2018,9,26,18,40,臺中市,龍井區,0,0,,8,,,40,,,,,,,,,,,,,,,,,,,,B03,,,1,,2,,,12,,1,22,,B03,24.180064,120.585784,3
2018,9,26,18,50,臺中市,沙鹿區,0,1,0,8,3,5,40,3,1,1,5,4,5,7,1,1,10,5,5,2,17,23,2,8,1,1,C03,7,5,1,10,2,11,  ,23,23,1,20,5,C03,24.248318,120.575846,2
2018,9,26,18,55,臺中市,北區,0,1,0,8,3,5,50,3,1,1,5,4,5,7,1,1,10,5,5,2,29,23,2,9,1,1,C03,7,9,1,10,2,12,  ,23,23,1,22,8,C03,24.16516,120.66505,2
2018,9,26,18,58,臺中市,西屯區,0,1,0,8,3,5,50,14,9,1,5,4,5,7,1,1,9,4,5,2,12,26,2,7,1,1,C03,7,5,1,10,2,14,  ,26,26,1,21,8,C03,24.193679,120.649048,2
2018,9,26,19,15,臺中市,太平區,0,1,0,8,3,5,50,4,1,1,5,4,5,7,1,1,10,5,5,2,16,6,3,10,1,1,B03,7,6,1,8,2,2,  ,6,6,1,21,8,B03,24.158874,120.715263,2
2018,9,26,19,17,臺中市,南屯區,0,1,0,8,3,5,50,14,9,1,5,4,5,7,4,4,1,4,5,2,13,16,2,8,3,4,B03,7,9,1,8,2,1,  ,16,16,1,22,9,B03,24.153582,120.617967,2
2018,9,26,19,18,臺中市,后里區,0,0,,8,,,40,,,,,,,,,,,,,,,,,,,,B01,,,1,,2,,,42,,1,  ,,B01,24.309378,120.721786,3
2018,9,26,19,19,臺中市,西屯區,0,0,,8,,,50,,,,,,,,,,,,,,,,,,,,B03,,,1,,2,,,26,,1,4,,B03,24.159305,120.656061,3
2018,9,26,19,22,臺中市,梧棲區,0,0,,8,,,70,,,,,,,,,,,,,,,,,,,,B03,,,1,,2,,,6,,  ,  ,,B03,24.247018,120.544515,3
2018,9,26,19,28,臺中市,西屯區,0,0,,8,,,40,,,,,,,,,,,,,,,,,,,,B03,,,1,,2,,,23,,1,22,,B03,24.197035,120.648781,3
2018,9,26,19,36,臺中市,烏日區,0,1,0,8,1,5,50,3,4,1,5,4,5,7,2,1,10,5,5,2,12,8,3,10,1,1,C03,7,5,1,10,2,15,  ,8,8,1,21,8,C03,24.115919,120.618844,2
2018,9,26,19,40,臺中市,大甲區,0,1,0,8,3,5,50,14,9,1,5,4,5,7,4,4,9,5,5,2,17,40,3,10,1,1,B03,7,13,1,8,2,4,  ,40,40,1,22,1,B03,24.395044,120.655107,2
2018,9,26,19,48,臺中市,北區,0,2,0,8,3,5,50,14,7,1,5,4,5,7,4,4,5,4,5,2,16,8,2,9,1,4,C03,7,5,1,10,2,14,  ,8,8,1,21,8,C03,24.152228,120.688631,2
2018,9,26,19,53,臺中市,北屯區,0,0,,8,,,50,,,,,,,,,,,,,,,,,,,,B03,,,1,,2,,,16,,1,5,,B03,24.173875,120.674411,3
2018,9,26,19,55,臺中市,西區,0,1,0,8,1,5,50,11,7,1,5,3,5,7,4,4,5,4,4,2,18,43,2,9,1,1,C03,7,9,1,10,2,12,  ,43,43,1,22,9,C03,24.145518,120.668207,2
2018,9,26,20,3,臺中市,南屯區,0,1,0,8,3,5,40,3,2,1,5,4,5,7,4,4,5,5,5,2,12,23,2,9,1,1,C03,7,9,1,10,2,11,  ,23,23,1,22,9,C03,24.147769,120.645474,2
2018,9,26,20,4,臺中市,太平區,0,0,,8,,,40,,,,,,,,,,,,,,,,,,,,B03,,,1,,2,,,23,,1,  ,,B03,24.126111,120.748055,3
2018,9,26,20,30,臺中市,烏日區,0,1,0,8,3,5,50,14,7,1,5,4,5,7,4,4,5,5,4,1,17,23,2,9,1,1,C03,7,9,1,10,2,14,  ,23,23,1,21,8,C03,24.106013,120.626511,2
2018,9,26,20,40,臺中市,西屯區,0,1,0,8,3,5,40,14,8,1,5,4,5,7,4,4,9,4,4,2,16,42,2,9,1,1,B03,7,9,1,8,2,5,  ,42,42,1,5,8,B03,24.18975,120.613783,2
2018,9,26,20,46,臺中市,西屯區,0,2,0,8,3,5,40,4,1,1,5,4,5,7,4,4,9,5,5,2,17,6,2,9,1,1,C03,7,9,1,10,2,11,  ,6,6,1,21,8,C03,24.182398,120.637953,2
2018,9,26,20,46,臺中市,沙鹿區,0,1,0,8,3,5,50,3,2,1,5,4,5,7,1,1,1,2,4,2,13,23,3,10,1,1,B03,7,9,1,8,2,1,  ,23,23,1,4,8,B03,24.204946,120.56678,2
2018,9,26,20,55,臺中市,大甲區,0,1,0,8,3,5,50,3,1,1,5,4,5,7,1,1,10,5,5,2,18,23,2,9,1,1,C03,7,9,1,10,2,14,  ,23,23,1,22,9,C03,24.348343,120.613107,2
2018,9,26,20,57,臺中市,西屯區,0,2,0,8,3,5,40,14,8,1,5,4,5,7,4,4,3,4,3,2,13,21,2,9,1,1,C03,7,8,1,10,7,14,  ,21,21,1,4,8,C03,24.167349,120.64116,2
2018,9,26,21,18,臺中市,西屯區,0,0,0,8,,,50,,,,,,,,,,,,,,,12,  ,  ,  ,  ,B03,  ,  ,1,  ,2,  ,  ,12,12,1,22,  ,B03,24.177118,120.637823,3
2018,9,26,21,21,臺中市,西屯區,0,1,0,8,3,5,40,14,8,1,5,4,5,7,4,4,1,4,1,2,18,43,2,9,1,1,C03,7,7,1,10,2,14,  ,43,43,1,22,8,C03,24.19423,120.643598,2
2018,9,26,21,30,臺中市,大里區,0,3,0,8,3,5,40,4,1,1,5,4,5,7,4,4,10,5,5,2,17,6,2,8,1,1,C03,7,5,1,10,2,14,  ,6,6,1,21,5,C03,24.0921,120.703602,2
2018,9,26,21,46,臺中市,南區,0,1,0,8,3,5,50,11,7,1,5,4,5,7,4,4,5,2,5,2,13,23,2,9,1,1,C03,7,9,1,10,2,11,  ,23,23,1,22,8,C03,24.129933,120.684793,2
2018,9,26,21,53,臺中市,北區,0,1,0,8,3,5,40,4,1,1,5,4,5,7,4,4,10,5,5,2,15,6,2,8,1,1,C03,7,9,1,10,2,11,  ,6,6,1,22,8,C03,24.146797,120.683613,2
2018,9,26,22,0,臺中市,太平區,,,,8,,,50,,,,,,,,,,,,,,,,,,,,C03,,,1,,2,,,23,,1,18,,C03,24.139984,120.731475,3
2018,9,26,22,10,臺中市,中區,0,2,0,8,3,5,50,4,1,1,5,4,5,7,4,4,10,5,5,2,15,6,3,10,1,1,B03,7,9,1,8,2,1,  ,6,6,1,20,8,B03,24.140686,120.679695,2
2018,9,26,22,19,臺中市,西區,0,0,,8,3,5,50,3,9,1,5,4,5,7,1,1,4,1,5,2,13,23,,,,,,,,,,,,,,,,,,,24.141583,120.661666,3
2018,9,26,22,20,臺中市,太平區,0,1,0,8,3,5,40,14,8,1,5,4,5,7,4,4,5,5,4,1,13,23,2,9,1,1,C03,7,9,1,10,2,11,  ,23,23,1,21,8,C03,24.149903,120.725686,2
2018,9,26,22,28,臺中市,太平區,0,2,0,8,3,5,50,4,1,1,5,4,5,7,1,1,10,5,5,2,16,6,3,10,1,1,B03,7,5,1,8,2,6,  ,6,6,1,21,8,B03,24.134068,120.725963,2
2018,9,26,22,59,臺中市,西屯區,0,2,0,8,3,5,50,3,1,1,5,4,5,7,1,1,10,5,5,2,12,16,2,7,1,1,C02,7,4,1,9,2,11,  ,16,16,1,21,8,C02,24.175256,120.646548,2
2018,9,26,23,0,臺中市,沙鹿區,0,1,0,8,1,5,40,3,1,1,5,4,5,7,3,1,10,5,5,2,16,8,2,9,1,1,C03,7,5,1,10,2,12,  ,8,8,1,5,5,C03,24.214478,120.581026,2
2018,9,27,0,7,臺中市,南區,0,1,0,8,3,5,50,4,1,1,5,4,5,7,3,1,10,5,5,2,15,6,2,9,1,1,C03,7,9,1,10,2,11,  ,6,6,1,21,8,C03,24.12891,120.676733,2
2018,9,27,0,15,臺中市,烏日區,0,1,0,8,3,5,50,4,1,1,5,4,5,7,3,1,10,5,5,2,15,6,3,10,1,1,B12,7,9,1,8,2,5,  ,6,6,1,21,8,B12,24.093069,120.646456,2
2018,9,27,0,27,臺中市,南區,0,1,0,8,3,5,50,4,1,1,5,4,5,7,4,4,10,5,5,2,15,6,2,9,1,1,C03,7,9,1,10,2,11,  ,6,6,1,21,8,C03,24.125647,120.682563,2
2018,9,27,1,32,臺中市,北屯區,0,1,0,8,3,5,50,14,9,1,5,4,5,7,4,4,1,4,5,1,20,23,2,9,1,2,B12,7,9,1,8,2,1,  ,23,23,1,21,3,B12,24.200808,120.687408,2
2018,9,27,6,5,臺中市,北區,0,2,0,8,1,5,50,3,1,1,5,4,5,7,4,4,10,5,5,2,16,6,2,9,1,1,F01,7,6,8,20,2,16,  ,6,6,1,21,8,F01,24.157601,120.694478,2
2018,9,27,7,5,臺中市,南屯區,0,0,0,8,1,5,50,5,1,1,5,4,5,7,2,1,10,5,5,2,17,26,3,10,1,1,B03,7,9,1,8,2,6,6,26,26,1,5,1,B03,24.14232,120.635614,3
2018,9,27,7,5,臺中市,太平區,0,0,,8,,,40,,,,,,,,,,,,,,,,,,,,C03,,,1,,2,,,23,,1,  ,,C03,24.151388,120.721388,3
2018,9,27,7,12,臺中市,西屯區,0,1,0,8,1,5,50,3,1,1,5,4,5,7,4,4,5,5,5,2,16,6,3,10,1,1,B03,7,5,1,8,2,1,  ,6,6,1,22,8,B03,24.165707,120.637003,2
2018,9,27,7,14,臺中市,外埔區,0,0,,8,,,50,,,,,,,,,,,,,,,,,,,,B03,,,3,,2,,,23,,1,22,,B03,24.341244,120.636195,3
2018,9,27,7,15,臺中市,太平區,0,1,0,8,1,5,50,14,9,1,5,4,5,7,1,1,5,5,4,1,16,7,2,9,1,1,C03,7,7,1,10,2,14,  ,7,7,1,5,5,C03,24.148883,120.718565,2
2018,9,27,7,20,臺中市,梧棲區,0,1,0,8,1,5,50,4,1,1,5,4,5,7,1,1,10,5,5,2,16,6,3,10,1,1,B03,7,5,1,8,2,6,  ,6,6,1,5,1,B03,24.253786,120.530098,2
2018,9,27,7,25,臺中市,南屯區,0,0,0,8,1,5,50,4,1,1,5,4,5,7,2,1,10,5,5,2,15,25,3,10,1,1,A05,7,9,1,2,2,1,1,25,25,1,10,4,A05,24.133374,120.644353,3
2018,9,27,7,25,臺中市,太平區,0,0,,8,,,40,,,,,,,,,,,,,,,,,,,,C03,,,1,,2,,,16,,1,  ,,C03,24.141111,120.728888,3
2018,9,27,7,27,臺中市,沙鹿區,0,2,0,8,1,5,50,14,9,1,5,4,5,7,4,4,5,5,5,2,17,42,2,9,1,1,F03,7,9,8,20,2,16,  ,42,42,1,20,8,F03,24.233022,120.556998,2
2018,9,27,7,28,臺中市,新社區,0,1,0,8,1,5,50,3,1,1,5,4,5,7,4,4,5,4,5,1,12,23,3,10,1,1,C03,7,9,1,10,2,12,  ,23,23,1,21,8,C03,24.202989,120.797465,2
2018,9,27,7,30,臺中市,南區,0,0,0,8,,,50,,,,,,,,,,,,,,,,  ,  ,  ,  ,C03,  ,  ,1,  ,9,  ,  ,23,  ,1,  ,  ,C03,24.122458,120.667496,3
2018,9,27,7,30,臺中市,沙鹿區,0,2,0,8,1,5,50,4,1,1,5,4,5,7,4,4,5,5,5,2,16,6,3,10,1,1,B03,7,9,1,8,2,5,  ,6,6,1,3,8,B03,24.252003,120.562585,2
2018,9,27,7,30,臺中市,沙鹿區,0,1,0,8,1,5,40,15,8,1,5,4,5,7,1,1,1,4,4,2,17,43,3,10,1,1,C03,7,9,1,10,2,14,  ,43,43,1,4,1,C03,24.243992,120.615091,2
2018,9,27,7,30,臺中市,神岡區,0,2,0,8,1,5,50,3,1,1,5,4,5,7,3,1,10,5,5,2,17,6,2,9,1,1,C03,7,5,1,10,2,12,  ,6,6,1,22,9,C03,24.269623,120.66044,2
2018,9,27,7,31,臺中市,南屯區,0,0,,8,,,50,,,,,,,,,,,,,,,,,,,,B02,,,1,,2,,,23,,1,  ,,B02,24.12593,120.631898,4
2018,9,27,7,33,臺中市,南屯區,0,0,,8,,,50,,,,,,,,,,,,,,,,,,,,B03,,,1,,2,,,23,,1,22,,B03,24.153501,120.617848,3
2018,9,27,7,34,臺中市,大雅區,0,2,0,8,1,5,40,14,8,1,5,4,5,7,4,4,3,4,4,1,3,23,2,9,1,1,C03,7,9,1,10,2,11,  ,23,23,1,22,9,C03,24.239035,120.632343,2
2018,9,27,7,35,臺中市,西屯區,0,0,0,8,,,50,,,,,,,,,,,,,,,23,  ,  ,  ,  ,B03,  ,  ,1,  ,2,  ,  ,23,23,1,21,  ,B03,24.18502,120.62534,3
2018,9,27,7,41,臺中市,中區,0,1,0,8,1,5,50,4,1,1,5,4,5,7,1,1,10,5,5,2,15,44,3,10,1,1,B03,7,9,1,8,2,5,  ,44,44,1,5,8,B03,24.146957,120.680612,2
2018,9,27,7,41,臺中市,北屯區,0,0,,8,,,50,,,,,,,,,,,,,,,,,,,,B03,,,1,,2,,,7,,1,22,,B03,24.17449,120.685566,3
2018,9,27,7,42,臺中市,太平區,0,0,,8,,,50,,,,,,,,,,,,,,,,,,,,B03,,,1,,2,,,23,,1,19,,B03,24.155026,120.721095,3
2018,9,27,7,42,臺中市,大雅區,0,2,0,8,1,5,40,3,1,1,5,4,5,7,4,4,10,5,5,2,10,19,2,8,1,1,C03,7,1,1,10,2,11,  ,19,19,1,22,9,C03,24.156224,120.657422,2
2018,9,27,7,45,臺中市,西區,0,0,0,8,,,50,,,,,,,,,,,,,,,23,3,  ,  ,  ,B03,  ,  ,1,8,2,2,  ,23,23,1,21,8,B03,24.138828,120.672193,3
2018,9,27,7,45,臺中市,龍井區,0,1,0,8,1,5,40,4,1,1,5,4,5,7,2,1,10,5,5,2,16,25,2,7,1,1,C03,7,1,1,10,2,11,  ,19,25,1,21,8,C03,24.181401,120.574411,2
2018,9,27,7,45,臺中市,大甲區,0,1,0,2,1,5,70,14,7,1,5,4,5,7,4,4,1,2,4,1,13,23,2,9,1,1,C03,7,7,1,10,2,11,  ,23,23,1,21,8,C03,24.373113,120.646463,2
2018,9,27,7,46,臺中市,南區,0,1,0,8,1,5,40,14,8,1,5,4,5,7,4,4,9,5,4,2,13,23,3,10,1,1,C03,7,9,1,10,2,11,  ,23,23,1,21,8,C03,24.121363,120.651427,2
2018,9,27,7,46,臺中市,龍井區,0,2,0,8,1,5,50,4,1,1,5,4,5,7,2,1,10,5,5,2,13,23,2,7,1,1,C03,7,9,1,10,2,11,  ,23,23,1,21,8,C03,24.18704,120.583096,2
2018,9,27,7,47,臺中市,北屯區,0,2,0,8,1,5,50,14,8,1,5,4,5,7,4,4,1,4,4,2,13,23,2,7,1,1,C03,7,9,1,10,2,11,  ,23,23,1,22,8,C03,24.181691,120.666425,2
2018,9,27,7,51,臺中市,大甲區,0,1,0,6,1,5,50,3,2,1,4,4,5,7,4,4,10,5,5,2,17,6,3,10,1,1,B03,7,9,1,8,2,4,  ,6,6,1,21,1,B03,24.381026,120.657263,2
2018,9,27,7,52,臺中市,沙鹿區,0,0,,8,,,60,,,,,,,,,,,,,,,,,,,,B03,,,1,,2,,,23,,1,  ,,B03,24.237874,120.569425,3
2018,9,27,7,53,臺中市,西屯區,0,1,0,8,1,5,50,4,1,1,5,4,5,7,2,1,5,4,4,2,16,6,3,10,3,4,B03,7,5,1,8,2,6,  ,6,6,1,21,8,B03,24.169235,120.660056,2
2018,9,27,7,54,臺中市,南區,0,0,0,,,,,,,,,,,,,,,,,,,23,3,  ,  ,  ,B03,  ,  ,1,  ,2,  ,  ,23,23,1,22,  ,B03,24.121997,120.661305,3
2018,9,27,7,54,臺中市,太平區,0,1,0,8,1,5,50,5,1,1,5,4,5,7,1,1,8,5,5,2,3,15,3,10,1,1,C03,7,9,3,18,2,11,  ,15,15,1,18,2,C03,24.149633,120.7248,2