年,月,日,時,分,縣市,區,死,受傷,2-30,天候,光線,道路類別,速限,道路型態,事故位置,路面鋪裝,路面狀態,路面缺陷,障礙物,視距,號誌種類,號誌動作,分向設施,快車道或一般車道間,快慢車道間,路面邊線,事故類型及型態,主要肇因,受傷程度,主要傷處,保護裝備,行動電話,當事者區分_類別,車輛用途,當事者行動狀態,駕駛資格情形,駕駛執照種類,飲酒情形,車輛撞擊部位最初,車輛撞擊部位其他,肇事因素個別,肇事因素主要,肇事逃逸,職業,旅次目的,車種,GPS座標_緯度,GPS座標_經度,事故類別
2018,9,27,7,55,臺中市,南屯區,0,0,0,8,1,5,40,14,8,1,5,4,5,7,4,4,1,4,4,2,13,21,3,10,1,1,B03,7,9,1,8,7,1,  ,21,21,1,19,8,B03,24.151519,120.638025,3
2018,9,27,7,55,臺中市,西屯區,0,0,,8,,,40,,,,,,,,,,,,,,,,,,,,B12,,,1,,2,,,12,,1,22,,B12,24.182795,120.632686,3
2018,9,27,7,55,臺中市,沙鹿區,0,1,0,8,1,5,40,11,9,1,5,4,5,1,4,4,10,5,5,2,11,17,3,10,1,1,B12,7,9,1,8,2,7,  ,17,17,1,19,8,B12,24.221031,120.597791,2
2018,9,27,7,56,臺中市,西屯區,0,1,0,8,1,5,40,4,1,1,5,4,5,7,1,1,10,5,5,2,13,16,3,10,1,1,C03,7,9,1,10,2,11,  ,16,16,1,21,1,C03,24.197065,120.642001,2
2018,9,27,8,3,臺中市,西屯區,0,0,,8,,,50,,,,,,,,,,,,,,,,,,,,C03,,,1,,2,,,43,,1,21,,C03,24.16802,120.641114,3
2018,9,27,8,3,臺中市,大肚區,0,0,,8,,,50,,,,,,,,,,,,,,,,,,,,B03,,,1,,2,,,42,,1,  ,,B03,24.16853,120.579947,3
2018,9,27,8,3,臺中市,大甲區,0,1,0,6,1,5,50,4,1,1,4,4,5,7,1,1,10,5,5,2,17,6,3,10,1,1,B03,7,6,1,8,2,6,  ,6,6,1,21,8,B03,24.340245,120.625211,2
2018,9,27,8,5,臺中市,北屯區,0,3,0,8,1,5,50,4,1,1,5,4,5,7,4,4,10,5,5,2,16,6,2,8,1,1,C03,7,5,4,8,2,12,  ,6,6,1,21,8,C03,24.175503,120.717502,2
2018,9,27,8,8,臺中市,南屯區,0,0,,8,,,80,,,,,,,,,,,,,,,,,,,,B03,,,1,,2,,,23,,1,22,,B03,24.135876,120.624346,3
2018,9,27,8,10,臺中市,西屯區,0,1,0,8,1,5,40,3,2,1,5,4,5,7,4,4,10,4,4,2,11,43,2,9,1,1,C03,7,9,1,10,2,14,  ,43,43,1,22,8,C03,24.176066,120.665888,2
2018,9,27,8,12,臺中市,北屯區,0,0,0,8,,,50,,,,,,,,,,,,,,,6,  ,  ,  ,  ,B03,  ,  ,1,  ,2,  ,  ,6,6,  ,2,  ,B03,24.186853,120.689328,3
2018,9,27,8,12,臺中市,太平區,0,0,,8,,,40,,,,,,,,,,,,,,,,,,,,B03,,,1,,2,,,23,,1,4,,B03,24.146391,120.713219,3
2018,9,27,8,17,臺中市,西區,0,2,0,8,1,5,50,4,1,1,5,4,5,7,1,1,10,5,5,2,16,6,2,8,1,1,C03,7,6,1,10,2,12,  ,6,6,1,21,5,C03,24.144333,120.665267,2
2018,9,27,8,18,臺中市,南區,0,2,0,8,1,5,50,3,1,1,5,4,5,7,4,4,9,5,5,2,12,6,2,9,1,1,C03,7,5,1,10,2,11,  ,6,6,1,21,8,C03,24.117691,120.662308,2
2018,9,27,8,19,臺中市,南屯區,0,0,,,,,,,,,,,,,,,,,,,,,,,,,B03,,,1,,2,,,23,,1,  ,,B03,24.145541,120.637821,4
2018,9,27,8,24,臺中市,東勢區,0,1,0,8,1,5,50,14,9,1,5,4,5,7,1,1,5,4,5,1,14,12,3,10,1,1,B12,7,2,1,6,2,3,  ,12,12,1,21,8,B12,24.251522,120.830754,2
2018,9,27,8,25,臺中市,南屯區,0,2,0,8,1,5,50,5,1,1,5,4,5,7,2,1,10,5,5,2,16,3,2,7,1,1,C03,7,6,1,9,2,14,  ,3,3,1,22,8,C03,24.150835,120.61235,2
2018,9,27,8,30,臺中市,西屯區,0,0,,8,,,80,,,,,,,,,,,,,,,,,,,,B03,,,1,,2,,,43,,1,21,,B03,24.159246,120.638585,3
2018,9,27,8,40,臺中市,大甲區,0,1,0,8,1,5,50,14,9,1,5,3,5,7,4,4,9,5,5,1,29,65,  ,  ,  ,  ,   ,  ,  ,  ,  ,  ,  ,  ,65,65,1,  ,  ,   ,24.344592,120.622471,2
2018,9,27,8,43,臺中市,北區,0,2,0,8,1,5,50,3,1,1,5,4,5,7,4,4,3,4,5,2,17,1,2,9,1,1,C03,7,4,1,10,2,11,  ,1,1,1,22,9,C03,24.172254,120.669751,2
2018,9,27,8,48,臺中市,外埔區,0,0,,8,,,40,,,,,,,,,,,,,,,,,,,,A12,,,1,,3,,,6,,1,22,,A12,24.32104,120.680026,3
2018,9,27,8,51,臺中市,北區,0,2,0,8,1,5,40,14,8,1,5,4,5,7,4,4,1,4,4,2,13,23,2,5,1,1,C03,7,9,3,18,2,11,  ,23,23,1,21,8,C03,24.154576,120.677139,2
2018,9,27,8,55,臺中市,太平區,0,1,0,8,1,5,50,14,13,1,5,4,5,7,4,4,5,5,5,1,16,26,3,10,1,1,B03,7,5,1,10,2,1,  ,26,26,1,21,1,B03,24.13861,120.714852,2
2018,9,27,8,56,臺中市,太平區,0,1,0,8,1,5,50,14,9,1,5,4,5,7,4,4,5,5,5,2,12,43,2,9,1,1,C03,7,9,1,10,2,12,  ,43,43,1,21,1,C03,24.157057,120.715299,2
2018,9,27,9,0,臺中市,北屯區,0,1,0,8,1,5,50,4,1,1,5,4,5,7,4,4,10,5,5,2,16,19,2,9,1,1,C04,7,1,1,10,2,15,  ,19,19,1,22,8,C04,24.166677,120.693911,2
2018,9,27,9,4,臺中市,沙鹿區,0,0,,8,,,40,,,,,,,,,,,,,,,,,,,,A41,,,1,,2,,,45,,1,10,,A41,24.202066,120.56949,3
2018,9,27,9,8,臺中市,梧棲區,0,0,,8,,,50,,,,,,,,,,,,,,,,,,,,B03,,,1,,2,,,16,,1,20,,B03,24.245213,120.537785,3
2018,9,27,9,23,臺中市,北屯區,0,2,0,8,1,5,50,14,9,1,5,4,5,7,1,1,5,2,5,2,13,23,3,10,1,1,B03,7,9,1,8,2,8,  ,23,23,1,22,8,B03,24.172876,120.71281,2
2018,9,27,9,24,臺中市,神岡區,0,1,0,8,1,5,50,14,9,1,5,4,1,7,4,4,5,5,4,2,28,23,2,9,3,4,C03,7,9,1,10,2,11,  ,23,23,1,22,9,C03,24.269561,120.660443,2
2018,9,27,9,25,臺中市,北屯區,0,1,0,8,1,5,50,4,2,1,5,4,5,7,4,4,5,5,4,2,16,8,2,9,1,1,C03,7,5,1,10,2,11,  ,8,8,1,21,8,C03,24.177444,120.688461,2
2018,9,27,9,30,臺中市,西區,0,2,0,8,1,5,50,4,1,1,5,4,5,7,1,1,10,5,5,2,16,6,3,10,1,1,B03,7,5,1,8,2,2,  ,6,6,1,19,9,B03,24.142672,120.668199,2
2018,9,27,9,43,臺中市,南屯區,0,0,,8,,,50,,,,,,,,,,,,,,,,,,,,C03,,,1,,11,,,23,,2,5,,C03,24.152457,120.649758,3
2018,9,27,9,44,臺中市,北屯區,0,0,,8,,,50,,,,,,,,,,,,,,,,,,,,B03,,,1,,2,,,23,,1,  ,,B03,24.203872,120.674315,3
2018,9,27,9,45,臺中市,大甲區,0,1,0,8,1,5,50,14,13,1,5,4,5,7,4,4,5,5,5,1,17,43,2,7,1,1,C03,7,9,1,10,2,12,  ,43,43,1,9,9,C03,24.401124,120.644258,2
2018,9,27,9,49,臺中市,北區,0,2,0,8,1,5,50,3,1,1,5,4,5,7,4,4,10,5,5,2,17,6,2,9,1,1,C03,7,9,1,10,2,14,  ,6,6,1,22,9,C03,24.152438,120.686514,2
2018,9,27,9,51,臺中市,南區,0,0,,8,,,40,,,,,,,,,,,,,,,,,,,,B03,,,1,,2,,,19,,1,4,,B03,24.118538,120.679969,3
2018,9,27,9,53,臺中市,南區,0,1,0,8,1,5,50,4,1,1,5,4,5,7,1,1,10,5,5,2,16,6,3,10,1,1,B03,7,6,1,8,2,5,  ,6,6,1,22,9,B03,24.114158,120.666993,2
2018,9,27,9,55,臺中市,北區,0,1,0,8,1,5,50,14,7,1,5,4,5,7,4,4,1,4,4,2,17,7,2,9,1,1,C03,7,7,1,10,2,11,  ,7,7,1,22,8,C03,24.1471,120.683,2
2018,9,27,10,3,臺中市,南區,0,1,0,8,1,5,50,4,1,1,5,4,5,7,1,1,10,5,5,2,16,6,3,10,1,1,B03,7,5,1,8,2,1,  ,6,6,1,21,8,B03,24.124527,120.661841,2
2018,9,27,10,11,臺中市,西屯區,0,0,,8,,,50,,,,,,,,,,,,,,,,,,,,B12,,,1,,2,,,25,,1,  ,,B12,24.170975,120.636073,3
2018,9,27,10,13,臺中市,大肚區,0,1,0,8,1,5,50,3,1,1,5,4,5,7,1,1,10,5,5,2,12,23,2,7,1,1,C03,7,4,1,10,2,14,  ,23,23,1,21,8,C03,24.168353,120.582665,2
2018,9,27,10,13,臺中市,梧棲區,0,0,,8,,,40,,,,,,,,,,,,,,,,,,,,B03,,,1,,2,,,23,,1,20,,B03,24.251068,120.537151,3
2018,9,27,10,14,臺中市,南屯區,0,0,,8,,,50,,,,,,,,,,,,,,,7,,,,,A11,,,1,,2,,,44,7,1,22,,A11,24.153577,120.616242,3
2018,9,27,10,20,臺中市,北區,0,1,0,8,1,5,40,3,2,1,5,4,5,7,4,4,10,5,5,2,18,23,2,9,1,1,C03,7,9,1,10,2,12,  ,23,23,1,21,8,C03,24.159098,120.685542,2
2018,9,27,10,30,臺中市,西屯區,0,1,0,8,1,5,50,4,1,1,5,4,5,7,1,1,10,5,5,2,16,25,3,10,3,4,B12,7,5,1,3,2,5,  ,25,25,1,21,8,B12,24.199878,120.656343,2
2018,9,27,10,33,臺中市,南屯區,0,1,0,8,1,5,50,14,8,1,5,4,5,7,4,4,1,4,4,2,16,27,3,10,3,4,B02,7,6,1,8,2,6,  ,27,27,1,22,8,B02,24.150971,120.641605,2
2018,9,27,10,45,臺中市,西屯區,0,1,0,8,1,5,50,4,2,1,5,4,5,7,1,1,1,4,4,2,13,16,2,8,1,1,C03,7,9,1,10,2,11,  ,16,16,1,22,8,C03,24.182017,120.624758,2
2018,9,27,10,51,臺中市,南區,0,1,0,8,1,5,50,4,1,1,5,4,5,7,1,1,10,5,5,2,16,6,3,10,1,1,B01,7,5,1,4,2,8,  ,6,6,1,22,9,B01,24.127546,120.662668,2
2018,9,27,10,52,臺中市,西屯區,0,1,0,8,1,5,50,14,9,1,5,4,5,7,4,4,1,4,5,2,12,7,3,10,1,1,B03,7,9,1,8,2,2,  ,44,7,1,21,8,B03,24.160718,120.64888,2
2018,9,27,11,0,臺中市,大甲區,0,1,0,8,1,5,50,4,1,1,5,4,5,7,1,1,10,5,5,2,16,9,3,10,1,1,B03,7,6,3,18,2,2,  ,9,9,1,21,8,B03,24.349492,120.62638,2
2018,9,27,11,19,臺中市,南區,0,0,,8,,,50,,,,,,,,,,,,,,,,,,,,B12,,,1,,2,,,23,,1,9,,B12,24.116438,120.67063,3
2018,9,27,11,19,臺中市,北屯區,0,1,0,8,1,5,50,14,9,1,5,4,5,7,4,4,1,4,5,2,12,7,3,10,1,1,B03,7,8,1,8,2,2,  ,7,7,1,21,8,B03,24.17143,120.685383,2
2018,9,27,11,26,臺中市,西屯區,0,1,0,8,1,5,50,3,1,1,5,4,5,7,4,4,1,4,4,2,16,8,3,10,3,4,B03,7,5,1,8,2,3,  ,8,8,1,21,8,B03,24.199515,120.654733,2
2018,9,27,11,31,臺中市,南屯區,0,0,,8,,,50,,,,,,,,,,,,,,,,,,,,B03,,,1,,2,,,23,,1,  ,,B03,24.130038,120.653208,4
2018,9,27,11,37,臺中市,太平區,0,0,,8,,,50,,,,,,,,,,,,,,,,,,,,B03,,,1,,2,,,12,,1,9,,B03,24.136185,120.72317,3
2018,9,27,11,43,臺中市,霧峰區,0,0,,8,,,50,,,,,,,,,,,,,,,,,,,,A11,,,1,,2,,,26,,1,21,,A11,24.072492,120.662271,3
2018,9,27,11,48,臺中市,太平區,0,1,0,8,1,5,50,14,7,1,5,4,5,7,4,4,5,5,4,2,18,12,2,9,1,1,C03,7,9,5,9,2,14,  ,23,12,1,5,8,C03,24.105277,120.718888,2
2018,9,27,11,51,臺中市,西屯區,0,0,,8,,,1,,,,,,,,,,,,,,,,,,,,B03,,,1,,2,,,23,,1,22,,B03,24.165808,120.595236,3
2018,9,27,11,53,臺中市,北屯區,0,1,0,8,1,5,50,3,2,1,5,4,5,7,1,1,5,5,4,2,13,23,3,10,1,1,B03,7,9,1,8,2,1,  ,23,23,1,21,8,B03,24.164975,120.691356,2
2018,9,27,11,55,臺中市,東區,0,0,0,8,1,5,40,3,2,1,5,4,5,7,4,4,5,5,5,2,16,23,3,10,1,1,B03,7,6,1,8,2,8,  ,23,23,2,21,8,B03,24.147122,120.694959,3
2018,9,27,12,0,臺中市,沙鹿區,0,1,0,8,1,5,40,4,1,1,5,4,5,7,4,4,10,5,5,2,16,43,2,9,1,1,C03,7,9,1,10,2,14,  ,43,43,1,21,8,C03,24.216965,120.569373,2
2018,9,27,12,3,臺中市,西區,0,0,,8,1,5,50,14,9,1,5,4,5,7,4,4,5,4,5,2,12,,,,,,B03,,,1,,2,,,18,,1,5,,B03,24.146758,120.666265,3
2018,9,27,12,6,臺中市,太平區,0,0,,8,,,50,,,,,,,,,,,,,,,,,,,,B03,,,1,,2,,,17,,1,21,,B03,24.154033,120.741689,3
2018,9,27,12,6,臺中市,大雅區,0,0,,8,,,50,,,,,,,,,,,,,,,23,,,,,B03,,,1,,2,,,44,23,1,22,,B03,24.221517,120.645634,3
2018,9,27,12,8,臺中市,沙鹿區,0,1,0,8,1,5,50,14,9,1,5,4,5,7,4,4,9,4,4,2,17,23,2,9,1,1,C03,7,9,1,10,2,11,  ,23,23,1,18,8,C03,24.224101,120.576882,2
2018,9,27,12,19,臺中市,西屯區,0,0,,8,,,50,,,,,,,,,,,,,,,,,,,,B03,,,1,,2,,,23,,1,21,,B03,24.200491,120.655111,3
2018,9,27,12,23,臺中市,潭子區,0,1,0,8,1,5,50,5,1,1,5,4,5,7,1,1,1,4,4,1,12,23,2,7,1,1,C03,7,11,3,18,8,14,  ,23,23,1,22,8,C03,24.216705,120.697592,2
2018,9,27,12,30,臺中市,北屯區,0,0,,8,,,40,,,,,,,,,,,,,,,,,,,,B03,,,1,,2,,,42,,1,4,,B03,24.1619,120.7192,3
2018,9,27,12,39,臺中市,梧棲區,0,0,,8,,,50,,,,,,,,,,,,,,,,,,,,B03,,,1,,2,,,12,,  ,  ,,B03,24.257775,120.529934,4
2018,9,27,12,43,臺中市,南區,0,1,0,8,1,5,40,14,8,1,5,4,5,7,4,4,1,4,3,2,18,23,2,9,1,1,C03,7,9,1,10,2,14,  ,23,23,1,21,8,C03,24.124138,120.678602,2
2018,9,27,12,46,臺中市,西屯區,0,0,0,8,1,5,50,,,,,,,,,,,,,,,18,  ,  ,  ,  ,C03,  ,  ,1,  ,2,11,  ,18,18,1,22,  ,C03,24.174591,120.64726,3
2018,9,27,13,6,臺中市,南區,0,0,,8,,,50,,,,,,,,,,,,,,,,,,,,B03,,,1,,2,,,23,,1,5,,B03,24.11653,120.660508,3
2018,9,27,13,6,臺中市,北屯區,0,2,0,8,1,5,40,14,8,1,5,4,5,7,4,4,5,5,4,2,13,43,2,9,3,4,C03,7,9,4,10,2,13,  ,43,43,1,21,8,C03,24.168723,120.704963,2
2018,9,27,13,6,臺中市,太平區,0,3,0,8,1,5,50,3,1,1,5,4,5,7,1,1,10,5,5,2,16,6,2,9,1,1,C03,7,5,1,10,2,12,  ,6,6,1,19,5,C03,24.147264,120.715347,2
2018,9,27,13,10,臺中市,北屯區,0,1,0,8,1,5,50,4,1,1,5,4,5,7,1,1,10,5,5,2,13,23,2,9,1,1,C03,7,9,1,10,2,11,  ,23,23,1,22,8,C03,24.200784,120.665343,2
2018,9,27,13,12,臺中市,北區,0,1,0,8,1,5,50,4,2,1,5,4,5,7,1,1,3,2,4,2,17,21,3,10,1,1,B03,7,9,6,18,8,8,  ,21,21,1,22,9,B03,24.15734,120.676485,2
2018,9,27,13,12,臺中市,西屯區,0,1,0,8,1,5,50,3,9,1,5,4,5,7,1,1,9,4,5,2,17,26,3,10,1,1,B03,7,5,1,8,2,8,  ,26,26,1,21,8,B03,24.180486,120.645195,2
2018,9,27,13,15,臺中市,南屯區,0,0,0,8,1,5,50,14,8,1,5,4,5,7,4,4,9,5,4,2,17,23,3,10,1,1,B03,7,11,1,8,2,5,5,23,23,1,3,3,B03,24.129686,120.620764,3
2018,9,27,13,17,臺中市,大雅區,0,0,,8,,,50,,,,,,,,,,,,,,,,,,,,B12,,,1,,2,,,26,,1,  ,,B12,24.225609,120.645186,3
2018,9,27,13,24,臺中市,北區,0,1,0,8,1,5,50,4,2,1,5,4,5,7,2,1,10,5,5,2,16,10,3,10,1,1,B03,7,11,1,8,2,1,  ,10,10,1,22,8,B03,24.1482,120.6798,2
2018,9,27,13,30,臺中市,北屯區,0,0,0,8,,,40,,,,,,,,,,,,,,,43,3,  ,  ,  ,B03,  ,  ,1,  ,2,  ,  ,43,43,  ,21,  ,B03,24.186711,120.713608,3
2018,9,27,13,38,臺中市,西屯區,0,1,0,8,1,5,50,4,1,1,5,4,5,7,1,1,10,5,5,2,17,43,3,10,1,1,C03,7,9,6,10,2,12,  ,43,43,1,22,9,C03,24.179518,120.614861,2
2018,9,27,14,1,臺中市,西屯區,0,0,,8,,,40,,,,,,,,,,,,,,,,,,,,C03,,,1,,2,,,16,,1,21,,C03,24.16949,120.642555,3
2018,9,27,14,3,臺中市,大里區,0,1,0,8,1,5,50,4,1,1,5,4,5,7,4,4,10,5,5,2,16,6,3,10,1,1,C03,7,5,1,10,2,14,  ,6,6,1,20,8,C03,24.108963,120.69,2
2018,9,27,14,6,臺中市,太平區,0,0,,8,,,40,,,,,,,,,,,,,,,,,,,,C03,,,1,,11,,,6,,1,19,,C03,24.147168,120.719915,3
2018,9,27,14,11,臺中市,霧峰區,0,0,,8,,,40,,,,,,,,,,,,,,,,,,,,B03,,,1,,2,,,42,,1,4,,B03,24.042858,120.681507,3
2018,9,27,14,15,臺中市,清水區,0,0,0,8,,,40,,,,,,,,,,,,,,,19,  ,  ,  ,  ,B03,  ,  ,1,  ,2,  ,  ,19,19,1,21,  ,B03,24.263585,120.573336,3
2018,9,27,14,17,臺中市,西屯區,0,0,0,8,1,5,50,,,,,,,,,,,,,,,19,  ,  ,  ,  ,B03,  ,  ,1,  ,2,1,  ,19,19,1,22,  ,B03,24.161098,120.606798,3
2018,9,27,14,25,臺中市,西區,0,2,0,8,1,5,50,14,9,1,5,4,5,7,4,4,9,5,5,2,16,6,3,10,3,4,B03,7,6,1,8,2,5,  ,6,6,1,21,8,B03,24.144372,120.665862,2
2018,9,27,14,25,臺中市,北區,0,1,0,8,1,5,50,4,1,1,5,4,5,7,4,4,10,5,5,2,15,6,2,9,1,1,C03,7,9,1,10,2,11,  ,6,6,1,22,9,C03,24.17164,120.667266,2
2018,9,27,14,27,臺中市,龍井區,0,0,,8,,,50,,,,,,,,,,,,,,,,,,,,B03,,,1,,2,,,23,,1,12,,B03,24.194713,120.531305,3
2018,9,27,14,30,臺中市,西區,0,0,,8,,,50,,,,,,,,,,,,,,,,,,,,B12,,,1,,2,,,12,,1,5,,B12,24.145115,120.663445,4
2018,9,27,14,32,臺中市,南屯區,0,0,,,,,,,,,,,,,,,,,,,,,,,,,B12,,,1,,2,,,12,,1,  ,,B12,24.112956,120.626032,4
2018,9,27,14,36,臺中市,南屯區,0,1,0,8,1,5,40,4,1,1,5,4,5,7,1,1,10,5,5,2,13,8,2,9,1,4,C03,7,5,1,10,2,13,  ,8,8,1,22,8,C03,24.13321,120.652656,2
2018,9,27,14,40,臺中市,東區,0,0,0,8,1,5,50,14,9,1,5,4,5,7,4,4,5,5,5,2,14,12,3,10,1,1,B03,7,2,1,8,2,3,  ,12,12,1,5,8,B03,24.143394,120.71001,3
2018,9,27,14,40,臺中市,北屯區,0,0,0,8,1,5,50,13,22,1,5,4,5,7,4,4,10,5,5,2,29,23,3,10,1,1,A12,7,6,1,7,1,6,  ,23,23,1,21,8,A12,24.177205,120.715878,3
2018,9,27,14,41,臺中市,西屯區,0,0,,8,,,50,,,,,,,,,,,,,,,,,,,,B03,,,1,,2,,,23,,1,  ,,B03,24.155556,120.640975,3
2018,9,27,14,41,臺中市,潭子區,0,0,,8,,,50,,,,,,,,,,,,,,,,,,,,B03,,,1,,2,,,6,,1,22,,B03,24.202027,120.705855,3
2018,9,27,14,45,臺中市,清水區,0,0,,8,,,50,,,,,,,,,,,,,,,,,,,,B03,,,1,,2,,,42,,1,21,,B03,24.271053,120.576618,3
2018,9,27,14,50,臺中市,西屯區,0,2,0,8,1,5,40,4,1,1,5,4,5,7,1,1,10,5,5,2,16,42,2,9,1,1,C03,7,15,1,10,2,14,  ,42,42,1,22,9,C03,24.17406,120.647901,2
2018,9,27,14,51,臺中市,西屯區,0,0,,8,,,50,,,,,,,,,,,,,,,,,,,,B03,,,1,,2,,,6,,1,21,,B03,24.163865,120.650271,3
2018,9,27,14,58,臺中市,南屯區,0,0,0,8,,,50,,,,,,,,,,,,,,,,  ,  ,  ,  ,B03,  ,  ,1,  ,2,  ,  ,23,  ,  ,21,  ,B03,24.131661,120.610418,3
2018,9,27,15,3,臺中市,太平區,0,0,,8,,,50,,,,,,,,,,,,,,,,,,,,G03,,,1,,2,,,23,,1,  ,,G03,24.157222,120.713888,3
2018,9,27,15,5,臺中市,沙鹿區,0,0,,8,,,40,,,,,,,,,,,,,,,,,,,,B03,,,1,,2,,,12,,1,  ,,B03,24.237529,120.559784,3
2018,9,27,15,8,臺中市,南區,0,1,0,8,1,5,50,14,7,1,5,4,5,7,4,4,1,4,4,2,29,42,2,9,1,1,C03,7,9,1,10,2,14,  ,42,42,1,22,8,C03,24.116405,120.670125,2
2018,9,27,15,20,臺中市,神岡區,0,0,0,8,,,50,,,,,,,,,,,,,,,1,  ,  ,  ,  ,B03,  ,  ,1,  ,2,  ,  ,1,1,1,  ,  ,B03,24.23571,120.698701,3
2018,9,27,15,20,臺中市,大雅區,0,1,0,8,1,5,50,15,12,1,5,4,5,7,4,4,1,4,4,1,13,19,2,9,1,1,C03,7,1,1,10,2,13,  ,19,19,1,22,9,C03,24.222162,120.626767,2
2018,9,27,15,25,臺中市,東區,0,0,,8,,,50,,,,,,,,,,,,,,,,,,,,B03,,,1,,2,,,16,,1,22,,B03,24.142736,120.700443,3
2018,9,27,15,25,臺中市,梧棲區,0,0,,8,,,50,,,,,,,,,,,,,,,,,,,,B03,,,1,,2,,,12,,  ,  ,,B03,24.262299,120.537429,4
2018,9,27,15,26,臺中市,龍井區,0,1,0,8,1,5,40,5,1,1,5,4,5,7,4,4,10,5,5,2,15,6,3,10,1,1,B03,7,9,6,8,2,2,  ,6,6,1,12,8,B03,24.206625,120.508753,2
2018,9,27,15,34,臺中市,北屯區,0,1,0,8,1,5,40,14,9,1,5,4,5,7,4,4,5,5,5,2,17,42,2,9,1,1,C03,7,6,1,10,2,12,  ,42,42,1,9,8,C03,24.1803,120.719,2
2018,9,27,15,35,臺中市,西區,0,0,0,8,,,50,,,,,,,,,,,,,,,26,  ,  ,  ,  ,B03,  ,  ,1,  ,2,  ,  ,26,26,1,22,  ,B03,24.141117,120.666747,3
2018,9,27,15,45,臺中市,沙鹿區,0,1,0,8,1,5,50,4,1,1,5,4,5,7,4,4,10,5,5,2,15,6,3,10,1,1,B12,7,9,1,8,2,1,  ,6,6,1,21,8,B12,24.223153,120.56976,2
2018,9,27,15,48,臺中市,北屯區,0,1,0,8,1,5,25,4,1,1,5,4,5,7,4,4,5,5,5,2,15,6,3,10,1,1,C03,7,9,3,18,9,12,  ,6,6,1,22,8,C03,24.167546,120.701876,2
2018,9,27,15,49,臺中市,西屯區,0,1,0,8,1,5,50,5,1,1,5,4,5,7,1,1,10,5,5,2,16,43,3,10,1,1,B02,7,7,1,8,2,6,  ,43,43,1,4,8,B02,24.19096,120.594559,2
2018,9,27,15,52,臺中市,北屯區,0,0,,8,,,50,,,,,,,,,,,,,,,,,,,,B03,,,1,,2,,,19,,1,21,,B03,24.174633,120.694665,3
2018,9,27,15,54,臺中市,西屯區,0,1,0,8,1,5,50,3,2,1,5,4,5,7,4,4,10,5,5,2,16,6,3,10,3,4,B02,7,6,1,8,2,5,  ,6,6,1,22,8,B02,24.196996,120.648176,2
2018,9,27,15,59,臺中市,西區,0,0,,8,,,50,,,,,,,,,,,,,,,,,,,,C03,,,1,,2,,,23,,1,5,,C03,24.141349,120.666378,3
2018,9,27,16,0,臺中市,北屯區,0,1,0,8,1,5,50,4,1,1,5,4,5,7,4,4,5,5,4,2,16,6,3,10,1,1,C03,7,5,1,10,2,11,  ,6,6,1,21,8,C03,24.165076,120.69323,2
2018,9,27,16,4,臺中市,西屯區,0,1,0,8,1,5,50,5,1,1,5,4,5,7,2,1,10,5,5,2,12,7,2,8,1,1,C03,7,7,1,10,2,14,  ,7,7,1,4,9,C03,24.159239,120.639146,2
2018,9,27,16,10,臺中市,東區,0,0,0,8,1,5,50,14,9,1,5,4,5,7,4,4,5,5,5,2,17,42,3,10,1,1,B03,7,6,1,8,2,8,  ,42,42,1,5,8,B03,24.14102,120.702355,3
2018,9,27,16,10,臺中市,北屯區,0,1,0,8,1,5,40,14,8,1,5,4,5,7,4,4,5,5,4,2,17,42,3,10,1,1,C03,7,15,1,10,2,11,  ,42,42,1,21,8,C03,24.19327,120.680288,2
2018,9,27,16,12,臺中市,大雅區,0,0,,8,,,50,,,,,,,,,,,,,,,,,,,,B12,,,1,,2,,,23,,1,  ,,B12,24.226613,120.643762,3
2018,9,27,16,23,臺中市,南屯區,0,0,0,8,,,40,,,,,,,,,,,,,,,,  ,  ,  ,  ,B03,  ,  ,1,  ,2,  ,  ,23,  ,1,21,  ,B03,24.135464,120.606531,3
2018,9,27,16,24,臺中市,南屯區,0,0,,8,,,50,,,,,,,,,,,,,,,,,,,,B03,,,1,,2,,,16,,1,  ,,B03,24.154559,120.646844,3
2018,9,27,16,29,臺中市,北區,1,0,0,8,1,5,50,4,1,1,5,4,5,7,1,1,10,5,5,2,16,25,3,10,1,4,B03,7,6,1,8,2,6,  ,25,25,1,21,8,B03,24.1461,120.686,1
2018,9,27,16,32,臺中市,梧棲區,0,0,,8,,,50,,,,,,,,,,,,,,,,,,,,B12,,,1,,2,,,12,,  ,  ,,B12,24.234459,120.534552,4
2018,9,27,16,41,臺中市,南屯區,0,0,,8,,,40,,,,,,,,,,,,,,,,,,,,B03,,,1,,2,,,7,,1,22,,B03,24.140666,120.62227,3
2018,9,27,16,41,臺中市,西屯區,0,1,0,8,1,5,50,3,1,1,5,4,5,7,4,4,10,5,5,2,18,43,2,9,1,1,C03,7,9,1,10,2,12,  ,43,43,1,21,8,C03,24.180118,120.645026,2
2018,9,27,16,45,臺中市,西屯區,0,0,0,8,2,5,50,14,7,1,5,4,5,7,1,1,9,4,4,2,13,16,3,10,3,4,B03,7,9,1,8,2,1,  ,16,16,1,22,9,B03,24.196361,120.655997,3
2018,9,27,16,46,臺中市,北區,0,1,0,8,1,5,50,14,7,1,5,4,5,7,4,4,5,5,4,2,12,7,2,9,1,1,C03,7,7,1,10,2,15,  ,7,7,1,22,8,C03,24.149658,120.67788,2