年,月,日,時,分,縣市,區,死,受傷,2-30,天候,光線,道路類別,速限,道路型態,事故位置,路面鋪裝,路面狀態,路面缺陷,障礙物,視距,號誌種類,號誌動作,分向設施,快車道或一般車道間,快慢車道間,路面邊線,事故類型及型態,主要肇因,受傷程度,主要傷處,保護裝備,行動電話,當事者區分_類別,車輛用途,當事者行動狀態,駕駛資格情形,駕駛執照種類,飲酒情形,車輛撞擊部位最初,車輛撞擊部位其他,肇事因素個別,肇事因素主要,肇事逃逸,職業,旅次目的,車種,GPS座標_緯度,GPS座標_經度,事故類別
2018,9,27,16,46,臺中市,北屯區,0,1,0,8,1,5,40,14,8,1,5,4,5,7,4,4,1,4,4,2,18,23,2,9,1,1,C03,7,9,1,10,2,12,11,23,23,1,5,8,C03,24.186807,120.663321,2
2018,9,27,16,46,臺中市,西屯區,0,1,0,8,1,5,40,3,1,1,5,4,5,7,1,1,10,5,5,2,16,6,3,10,3,4,B03,7,6,1,8,2,2,  ,6,6,1,22,9,B03,24.182964,120.602748,2
2018,9,27,16,49,臺中市,西屯區,0,0,,8,,,40,,,,,,,,,,,,,,,,,,,,B03,,,1,,2,,,6,,1,4,,B03,24.20121,120.659633,3
2018,9,27,16,53,臺中市,沙鹿區,0,4,0,8,1,5,50,4,1,1,5,4,5,7,4,4,10,5,5,2,16,6,2,9,1,1,C03,7,9,1,10,2,14,  ,13,6,1,18,9,C03,24.23033,120.569522,2
2018,9,27,16,55,臺中市,西區,0,0,,8,,,40,,,,,,,,,,,,,,,,,,,,B03,,,1,,2,,,23,,1,22,,B03,24.155745,120.658834,3
2018,9,27,16,55,臺中市,潭子區,0,2,0,8,1,5,50,14,9,1,5,4,5,7,4,4,8,4,5,1,11,6,2,9,1,1,B12,7,5,1,7,2,8,  ,6,6,1,22,1,B12,24.223202,120.679412,2
2018,9,27,16,57,臺中市,南屯區,0,0,,8,,,50,,,,,,,,,,,,,,,,,,,,B03,,,1,,2,,,16,,1,4,,B03,24.140681,120.633554,4
2018,9,27,16,58,臺中市,中區,0,0,0,8,,,50,,,,,,,,,,,,,,,,3,  ,  ,  ,B03,  ,  ,1,  ,2,  ,  ,23,  ,  ,21,  ,B03,24.146795,120.67851,3
2018,9,27,17,5,臺中市,大雅區,0,0,,8,,,50,,,,,,,,,,,,,,,,,,,,C03,,,1,,11,,,23,,1,21,,C03,24.208078,120.644101,3
2018,9,27,17,9,臺中市,太平區,0,2,0,8,1,5,40,14,9,1,5,4,5,7,4,4,5,5,5,2,16,8,2,8,1,1,C03,7,5,1,10,2,14,  ,8,8,1,18,1,C03,24.142636,120.730745,2
2018,9,27,17,11,臺中市,西屯區,0,1,0,8,1,5,50,14,9,1,5,4,5,7,4,4,1,4,5,2,16,19,3,10,1,1,B03,7,1,1,8,2,8,  ,19,19,1,21,8,B03,24.200929,120.65682,2
2018,9,27,17,15,臺中市,西區,0,0,,8,,,50,,,,,,,,,,,,,,,,,,,,A05,,,1,,2,,,23,,1,10,,A05,24.151417,120.65303,4
2018,9,27,17,15,臺中市,清水區,0,2,0,8,1,5,50,14,9,1,5,4,5,7,4,4,5,5,5,1,12,19,3,10,1,1,B03,7,1,1,8,2,8,  ,19,19,1,21,8,B03,24.266458,120.573288,2
2018,9,27,17,16,臺中市,西屯區,0,1,0,8,1,5,40,13,9,1,5,4,5,7,4,4,10,5,5,2,16,6,3,10,1,1,C03,7,5,1,10,2,14,  ,6,6,1,18,8,C03,24.176585,120.648135,2
2018,9,27,17,17,臺中市,后里區,0,0,0,8,,,60,,,,,,,,,,,,,,,42,  ,  ,  ,  ,B03,  ,  ,1,  ,2,  ,  ,42,42,1,19,  ,B03,24.288883,120.722944,3
2018,9,27,17,20,臺中市,太平區,0,0,0,8,,,50,,,,,,,,,,,,,,,23,  ,  ,  ,  ,B03,  ,  ,1,  ,2,  ,  ,23,23,1,18,  ,B03,24.139239,120.731916,3
2018,9,27,17,20,臺中市,梧棲區,0,0,,8,,,50,,,,,,,,,,,,,,,,,,,,B12,,,1,,2,,,19,,1,3,,B12,24.254968,120.53372,3
2018,9,27,17,22,臺中市,南屯區,0,0,,8,,,50,,,,,,,,,,,,,,,,,,,,B02,,,1,,2,,,7,,1,21,,B02,24.148618,120.626075,3
2018,9,27,17,22,臺中市,西屯區,0,0,,8,,,50,,,,,,,,,,,,,,,,,,,,B03,,,1,,2,,,42,,1,22,,B03,24.20582,120.652277,3
2018,9,27,17,22,臺中市,潭子區,0,0,,8,,,80,,,,,,,,,,,,,,,,,,,,B03,,,1,,2,,,7,,1,22,,B03,24.200618,120.707583,3
2018,9,27,17,23,臺中市,大肚區,0,3,0,8,1,5,70,14,8,1,5,4,5,7,4,4,1,5,4,1,16,7,3,10,1,1,B12,7,8,1,8,2,5,  ,7,7,1,10,4,B12,24.117628,120.580157,2
2018,9,27,17,30,臺中市,南區,0,1,0,8,1,5,50,3,1,1,5,4,5,7,4,4,5,5,5,2,17,44,3,10,4,5,F01,7,5,8,20,2,16,  ,44,44,1,22,8,F01,24.114008,120.660586,2
2018,9,27,17,35,臺中市,西屯區,0,0,,8,,,60,,,,,,,,,,,,,,,,,,,,B03,,,1,,2,,,16,,1,21,,B03,24.208286,120.61865,3
2018,9,27,17,38,臺中市,大雅區,0,2,0,8,2,5,50,4,1,1,5,4,5,7,1,1,10,5,5,2,11,6,3,10,1,1,A12,7,5,1,7,2,5,  ,6,6,1,22,9,A12,24.224235,120.670099,2
2018,9,27,17,44,臺中市,西區,0,0,0,8,3,5,50,14,9,1,5,4,5,7,4,4,5,4,5,2,13,,3,  ,  ,  ,B03,  ,  ,1,  ,2,  ,  ,16,  ,1,21,  ,B03,24.151357,120.655129,3
2018,9,27,17,44,臺中市,西屯區,0,0,,8,,,60,,,,,,,,,,,,,,,,,,,,B03,,,1,,2,,,16,,1,4,,B03,24.179246,120.623194,3
2018,9,27,17,45,臺中市,大肚區,0,0,,8,,,50,,,,,,,,,,,,,,,,,,,,A41,,,1,,2,,,4,,1,9,,A41,24.159918,120.54361,3
2018,9,27,17,53,臺中市,北區,0,1,0,8,2,5,50,4,1,1,5,4,5,7,2,1,10,5,5,2,18,42,2,9,1,1,C03,7,9,1,10,2,12,  ,42,42,1,22,8,C03,24.15923,120.666291,2
2018,9,27,17,54,臺中市,西屯區,0,1,0,8,1,5,40,11,8,1,5,4,5,7,4,4,5,4,4,2,29,42,2,9,1,1,C03,7,7,1,10,2,12,  ,42,42,1,2,9,C03,24.200826,120.656858,2
2018,9,27,17,55,臺中市,西屯區,0,1,0,8,1,5,50,4,1,1,5,4,5,7,2,1,10,5,5,2,16,26,3,10,3,4,C03,7,5,1,10,2,13,14,26,26,1,22,8,C03,24.196025,120.654878,2
2018,9,27,17,58,臺中市,北屯區,0,1,0,8,3,5,50,14,7,1,5,4,5,7,4,4,3,4,4,2,13,23,2,9,1,1,C03,7,9,1,10,2,11,  ,23,23,1,21,8,C03,24.166686,120.69525,2
2018,9,27,18,10,臺中市,西區,0,1,0,8,3,5,40,3,1,1,5,4,5,7,1,1,10,5,5,2,18,23,2,9,1,1,C03,7,5,1,10,2,11,  ,23,23,1,5,5,C03,24.146735,120.667627,2
2018,9,27,18,10,臺中市,大甲區,0,1,0,8,3,5,50,14,9,1,5,4,5,7,4,4,5,5,5,1,29,23,2,9,1,1,C03,7,9,1,10,2,11,  ,23,23,1,22,1,C03,24.390825,120.633618,2
2018,9,27,18,12,臺中市,太平區,0,0,0,8,,,50,,,,,,,,,,,,,,,23,  ,  ,  ,  ,B03,  ,  ,1,  ,2,  ,  ,23,23,1,21,  ,B03,24.134908,120.709935,3
2018,9,27,18,18,臺中市,東區,0,1,0,8,3,5,50,4,1,1,5,4,5,7,1,1,10,5,5,2,16,8,3,10,1,1,C03,7,5,1,10,2,14,  ,8,8,1,5,8,C03,24.140132,120.685985,2
2018,9,27,18,22,臺中市,清水區,0,2,0,8,4,5,40,14,9,1,5,4,5,6,4,4,10,5,5,2,11,23,2,9,4,1,F01,7,9,8,20,2,16,  ,23,23,1,21,8,F01,24.280775,120.558984,2
2018,9,27,18,27,臺中市,西屯區,0,1,0,8,1,5,50,14,7,1,5,4,5,7,4,4,1,4,4,2,13,42,3,10,1,1,B03,7,15,1,8,2,1,  ,42,42,1,21,8,B03,24.193913,120.659062,2
2018,9,27,18,31,臺中市,西區,0,0,0,8,,,50,,,,,,,,,,,,,,,,3,  ,  ,  ,B03,  ,  ,1,  ,2,  ,  ,19,  ,  ,21,  ,B03,24.138331,120.657227,3
2018,9,27,18,35,臺中市,西區,0,1,0,8,3,5,50,4,1,1,5,4,5,7,1,1,10,5,5,2,17,6,3,10,1,1,B03,7,6,1,8,2,2,  ,6,6,1,22,9,B03,24.138777,120.675707,2
2018,9,27,18,35,臺中市,北屯區,0,1,0,8,3,5,50,4,1,1,5,4,5,7,1,1,10,5,5,2,16,25,3,10,1,1,B03,7,5,1,8,2,5,  ,25,25,1,19,5,B03,24.181906,120.688255,2
2018,9,27,18,37,臺中市,南屯區,0,0,,8,,,50,,,,,,,,,,,,,,,,,,,,B03,,,1,,2,,,7,,1,  ,,B03,24.145532,120.632532,3
2018,9,27,18,39,臺中市,大肚區,0,1,0,8,3,5,30,14,9,1,5,4,4,7,4,4,5,5,5,1,27,23,2,9,1,1,C03,7,9,1,10,2,11,  ,23,23,1,22,1,C03,24.158109,120.560198,2
2018,9,27,18,43,臺中市,北屯區,0,0,,8,,,50,,,,,,,,,,,,,,,,,,,,B12,,,1,,2,,,6,,1,5,,B12,24.181338,120.689286,3
2018,9,27,18,47,臺中市,東區,0,1,0,8,3,5,50,4,1,1,5,4,5,7,4,4,10,5,5,2,16,6,2,8,1,1,C03,7,5,4,8,2,12,  ,6,6,1,5,8,C03,24.147877,120.693607,2
2018,9,27,18,52,臺中市,東區,0,0,,8,,,40,,,,,,,,,,,,,,,,,,,,B03,,,1,,2,,,23,,1,  ,,B03,24.138685,120.691716,3
2018,9,27,18,54,臺中市,西區,0,0,0,8,3,5,50,14,7,1,5,4,5,7,4,4,5,4,4,2,12,,3,  ,  ,  ,B03,  ,  ,1,  ,2,  ,  ,7,  ,1,21,  ,B03,24.146703,120.661247,3
2018,9,27,18,54,臺中市,梧棲區,0,0,,8,,,50,,,,,,,,,,,,,,,,,,,,B03,,,1,,2,,,23,,1,5,,B03,24.245685,120.546633,4
2018,9,27,18,59,臺中市,太平區,0,1,0,8,3,5,40,3,1,1,5,4,5,7,2,1,10,5,5,2,16,6,2,8,3,4,C03,7,5,1,10,2,11,  ,6,6,1,3,8,C03,24.148301,120.734247,2
2018,9,27,19,5,臺中市,北屯區,0,0,,8,,,50,,,,,,,,,,,,,,,,,,,,B03,,,1,,2,,,23,,1,4,,B03,24.1814,120.6889,3
2018,9,27,19,5,臺中市,神岡區,0,0,,8,,,50,,,,,,,,,,,,,,,,,,,,B03,,,1,,2,,,12,,1,9,,B03,24.245433,120.682025,3
2018,9,27,19,8,臺中市,西區,0,0,0,8,,,50,,,,,,,,,,,,,,,,3,  ,  ,  ,B03,  ,  ,1,  ,2,  ,  ,23,  ,1,21,  ,B03,24.146161,120.640452,3
2018,9,27,19,11,臺中市,潭子區,0,0,,8,1,2,50,14,9,1,5,4,5,7,3,1,6,5,5,2,14,,,,,,B03,,,1,,2,,,18,,  ,20,,B03,24.193318,120.701266,3
2018,9,27,19,17,臺中市,梧棲區,0,1,0,8,3,5,40,3,1,1,5,4,5,7,1,1,10,5,5,2,16,23,2,8,1,1,C03,7,9,1,10,2,11,  ,23,23,1,18,8,C03,24.245805,120.546703,2
2018,9,27,19,25,臺中市,南區,0,1,0,8,3,5,50,4,1,1,5,4,5,7,1,1,10,5,5,2,16,23,3,10,1,1,B11,7,5,1,8,2,2,6,6,23,1,21,8,B11,24.118578,120.667013,2
2018,9,27,19,27,臺中市,大雅區,0,1,0,8,3,5,50,15,9,1,5,4,5,6,4,4,10,5,5,2,16,6,3,10,1,1,B03,7,5,1,8,2,8,  ,6,6,1,21,8,B03,24.226047,120.65655,2
2018,9,27,19,33,臺中市,西屯區,0,1,0,8,2,5,50,3,1,1,5,4,5,7,1,1,10,5,5,2,16,8,2,9,4,5,F02,7,5,8,20,2,16,  ,8,8,1,21,8,F02,24.173284,120.589764,2
2018,9,27,19,38,臺中市,北區,0,1,0,7,3,5,50,4,1,1,5,4,5,7,4,4,10,5,5,2,15,6,2,9,1,1,C03,7,9,1,10,2,12,  ,6,6,1,5,8,C03,24.161553,120.683629,2
2018,9,27,19,40,臺中市,大里區,0,5,0,8,3,5,50,14,11,1,5,4,5,7,4,4,1,2,1,1,13,16,2,9,1,1,C03,7,9,2,18,2,11,13,16,16,1,16,8,C03,24.093709,120.688998,2
2018,9,27,19,45,臺中市,沙鹿區,0,0,0,8,,,50,,,,,,,,,,,,,,,23,  ,  ,  ,  ,B03,  ,  ,1,  ,11,  ,  ,23,23,2,  ,  ,B03,24.243829,120.570375,3
2018,9,27,19,47,臺中市,西屯區,0,3,0,8,3,5,40,14,8,1,5,4,5,7,4,4,3,5,3,2,16,23,2,9,1,1,C03,7,9,1,10,2,12,  ,23,23,1,4,8,C03,24.183892,120.608169,2
2018,9,27,19,50,臺中市,西屯區,0,1,0,8,3,5,40,3,1,1,5,4,5,7,1,1,9,4,4,2,14,12,3,10,1,1,B03,7,2,1,8,2,3,  ,12,12,1,21,8,B03,24.166294,120.663986,2
2018,9,27,20,6,臺中市,烏日區,0,1,0,8,3,5,60,14,9,1,5,4,5,7,4,4,1,3,5,1,12,43,3,10,1,1,A41,7,9,1,1,2,5,  ,43,43,1,10,9,A41,24.104023,120.627103,2
2018,9,27,20,7,臺中市,東區,0,0,0,8,1,5,50,14,8,1,5,4,5,7,4,4,1,2,4,2,17,43,  ,  ,  ,  ,   ,  ,  ,  ,  ,  ,15,  ,43,43,1,  ,  ,   ,24.146706,120.694321,3
2018,9,27,20,45,臺中市,西區,0,1,0,8,3,5,50,4,2,1,5,4,5,7,1,1,5,4,5,2,17,16,2,9,1,1,C03,7,9,1,10,2,11,  ,16,16,1,22,9,C03,24.132146,120.661703,2
2018,9,27,20,53,臺中市,南屯區,0,1,0,8,3,5,50,14,9,1,5,4,5,7,4,4,1,4,5,2,13,23,3,10,1,1,B03,7,9,1,8,2,1,  ,23,23,1,21,8,B03,24.149528,120.608468,2
2018,9,27,21,2,臺中市,西屯區,0,1,0,8,3,5,50,15,9,1,5,4,5,7,4,4,5,4,5,2,13,19,3,10,1,1,B12,7,1,1,8,2,8,  ,19,19,1,5,8,B12,24.164548,120.642788,2
2018,9,27,21,18,臺中市,北屯區,0,0,0,8,3,5,50,14,7,1,5,4,5,7,4,4,1,4,5,2,13,23,3,10,1,1,B02,7,9,1,  ,4,1,  ,21,23,1,21,5,B02,24.17362,120.669665,3
2018,9,27,21,21,臺中市,西屯區,0,2,0,8,3,5,50,14,9,1,5,4,5,7,4,4,5,4,5,2,16,7,2,9,3,4,C03,7,7,1,10,2,14,  ,7,7,1,22,9,C03,24.189446,120.641376,2
2018,9,27,21,44,臺中市,潭子區,0,1,0,8,3,5,60,3,1,1,5,4,5,7,4,4,1,3,4,1,12,23,2,9,1,1,C03,7,9,1,10,2,11,  ,23,23,1,22,8,C03,24.211293,120.686941,2
2018,9,27,21,50,臺中市,北區,0,1,0,8,3,5,40,14,8,1,5,4,5,7,4,4,1,4,4,2,17,23,2,9,1,4,C03,7,10,1,10,2,12,  ,23,23,1,18,8,C03,24.169543,120.672227,2
2018,9,27,22,20,臺中市,沙鹿區,0,1,0,8,3,5,40,5,1,1,5,4,5,7,4,4,5,5,5,2,11,23,2,9,1,1,C03,7,9,3,18,2,11,  ,23,23,1,9,5,C03,24.258841,120.574117,2
2018,9,27,22,22,臺中市,北區,0,2,0,8,3,5,50,14,9,1,5,4,5,7,4,4,2,5,5,2,8,23,2,9,1,1,C03,7,9,1,10,2,12,  ,23,23,1,21,8,C03,24.149893,120.684237,2
2018,9,27,22,27,臺中市,北屯區,0,0,,8,,,50,,,,,,,,,,,,,,,,,,,,B03,,,1,,2,,,3,,2,21,,B03,24.17052,120.698876,3
2018,9,27,22,31,臺中市,梧棲區,0,0,,8,,,50,,,,,,,,,,,,,,,,,,,,B03,,,1,,2,,,25,,1,9,,B03,24.246143,120.54185,3
2018,9,27,22,50,臺中市,東區,0,0,0,8,,,50,,,,,,,,,,,,,,,23,  ,  ,  ,  ,B12,  ,  ,1,  ,2,  ,  ,23,23,1,5,  ,B12,24.129979,120.705286,4
2018,9,27,23,0,臺中市,北屯區,0,0,,8,,,50,,,,,,,,,,,,,,,,,,,,B03,,,7,,11,,,43,,1,21,,B03,24.175966,120.688835,3
2018,9,27,23,2,臺中市,太平區,0,0,,8,,,50,,,,,,,,,,,,,,,,,,,,B03,,,1,,2,,,23,,1,  ,,B03,24.111314,120.724581,3
2018,9,27,23,6,臺中市,大雅區,0,2,0,8,3,5,50,14,8,1,5,4,5,7,4,4,3,4,4,2,13,23,2,9,1,1,C03,7,9,1,10,2,11,  ,23,23,1,21,8,C03,24.211602,120.65006,2
2018,9,27,23,10,臺中市,太平區,0,1,0,8,3,5,50,3,1,1,5,4,3,5,4,4,10,5,5,2,16,6,3,10,1,1,B03,7,5,1,8,2,8,  ,6,6,1,21,8,B03,24.128119,120.731487,2
2018,9,27,23,13,臺中市,潭子區,0,2,0,8,3,5,50,14,8,1,5,4,5,7,4,4,5,4,4,2,2,23,2,9,1,1,C03,7,9,1,10,2,11,  ,23,23,1,22,8,C03,24.211509,120.702229,2
2018,9,27,23,32,臺中市,烏日區,0,0,,8,,,50,,,,,,,,,,,,,,,,,,,,B03,,,1,,2,,,23,,1,21,,B03,24.108918,120.594711,3
2018,9,28,0,16,臺中市,西屯區,0,0,,8,,,50,,,,,,,,,,,,,,,,,,,,B03,,,1,,2,,,42,,1,2,,B03,24.189158,120.614943,3
2018,9,28,0,22,臺中市,南屯區,0,1,0,8,3,5,50,3,1,1,5,4,5,7,2,1,10,5,5,2,16,10,3,10,1,1,B03,7,11,1,8,2,4,  ,10,10,1,21,8,B03,24.114468,120.626341,2
2018,9,28,0,43,臺中市,南屯區,0,0,,8,,,40,,,,,,,,,,,,,,,,,,,,B03,,,1,,2,,,12,,1,5,,B03,24.132851,120.655136,3
2018,9,28,1,24,臺中市,西屯區,0,1,0,8,3,5,50,14,9,1,5,4,5,7,4,4,9,4,5,2,16,10,3,10,1,1,B03,7,11,1,8,2,4,  ,10,10,1,21,8,B03,24.180583,120.645,2
2018,9,28,1,56,臺中市,大里區,0,0,,,,,,,,,,,,,,,,,,,,,,,,,,,,,,,,,,,,,,,,,3
2018,9,28,3,58,臺中市,北屯區,0,1,0,8,3,5,50,4,1,1,5,4,5,7,4,4,10,5,5,2,16,19,2,9,1,1,C03,7,1,1,10,2,14,  ,19,19,1,21,8,C03,24.179145,120.686126,2
2018,9,28,4,33,臺中市,北屯區,0,1,0,8,2,5,50,4,2,1,5,4,5,7,1,1,10,5,5,2,13,23,2,1,1,1,B12,7,9,1,8,2,8,  ,23,23,1,5,8,B12,24.176474,120.669968,2
2018,9,28,5,57,臺中市,沙鹿區,0,0,,8,,,60,,,,,,,,,,,,,,,,,,,,A05,,,1,,2,,,23,,1,10,,A05,24.236875,120.569627,3
2018,9,28,6,0,臺中市,北區,0,0,0,8,,,40,,,,,,,,,,,,,,,,,,,,B03,,,1,,2,,,23,  ,1,5,,B03,24.149154,120.676348,3
2018,9,28,6,0,臺中市,東區,0,0,,8,,,0,,,,,,,,,,,,,,,,,,,,C03,,,1,,2,,,26,,1,22,,C03,24.149906,120.694554,3
2018,9,28,6,32,臺中市,太平區,0,1,0,8,3,5,50,3,1,1,5,4,5,7,2,1,10,5,5,2,17,42,2,7,1,1,C03,7,5,1,10,2,11,  ,42,42,1,21,8,C03,24.134655,120.732612,2
2018,9,28,6,58,臺中市,西屯區,0,1,0,8,1,5,50,14,7,1,5,4,5,7,4,4,9,4,4,2,16,8,3,10,1,1,B03,7,5,1,8,2,5,  ,8,8,1,21,8,B03,24.166216,120.618834,2
2018,9,28,7,0,臺中市,東勢區,0,1,0,8,1,5,50,4,2,1,5,4,5,7,1,1,10,5,5,2,13,23,2,9,1,1,C03,7,9,1,10,2,11,  ,23,23,1,21,8,C03,24.25767,120.82969,2
2018,9,28,7,0,臺中市,豐原區,0,1,0,8,1,5,50,14,9,1,5,4,5,7,4,4,5,5,5,1,2,23,3,10,1,1,B03,7,9,1,8,2,5,  ,23,23,1,12,8,B03,24.254935,120.744966,2
2018,9,28,7,5,臺中市,太平區,0,0,,8,,,40,,,,,,,,,,,,,,,,,,,,B03,,,1,,2,,,16,,1,21,,B03,24.144902,120.712433,3
2018,9,28,7,8,臺中市,西屯區,0,1,0,8,1,5,50,14,9,1,5,4,5,7,4,4,1,4,4,2,17,23,2,9,1,1,C03,7,9,1,10,3,11,  ,23,23,1,22,8,C03,24.158204,120.646732,2
2018,9,28,7,12,臺中市,沙鹿區,0,2,0,8,1,5,40,3,1,1,5,4,5,7,1,1,10,5,5,2,16,25,2,9,1,1,C03,7,5,1,10,2,13,  ,25,25,1,18,9,C03,24.249459,120.601559,2
2018,9,28,7,14,臺中市,清水區,0,1,0,7,1,5,40,3,1,1,5,4,5,7,1,1,10,5,5,2,13,16,2,3,1,1,C03,7,9,1,10,2,11,  ,16,16,1,18,8,C03,24.265264,120.574092,2
2018,9,28,7,15,臺中市,大雅區,0,2,0,8,1,5,40,3,1,1,5,4,5,7,4,4,10,5,5,2,14,12,2,8,1,1,C03,7,2,1,10,2,13,  ,12,12,1,22,9,C03,24.227234,120.653101,2
2018,9,28,7,16,臺中市,西屯區,0,1,0,8,1,5,40,4,2,1,5,4,5,7,4,4,1,4,4,2,17,43,3,10,1,1,C03,7,9,1,10,2,13,  ,43,43,1,22,8,C03,24.162922,120.649548,2
2018,9,28,7,16,臺中市,龍井區,0,2,0,8,1,5,50,3,1,1,5,4,5,7,4,4,10,5,5,2,16,6,2,9,4,1,F02,7,5,8,20,2,16,  ,6,6,1,20,8,F02,24.187585,120.527823,2
2018,9,28,7,16,臺中市,大甲區,0,2,0,8,1,5,50,14,9,1,5,4,3,5,4,4,10,5,5,1,16,6,2,9,1,1,C04,7,5,1,11,2,11,  ,6,6,1,2,8,C04,24.350604,120.627501,2
2018,9,28,7,18,臺中市,大雅區,0,0,,8,,,50,,,,,,,,,,,,,,,,,,,,C03,,,1,,2,,,7,,1,22,,C03,24.233902,120.637738,3
2018,9,28,7,20,臺中市,龍井區,0,1,0,8,1,5,50,3,1,1,5,4,5,7,4,4,10,5,5,2,16,6,3,10,1,1,C03,7,5,3,18,2,14,  ,6,6,1,21,8,C03,24.177727,120.571311,2
2018,9,28,7,29,臺中市,西屯區,0,0,,8,,,50,,,,,,,,,,,,,,,,,,,,B03,,,1,,2,,,23,,1,21,,B03,24.178778,120.625053,3
2018,9,28,7,30,臺中市,沙鹿區,0,2,0,8,1,5,40,4,1,1,5,4,5,7,4,4,10,5,5,2,15,6,2,9,1,1,C03,7,9,1,10,2,12,  ,6,6,1,21,8,C03,24.21478,120.579992,2
2018,9,28,7,30,臺中市,潭子區,0,2,0,8,1,5,40,14,9,1,5,4,5,7,1,1,8,4,5,1,12,43,2,9,1,1,C03,7,9,1,10,2,14,  ,17,43,1,22,1,C03,24.197666,120.718129,2
2018,9,28,7,31,臺中市,西區,0,1,0,8,1,5,50,4,1,1,5,4,5,7,2,1,10,5,5,2,16,10,3,10,1,1,B03,7,11,1,8,2,5,  ,10,10,1,5,5,B03,24.144327,120.661688,2
2018,9,28,7,31,臺中市,北屯區,0,1,0,8,1,5,50,3,1,1,5,4,5,7,4,4,10,5,5,2,16,6,2,9,1,1,C03,7,5,1,10,2,11,  ,6,6,1,22,8,C03,24.194891,120.682756,2
2018,9,28,7,32,臺中市,北區,0,1,0,8,1,5,50,4,2,1,5,4,5,7,2,1,5,4,5,2,16,7,2,9,1,1,C03,7,10,4,10,2,14,  ,7,7,1,5,8,C03,24.155405,120.698315,2
2018,9,28,7,36,臺中市,北屯區,0,0,0,8,,,50,,,,,,,,,,,,,,,1,3,  ,  ,  ,B03,  ,  ,1,  ,2,  ,  ,1,1,  ,21,  ,B03,24.190216,120.683059,3
2018,9,28,7,40,臺中市,西屯區,0,3,0,8,1,5,40,14,8,1,5,4,5,7,4,4,10,5,5,2,13,44,2,9,1,1,C03,7,9,1,10,2,13,  ,44,44,1,21,8,C03,24.17623,120.63472,2
2018,9,28,7,40,臺中市,烏日區,0,2,0,8,1,5,40,4,1,1,5,4,5,7,1,1,10,5,5,2,16,25,2,9,1,1,C03,7,1,1,10,2,14,  ,25,25,1,21,8,C03,24.092478,120.64626,2
2018,9,28,7,43,臺中市,大雅區,0,1,0,8,1,5,40,4,1,1,5,4,5,7,4,4,10,4,5,2,15,23,3,10,1,1,B03,7,9,1,8,2,1,  ,6,23,1,22,9,B03,24.24384,120.670388,2
2018,9,28,7,44,臺中市,西屯區,0,0,,8,,,50,,,,,,,,,,,,,,,,,,,,B03,,,1,,2,,,16,,1,22,,B03,24.178977,120.618823,3
2018,9,28,7,45,臺中市,西屯區,0,2,0,8,1,5,40,14,8,1,5,4,5,7,4,4,1,4,1,2,13,16,2,9,3,4,C03,7,9,1,10,2,11,  ,16,16,1,21,8,C03,24.166275,120.643376,2
2018,9,28,7,48,臺中市,南屯區,0,1,0,8,1,5,40,4,1,1,5,4,5,7,4,4,10,5,5,2,15,6,3,10,1,1,B11,7,9,1,8,2,1,  ,6,6,1,5,8,B11,24.159849,120.612436,2
2018,9,28,7,48,臺中市,西屯區,0,1,0,8,1,5,50,14,9,1,5,4,5,7,1,1,9,4,5,2,12,17,3,10,1,1,C03,7,9,1,10,2,15,  ,17,17,1,21,8,C03,24.17822,120.624043,2
2018,9,28,7,50,臺中市,龍井區,0,2,0,8,1,5,50,4,1,1,5,4,5,7,2,1,10,5,5,2,12,23,2,9,1,1,C03,7,9,1,10,2,14,  ,23,23,1,21,8,C03,24.186971,120.583315,2
2018,9,28,7,51,臺中市,北屯區,0,1,0,8,1,8,40,14,9,1,5,4,1,7,4,4,10,5,5,2,12,43,2,9,1,1,C03,7,9,1,10,2,14,  ,43,43,1,22,8,C03,24.184702,120.711094,2
2018,9,28,7,52,臺中市,后里區,0,1,0,8,1,5,50,4,1,1,5,4,5,7,3,1,5,5,5,2,15,6,3,10,1,1,B03,7,9,1,8,2,8,  ,6,6,1,5,1,B03,24.316591,120.707826,2
2018,9,28,7,53,臺中市,北屯區,0,1,0,8,1,5,50,3,1,1,5,4,5,7,4,4,4,3,5,2,16,6,3,10,1,1,B03,7,5,1,8,2,1,  ,6,6,1,21,8,B03,24.166603,120.694216,2
2018,9,28,7,55,臺中市,大雅區,0,0,,8,1,5,50,4,1,1,5,4,5,7,4,4,10,4,5,1,15,23,,,,,C02,,,1,,2,,,6,23,1,22,,C02,24.22628,120.662606,3
2018,9,28,7,57,臺中市,大雅區,0,1,0,8,1,5,50,14,8,1,5,4,5,7,4,4,1,5,5,2,16,7,3,10,1,1,B12,7,8,1,8,2,2,  ,7,7,1,22,9,B12,24.234742,120.665583,2
2018,9,28,7,59,臺中市,潭子區,0,0,,8,,,60,,,,,,,,,,,,,,,,,,,,B12,,,1,,2,,,23,,1,22,,B12,24.211266,120.686873,3
2018,9,28,8,0,臺中市,西區,0,1,0,8,1,5,50,4,2,1,5,4,5,7,1,1,10,5,5,2,13,16,3,10,1,1,C03,7,9,1,10,2,12,  ,16,16,1,21,8,C03,24.137214,120.665806,2
2018,9,28,8,0,臺中市,北屯區,0,0,0,8,,,50,,,,,,,,,,,,,,,43,  ,  ,  ,  ,G06,  ,  ,7,  ,11,  ,  ,43,43,  ,  ,  ,G06,24.17263,120.681016,3