年,月,日,時,分,縣市,區,死,受傷,2-30,天候,光線,道路類別,速限,道路型態,事故位置,路面鋪裝,路面狀態,路面缺陷,障礙物,視距,號誌種類,號誌動作,分向設施,快車道或一般車道間,快慢車道間,路面邊線,事故類型及型態,主要肇因,受傷程度,主要傷處,保護裝備,行動電話,當事者區分_類別,車輛用途,當事者行動狀態,駕駛資格情形,駕駛執照種類,飲酒情形,車輛撞擊部位最初,車輛撞擊部位其他,肇事因素個別,肇事因素主要,肇事逃逸,職業,旅次目的,車種,GPS座標_緯度,GPS座標_經度,事故類別
2018,9,28,8,2,臺中市,南區,0,0,,8,,,50,,,,,,,,,,,,,,,,,,,,B03,,,1,,2,,,23,,1,5,,B03,24.114666,120.6557,3
2018,9,28,8,5,臺中市,和平區,0,0,0,8,1,3,30,11,9,1,5,4,5,1,4,4,4,1,5,1,11,26,3,10,1,1,A02,7,9,1,1,2,4,7,26,26,1,10,1,A02,24.302133,120.920844,3
2018,9,28,8,6,臺中市,西區,0,2,0,8,1,5,50,3,1,1,5,4,5,7,4,4,10,5,5,2,16,1,2,9,1,1,C03,7,4,1,10,2,11,  ,1,1,1,5,1,C03,24.134213,120.673068,2
2018,9,28,8,6,臺中市,西屯區,0,1,0,8,1,5,50,14,8,1,5,4,5,7,4,4,9,4,4,2,16,8,3,10,1,1,B03,7,5,1,8,2,2,  ,8,8,1,22,8,B03,24.174537,120.590267,2
2018,9,28,8,10,臺中市,西區,0,0,0,8,,,50,,,,,,,,,,,,,,,,3,  ,  ,  ,B03,  ,  ,1,  ,2,  ,  ,23,  ,  ,21,  ,B03,24.154241,120.657737,4
2018,9,28,8,13,臺中市,北屯區,0,1,0,8,1,5,50,4,1,1,5,4,5,7,1,1,10,5,5,2,16,6,3,10,1,1,B12,7,6,1,7,2,2,  ,6,6,1,9,8,B12,24.1699,120.7211,2
2018,9,28,8,13,臺中市,西屯區,0,3,0,8,1,5,50,4,1,1,5,4,5,7,4,4,5,5,5,2,17,6,2,9,1,1,C03,7,9,1,10,2,12,  ,6,6,1,22,8,C03,24.179848,120.637578,2
2018,9,28,8,18,臺中市,西屯區,0,1,0,8,1,5,50,3,2,1,5,4,5,7,4,4,10,4,5,2,16,6,3,10,1,1,B03,7,6,1,8,2,6,  ,6,6,1,21,8,B03,24.195988,120.646328,2
2018,9,28,8,24,臺中市,西屯區,0,1,0,8,1,5,50,14,9,1,5,4,5,7,4,4,1,4,5,2,13,16,2,9,1,1,C03,7,9,1,10,2,11,  ,16,16,1,22,9,C03,24.162234,120.649175,2
2018,9,28,8,25,臺中市,北區,0,1,0,8,1,5,50,14,7,1,5,4,5,7,4,4,1,4,5,2,17,42,3,10,1,1,C03,7,9,1,10,2,15,  ,42,42,1,22,8,C03,24.1523,120.685,2
2018,9,28,8,30,臺中市,太平區,0,0,,8,,,50,,,,,,,,,,,,,,,,,,,,B03,,,1,,2,,,16,,1,  ,,B03,24.148055,120.704444,3
2018,9,28,8,34,臺中市,西屯區,0,2,0,8,1,5,40,14,12,1,5,4,5,7,4,4,5,4,4,2,16,19,2,9,3,4,C03,7,1,1,10,2,13,  ,19,19,1,21,8,C03,24.182584,120.633515,2
2018,9,28,8,35,臺中市,大肚區,0,1,0,8,1,5,50,14,13,1,5,4,5,7,4,4,1,3,5,1,17,40,3,10,1,1,B12,7,14,1,8,2,2,  ,40,40,1,10,8,B12,24.118938,120.575898,2
2018,9,28,8,37,臺中市,北區,0,1,0,8,1,5,50,4,1,1,5,4,5,7,4,4,10,5,5,2,16,9,3,10,1,1,B03,7,6,1,8,2,5,  ,9,9,1,5,8,B03,24.152888,120.69709,2
2018,9,28,8,39,臺中市,北屯區,0,1,0,8,1,5,50,4,1,1,5,4,5,7,1,1,1,2,5,2,16,8,2,9,1,1,C03,7,5,1,10,2,11,  ,8,8,1,22,8,C03,24.173878,120.730293,2
2018,9,28,8,40,臺中市,北屯區,0,1,0,8,1,5,50,14,7,1,5,4,5,7,4,4,5,5,4,2,12,17,2,9,1,1,C03,7,9,1,10,2,14,12,17,17,1,21,8,C03,24.164961,120.690355,2
2018,9,28,8,40,臺中市,西屯區,0,4,0,8,1,5,40,3,2,1,5,4,5,7,4,4,1,4,4,2,13,16,2,9,1,1,C03,7,9,1,10,2,11,  ,16,16,1,22,8,C03,24.195871,120.646042,2
2018,9,28,8,46,臺中市,西區,0,1,0,8,1,5,50,3,1,1,5,4,5,7,4,4,10,5,5,2,16,6,3,10,1,1,C03,7,5,1,10,2,12,  ,6,6,1,4,5,C03,24.136549,120.656743,2
2018,9,28,8,48,臺中市,北屯區,0,2,0,8,1,5,50,14,9,1,5,4,5,7,1,1,4,3,5,2,13,23,2,8,1,1,C03,7,9,1,10,2,11,  ,23,23,1,21,8,C03,24.166448,120.693864,2
2018,9,28,8,50,臺中市,西屯區,0,0,,8,,,50,,,,,,,,,,,,,,,,,,,,B02,,,1,,2,,,42,,1,  ,,B02,24.160537,120.653006,3
2018,9,28,8,50,臺中市,西屯區,0,0,,8,,,50,,,,,,,,,,,,,,,,,,,,B03,,,1,,2,,,16,,1,21,,B03,24.16802,120.641061,3
2018,9,28,8,56,臺中市,西屯區,0,1,0,8,1,5,50,14,7,1,5,4,5,7,4,4,5,2,4,2,13,23,2,9,1,1,C03,7,9,6,10,2,11,  ,23,23,1,22,9,C03,24.174228,120.65553,2
2018,9,28,9,0,臺中市,西區,0,0,,8,,,40,,,,,,,,,,,,,,,,,,,,C03,,,1,,2,,,16,,1,5,,C03,24.158279,120.657939,4
2018,9,28,9,0,臺中市,西區,0,0,0,8,,,50,,,,,,,,,,,,,,,6,3,  ,  ,  ,B03,  ,  ,1,8,2,1,  ,6,6,1,21,8,B03,24.141445,120.671068,3
2018,9,28,9,0,臺中市,西屯區,0,3,0,8,1,5,50,3,1,1,5,4,5,7,1,1,4,4,4,2,16,8,2,9,3,4,C04,7,5,1,10,3,14,  ,8,8,1,21,8,C04,24.19148,120.622121,2
2018,9,28,9,2,臺中市,北屯區,0,0,,8,,,50,,,,,,,,,,,,,,,,,,,,B12,,,1,,2,,,16,,1,2,,B12,24.1844,120.6648,3
2018,9,28,9,6,臺中市,西屯區,0,1,0,8,1,5,50,4,2,1,5,4,5,7,4,4,5,4,4,2,12,1,3,10,1,1,A04,7,4,1,1,2,2,  ,1,1,1,22,8,A04,24.168559,120.65692,2
2018,9,28,9,10,臺中市,北區,0,0,0,8,,,40,,,,,,,,,,,,,,,42,3,  ,  ,  ,B03,  ,  ,1,  ,2,  ,  ,42,42,  ,5,  ,B03,24.680981,120.168245,3
2018,9,28,9,10,臺中市,北屯區,0,0,,8,,,40,,,,,,,,,,,,,,,,,,,,C03,,,1,,2,,,16,,1,22,,C03,24.183833,120.664748,3
2018,9,28,9,14,臺中市,西屯區,0,1,0,8,1,5,40,3,1,1,5,4,5,7,2,1,1,5,5,2,16,6,3,10,1,1,B03,7,6,1,8,2,2,5,6,6,1,22,8,B03,24.181375,120.619161,2
2018,9,28,9,15,臺中市,神岡區,0,1,0,8,1,5,50,3,1,1,5,4,5,7,4,4,10,5,5,2,16,17,3,10,1,1,B12,7,4,1,8,2,2,  ,17,17,1,22,9,B12,24.237958,120.692975,2
2018,9,28,9,19,臺中市,沙鹿區,0,0,,8,,,40,,,,,,,,,,,,,,,,,,,,B12,,,1,,2,,,23,,1,21,,B12,24.23667,120.570042,3
2018,9,28,9,20,臺中市,大里區,0,1,0,8,1,5,40,3,1,1,5,4,5,7,4,4,10,5,5,2,16,5,3,10,1,1,B03,7,9,1,8,2,8,  ,5,5,1,5,8,B03,24.090836,120.667343,2
2018,9,28,9,20,臺中市,大雅區,0,0,,8,,,50,,,,,,,,,,,,,,,,,,,,B03,,,1,,2,,,16,,1,22,,B03,24.215898,120.667755,3
2018,9,28,9,21,臺中市,北屯區,0,1,0,8,1,5,50,3,2,1,5,4,5,7,1,1,10,5,5,2,16,43,2,9,1,1,C04,7,9,1,10,2,14,  ,43,43,1,22,8,C04,24.161952,120.699202,2
2018,9,28,9,22,臺中市,西屯區,0,1,0,8,1,5,50,4,1,1,5,4,5,7,4,4,10,5,5,2,17,43,2,9,1,1,C03,7,9,1,10,2,12,  ,43,43,1,21,8,C03,24.183755,120.640383,2
2018,9,28,9,25,臺中市,太平區,0,1,0,8,1,5,40,4,1,1,5,4,5,7,1,1,10,5,5,2,17,19,3,10,3,4,B03,7,1,1,8,2,1,  ,19,19,1,9,8,B03,24.117119,120.706056,2
2018,9,28,9,37,臺中市,太平區,0,1,0,8,1,5,50,4,1,1,5,4,5,7,1,1,4,5,5,2,13,23,3,10,1,1,B03,7,9,1,8,2,1,  ,23,23,1,21,1,B03,24.124599,120.713191,2
2018,9,28,9,39,臺中市,西屯區,0,0,0,8,,,40,,,,,,,,,,,,,,,6,  ,  ,  ,  ,B03,  ,  ,1,  ,2,  ,  ,6,6,1,  ,  ,B03,24.173946,120.618024,3
2018,9,28,9,43,臺中市,西區,0,1,0,8,1,5,50,3,1,1,5,4,5,7,4,4,1,5,5,2,16,6,3,10,1,1,B03,7,6,1,8,2,6,  ,6,6,1,21,5,B03,24.145552,120.65739,2
2018,9,28,9,52,臺中市,梧棲區,0,0,,8,,,60,,,,,,,,,,,,,,,,,,,,A31,,,1,,2,,,23,,1,10,,A31,24.223236,120.524674,3
2018,9,28,9,53,臺中市,烏日區,0,1,0,8,1,5,40,4,1,1,5,4,5,7,1,1,10,5,5,2,16,25,2,9,1,1,C03,7,5,1,10,2,14,  ,25,25,1,18,8,C03,24.113337,120.586799,2
2018,9,28,9,59,臺中市,東區,0,1,0,8,1,5,40,3,1,1,5,4,5,7,2,1,5,5,5,2,17,4,3,10,4,1,F01,7,15,8,20,2,16,  ,4,4,1,21,8,F01,24.151109,120.694469,2
2018,9,28,10,0,臺中市,大甲區,0,1,0,8,1,5,50,14,9,1,5,4,5,7,4,4,9,5,5,1,17,10,3,10,1,1,B12,7,11,1,8,2,4,  ,10,10,1,22,9,B12,24.344376,120.625,2
2018,9,28,10,7,臺中市,南屯區,0,1,0,8,1,5,40,4,1,1,5,4,5,7,1,1,10,5,5,2,9,23,3,10,4,5,F03,7,6,8,20,2,16,  ,23,23,1,21,8,F03,24.148292,120.633712,2
2018,9,28,10,9,臺中市,北屯區,0,0,0,8,1,5,50,14,13,1,5,4,,7,4,4,1,3,5,2,13,23,3,10,1,1,B03,7,9,1,8,2,1,  ,23,23,1,21,8,B03,24.165094,120.695484,3
2018,9,28,10,14,臺中市,南屯區,0,0,,8,,,50,,,,,,,,,,,,,,,,,,,,B03,,,1,,2,,,6,,1,22,,B03,24.131542,120.635166,3
2018,9,28,10,16,臺中市,石岡區,0,0,,8,,,50,,,,,,,,,,,,,,,,,,,,B12,,,5,,2,,,23,,1,21,,B12,24.260316,120.817168,3
2018,9,28,10,17,臺中市,西屯區,0,1,0,8,1,5,40,14,9,1,5,4,5,7,4,4,10,5,5,2,17,40,3,10,1,1,B03,7,15,1,8,2,4,  ,40,40,1,22,9,B03,24.163578,120.651116,2
2018,9,28,10,32,臺中市,西屯區,0,2,0,8,1,5,40,14,9,1,5,4,5,7,4,4,1,4,5,2,26,23,2,1,3,5,H02,7,20,8,20,10,16,  ,67,23,1,21,8,H02,24.200327,120.658588,2
2018,9,28,10,33,臺中市,西屯區,0,1,0,8,1,5,50,3,1,1,5,4,5,7,1,1,5,5,5,2,17,25,3,10,1,1,B03,7,12,1,8,2,5,  ,25,25,1,22,8,B03,24.186062,120.603878,2
2018,9,28,10,34,臺中市,神岡區,0,0,0,8,,,50,,,,,,,,,,,,,,,16,  ,  ,  ,  ,B12,  ,  ,1,  ,2,  ,  ,16,16,1,21,  ,B12,24.272248,120.670409,3
2018,9,28,10,44,臺中市,北區,0,0,,8,,,50,,,,,,,,,,,,,,,,,,,,B03,,,1,,9,,,23,,2,  ,,B03,24.163127,120.67637,3
2018,9,28,10,48,臺中市,西屯區,0,1,0,8,1,5,50,4,1,1,5,4,5,7,1,1,5,5,4,2,16,6,3,10,1,1,B12,7,6,1,7,2,6,  ,6,6,1,21,8,B12,24.155293,120.608858,2
2018,9,28,10,49,臺中市,西屯區,0,1,0,8,1,5,40,14,8,1,5,4,5,7,4,4,1,5,1,2,17,6,3,10,1,1,B03,7,6,1,8,2,5,  ,6,6,1,21,8,B03,24.18231,120.616846,2
2018,9,28,10,54,臺中市,西屯區,0,0,,8,,,40,,,,,,,,,,,,,,,,,,,,B12,,,1,,2,,,10,,1,22,,B12,24.17632,120.664351,3
2018,9,28,10,57,臺中市,南屯區,0,0,,8,,,50,,,,,,,,,,,,,,,,,,,,B03,,,1,,2,,,23,,1,5,,B03,24.150321,120.612232,3
2018,9,28,10,58,臺中市,龍井區,0,1,0,8,1,5,40,4,7,1,5,4,5,7,1,1,1,4,4,2,17,30,3,10,1,1,A31,7,6,1,1,2,15,  ,30,30,1,10,8,A31,24.209836,120.505635,2
2018,9,28,11,0,臺中市,西屯區,0,0,,8,,,40,,,,,,,,,,,,,,,,,,,,B02,,,1,,2,,,23,,1,  ,,B02,24.164202,120.64612,3
2018,9,28,11,6,臺中市,北屯區,0,0,,8,,,50,,,,,,,,,,,,,,,,,,,,A12,,,1,,2,,,42,,1,22,,A12,24.17559,120.735885,3
2018,9,28,11,8,臺中市,龍井區,0,0,,,,,,,,,,,,,,,,,,,,12,,,,,B03,,,1,,10,,,38,12,1,2,,B03,24.203988,120.523129,3
2018,9,28,11,20,臺中市,北屯區,0,0,0,8,,,50,,,,,,,,,,,,,,,1,  ,  ,  ,  ,C03,  ,  ,1,  ,2,  ,  ,1,1,1,22,  ,C03,24.170528,120.691291,3
2018,9,28,11,28,臺中市,太平區,0,1,0,8,1,5,50,3,1,1,5,4,5,7,4,4,10,5,5,2,16,6,2,8,1,1,C03,7,5,1,10,2,11,  ,6,6,1,5,4,C03,24.141948,120.716799,2
2018,9,28,11,42,臺中市,西屯區,0,0,0,8,1,5,50,,,,,,,,,,,,,,,7,  ,  ,  ,  ,B01,  ,  ,1,  ,2,3,1,7,7,1,22,  ,B01,24.16929,120.642312,3
2018,9,28,11,45,臺中市,西屯區,0,0,0,8,,,50,,,,,,,,,,,,,,,7,  ,  ,  ,  ,B03,  ,  ,1,  ,2,  ,  ,7,7,1,21,  ,B03,24.161991,120.64487,3
2018,9,28,11,45,臺中市,太平區,0,0,,8,,,50,,,,,,,,,,,,,,,,,,,,B03,,,1,,2,,,43,,1,21,,B03,24.158704,120.717793,3
2018,9,28,11,45,臺中市,東勢區,0,0,,8,,,60,,,,,,,,,,,,,,,,,,,,B12,,,1,,2,,,16,,1,9,,B12,24.24231,120.833504,3
2018,9,28,11,48,臺中市,北屯區,0,0,,8,,,50,,,,,,,,,,,,,,,,,,,,B11,,,1,,2,,,16,,1,  ,,B11,24.173354,120.668163,3
2018,9,28,11,50,臺中市,外埔區,0,1,0,8,1,5,50,14,9,1,5,4,5,7,4,4,1,4,5,1,18,42,2,9,1,1,C03,7,9,1,10,3,12,  ,42,42,1,5,5,C03,24.339741,120.640621,2
2018,9,28,11,52,臺中市,北區,0,1,0,8,1,5,50,4,2,1,5,4,5,7,4,4,5,5,5,2,16,26,3,10,1,1,C03,7,5,1,10,2,11,  ,26,26,1,22,8,C03,24.1546,120.684,2
2018,9,28,11,54,臺中市,北區,0,1,0,8,1,5,50,4,1,1,5,4,5,7,2,1,10,5,5,2,16,8,2,5,1,1,C03,7,5,1,10,2,11,  ,8,8,1,5,8,C03,24.158989,120.688977,2
2018,9,28,11,55,臺中市,南屯區,0,1,0,8,1,5,40,11,9,1,5,4,5,7,4,4,10,5,5,2,12,5,3,10,1,1,C03,7,5,1,10,2,14,  ,5,5,1,18,8,C03,24.158698,120.6114,2
2018,9,28,12,0,臺中市,南屯區,0,1,0,8,1,5,40,14,8,1,5,4,5,7,4,4,1,4,4,2,17,23,2,9,1,1,C03,7,9,1,9,2,12,  ,23,23,1,22,8,C03,24.145117,120.626981,2
2018,9,28,12,7,臺中市,北區,0,1,0,8,1,5,50,3,1,1,5,4,5,7,1,1,10,5,5,2,17,8,3,10,1,1,C03,7,5,1,10,2,15,  ,8,8,1,21,8,C03,24.157482,120.699205,2
2018,9,28,12,10,臺中市,太平區,0,0,,8,,,40,,,,,,,,,,,,,,,,,,,,B03,,,1,,2,,,17,,1,  ,,B03,24.141388,120.728611,3
2018,9,28,12,12,臺中市,西屯區,0,2,0,8,1,5,50,14,9,1,5,4,5,7,4,4,3,4,5,2,13,23,3,10,1,1,B03,7,9,1,8,2,1,  ,23,23,1,21,8,B03,24.177894,120.625969,2
2018,9,28,12,12,臺中市,西屯區,0,0,,8,,,1,,,,,,,,,,,,,,,,,,,,B03,,,1,,2,,,19,,1,  ,,B03,24.200605,120.657158,3
2018,9,28,12,17,臺中市,西屯區,0,1,0,8,1,5,40,14,8,1,5,4,5,7,4,4,1,2,4,2,18,43,2,9,1,1,C03,7,9,1,10,2,14,  ,43,43,1,22,8,C03,24.166355,120.650596,2
2018,9,28,12,18,臺中市,大甲區,0,0,,6,,,90,,,,,,,,,,,,,,,,,,,,B02,,,1,,2,,,44,,1,6,,B02,24.42699,120.625446,3
2018,9,28,12,19,臺中市,東區,0,0,0,8,1,5,50,4,1,1,5,4,5,7,1,1,10,5,5,2,16,19,3,10,1,2,B03,7,1,1,8,2,8,  ,19,19,1,5,8,B03,24.129705,120.699153,3
2018,9,28,12,20,臺中市,烏日區,0,0,,8,,,30,,,,,,,,,,,,,,,,,,,,B03,,,1,,2,,,23,,1,  ,,B03,24.113986,120.616684,3
2018,9,28,12,21,臺中市,烏日區,0,0,,8,,,70,,,,,,,,,,,,,,,,,,,,B03,,,1,,2,,,7,,1,21,,B03,24.111465,120.584229,3
2018,9,28,12,26,臺中市,西區,0,1,0,8,1,5,50,3,1,1,5,4,5,7,4,4,10,5,5,2,17,19,3,10,1,1,B03,7,1,1,8,2,8,  ,19,19,1,5,8,B03,24.137654,120.655126,2
2018,9,28,12,32,臺中市,西屯區,0,2,0,8,1,5,50,3,1,1,5,4,5,7,3,1,4,5,5,2,16,7,3,10,1,1,C03,7,7,1,10,2,14,  ,7,7,1,22,8,C03,24.178131,120.650271,2
2018,9,28,12,32,臺中市,大雅區,0,0,0,8,,,50,,,,,,,,,,,,,,,7,  ,  ,  ,  ,B03,  ,  ,1,  ,2,  ,  ,7,7,1,  ,  ,B03,24.222187,120.647025,3
2018,9,28,12,33,臺中市,太平區,0,1,0,8,1,5,40,4,1,1,5,4,5,7,4,4,10,5,5,2,15,6,2,8,3,4,C03,7,9,1,10,2,11,  ,6,6,1,5,8,C03,24.124728,120.705793,2
2018,9,28,12,35,臺中市,西屯區,0,1,0,8,1,5,50,3,9,1,5,4,5,7,3,1,1,4,4,2,18,42,2,9,1,1,C03,7,9,1,10,2,14,  ,42,42,1,21,8,C03,24.191546,120.596949,2
2018,9,28,12,41,臺中市,南區,0,0,,,,,,,,,,,,,,,,,,,,,,,,,A11,,,1,,2,,,23,,1,  ,,A11,24.129472,120.675361,3
2018,9,28,12,42,臺中市,西屯區,0,0,0,8,,,50,,,,,,,,,,,,,,,23,  ,  ,  ,  ,B12,  ,  ,1,  ,2,  ,  ,23,23,1,  ,  ,B12,24.183133,120.615198,3
2018,9,28,12,43,臺中市,北屯區,0,0,,8,,,40,,,,,,,,,,,,,,,,,,,,B12,,,1,,2,,,23,,1,6,,B12,24.1768,120.6908,3
2018,9,28,12,45,臺中市,南屯區,0,0,0,8,1,5,50,5,1,1,5,4,5,7,1,1,10,5,5,2,15,25,3,10,1,1,B03,7,9,1,8,2,5,2,25,25,1,5,3,B03,24.143712,120.646588,3
2018,9,28,12,45,臺中市,南屯區,0,2,0,8,1,5,50,4,1,1,5,4,5,7,2,1,10,5,5,2,16,9,2,9,1,1,C03,7,6,1,10,2,12,  ,9,9,1,22,8,C03,24.145421,120.632485,2
2018,9,28,13,0,臺中市,西屯區,0,0,0,8,1,5,1,,,,,,,,,,,,,,,16,  ,  ,  ,  ,B12,  ,  ,1,  ,2,5,  ,16,16,1,22,  ,B12,24.182961,120.615149,3
2018,9,28,13,0,臺中市,太平區,0,0,,8,,,50,,,,,,,,,,,,,,,,,,,,B03,,,1,,2,,,12,,1,18,,B03,24.148148,120.702594,3
2018,9,28,13,10,臺中市,后里區,0,0,0,,,,,,,,,,,,,,,,,,,12,  ,  ,  ,  ,B12,  ,  ,1,  ,1,  ,  ,12,12,1,  ,  ,B12,24.294767,120.723578,3
2018,9,28,13,15,臺中市,南區,0,1,0,8,1,5,50,4,1,1,5,4,5,7,1,1,10,5,5,2,12,26,3,10,1,1,B03,7,6,1,8,2,7,  ,26,26,1,22,8,B03,24.118775,120.6698,2
2018,9,28,13,21,臺中市,西區,0,2,0,8,1,5,40,4,1,1,5,4,5,7,2,1,10,5,5,2,17,43,2,9,1,1,C03,7,15,1,10,2,12,  ,43,43,1,5,5,C03,24.148497,120.672866,2
2018,9,28,13,28,臺中市,霧峰區,0,1,0,8,1,5,50,14,7,1,5,4,5,7,4,4,5,5,4,1,17,19,3,10,1,1,B03,7,1,1,8,2,8,  ,19,19,1,21,9,B03,24.063821,120.698598,2
2018,9,28,13,31,臺中市,東區,0,0,0,8,1,5,50,14,7,1,5,4,5,7,1,1,5,5,4,2,14,12,3,10,1,1,B12,7,2,1,8,2,7,  ,12,12,1,21,8,B12,24.143459,120.699826,3
2018,9,28,13,31,臺中市,龍井區,0,1,0,8,1,5,40,4,1,1,5,4,5,7,4,4,10,5,5,2,15,6,2,9,1,1,C03,7,9,1,10,2,11,  ,6,6,1,19,8,C03,24.196155,120.539684,2
2018,9,28,13,33,臺中市,北區,0,0,0,8,,,50,,,,,,,,,,,,,,,23,3,  ,  ,  ,B12,  ,  ,1,  ,2,  ,  ,23,23,1,5,  ,B12,24.160154,120.684952,3
2018,9,28,13,36,臺中市,西屯區,0,1,0,8,1,5,50,4,9,1,5,4,5,7,1,1,1,4,4,2,13,23,2,9,1,1,C03,7,9,1,10,2,11,  ,23,23,1,21,8,C03,24.158374,120.636175,2
2018,9,28,13,38,臺中市,北屯區,0,0,,8,,,50,,,,,,,,,,,,,,,,,,,,B12,,,1,,2,,,42,,1,21,,B12,24.175868,120.720763,3
2018,9,28,13,40,臺中市,大甲區,0,1,0,8,1,5,50,3,1,1,5,4,5,7,4,4,10,5,5,1,17,6,3,10,1,1,B03,7,5,1,8,2,1,5,6,6,1,22,8,B03,24.347949,120.623198,2
2018,9,28,13,42,臺中市,西屯區,0,2,0,8,1,5,50,3,1,1,5,4,5,7,1,1,5,5,5,2,16,25,2,9,1,1,C03,7,9,1,10,2,11,  ,25,25,1,21,8,C03,24.187913,120.618438,2
2018,9,28,13,42,臺中市,大雅區,0,1,0,8,1,5,40,3,1,1,5,4,5,7,4,4,10,5,5,2,16,6,3,10,1,1,B03,7,6,1,8,2,1,  ,23,6,1,22,9,B03,24.217439,120.64977,2
2018,9,28,13,44,臺中市,西屯區,0,1,0,8,1,5,40,4,1,1,5,4,5,7,1,1,10,5,5,2,16,8,2,9,1,1,C03,7,5,1,10,2,11,  ,8,8,1,22,9,C03,24.155716,120.653911,2
2018,9,28,14,12,臺中市,南屯區,0,0,,8,,,40,,,,,,,,,,,,,,,,,,,,B03,,,1,,2,,,17,,1,  ,,B03,24.145553,120.622946,3
2018,9,28,14,15,臺中市,西區,0,1,0,8,1,5,40,14,8,1,5,4,5,7,4,4,1,4,4,2,12,7,3,10,1,1,B03,7,8,1,8,2,2,  ,7,7,1,21,8,B03,24.144661,120.670301,2
2018,9,28,14,19,臺中市,西屯區,0,1,0,8,1,5,50,14,7,1,5,4,5,7,4,4,5,4,4,2,16,19,2,8,3,4,C03,7,1,1,10,2,11,  ,19,19,1,21,8,C03,24.175584,120.649979,2
2018,9,28,14,30,臺中市,西區,0,0,,8,,,40,,,,,,,,,,,,,,,,,,,,B11,,,1,,2,,,42,,1,  ,,B11,24.138743,120.665772,3
2018,9,28,14,30,臺中市,南屯區,0,0,0,8,,,40,,,,,,,,4,,,,,,,23,3,  ,  ,  ,B12,  ,  ,1,  ,3,  ,  ,23,23,1,21,  ,B12,24.125488,120.631865,3
2018,9,28,14,33,臺中市,東勢區,0,0,,8,,,60,,,,,,,,,,,,,,,,,,,,B03,,,1,,2,,,23,,1,  ,,B03,24.24641,120.832169,3
2018,9,28,14,36,臺中市,東區,0,0,0,8,1,5,50,14,9,1,5,4,5,7,4,4,5,5,5,2,13,23,3,10,1,1,B03,7,9,1,8,2,1,  ,23,23,1,5,8,B03,24.133744,120.708187,3
2018,9,28,14,49,臺中市,西屯區,0,0,0,8,1,5,50,,,,,,,,,,,,,,,42,  ,  ,  ,  ,B03,  ,  ,1,  ,2,1,  ,42,42,1,22,  ,B03,24.176102,120.658916,3
2018,9,28,14,52,臺中市,南屯區,0,0,,8,,,50,,,,,,,,,,,,,,,,,,,,B12,,,1,,2,,,17,,1,22,,B12,24.140092,120.6466,3
2018,9,28,14,54,臺中市,西屯區,0,0,0,8,,,50,,,,,,,,,,,,,,,43,  ,  ,  ,  ,B03,  ,  ,1,  ,2,  ,  ,43,43,1,21,  ,B03,24.169733,120.660576,3
2018,9,28,15,8,臺中市,西區,0,0,,8,,,50,,,,,,,,,,,,,,,,,,,,C03,,,1,,2,,,25,,1,5,,C03,24.145532,120.660186,3
2018,9,28,15,13,臺中市,太平區,0,1,0,8,1,5,50,4,1,1,5,4,5,7,1,1,5,5,4,1,16,23,2,9,1,1,C03,7,9,1,10,2,13,  ,23,23,1,18,1,C03,24.156947,120.733652,2
2018,9,28,15,18,臺中市,西屯區,0,0,,8,,,50,,,,,,,,,,,,,,,,,,,,B03,,,1,,2,,,16,,1,22,,B03,24.156201,120.649025,3
2018,9,28,15,18,臺中市,太平區,0,0,,8,,,40,,,,,,,,,,,,,,,,,,,,B12,,,1,,2,,,12,,1,9,,B12,24.116795,120.706314,3
2018,9,28,15,24,臺中市,南屯區,0,1,0,8,1,5,50,14,9,1,5,4,5,7,4,4,5,2,5,2,12,19,2,9,1,1,C03,7,1,1,10,2,14,  ,19,19,1,4,8,C03,24.1398,120.649981,2
2018,9,28,15,30,臺中市,南屯區,0,0,,8,,,40,,,,,,,,,,,,,,,,,,,,B01,,,1,,2,,,12,,1,22,,B01,24.135125,120.636677,3
2018,9,28,15,30,臺中市,大里區,0,0,,8,,,4,,,,,,,,,,,,,,,,,,,,B12,,,1,,2,,,12,,1,10,,B12,24.085504,120.666113,3
2018,9,28,15,37,臺中市,西區,0,1,0,8,3,5,50,14,7,1,5,4,5,7,4,4,5,2,4,2,17,19,3,10,1,1,B02,7,1,1,4,2,8,  ,19,19,1,5,5,B02,24.134093,120.657222,2
2018,9,28,15,40,臺中市,太平區,0,0,0,8,,,50,,,,,,,,,,,,,,,23,  ,  ,  ,  ,C03,  ,  ,1,  ,2,  ,  ,23,23,1,5,  ,C03,24.14887,120.715298,3
2018,9,28,15,42,臺中市,南區,0,0,0,8,,,50,,,,,,,,,,,,,,,,3,  ,  ,  ,B03,  ,  ,1,  ,2,  ,  ,23,  ,1,21,  ,B03,24.13011,120.660095,3
2018,9,28,15,45,臺中市,南屯區,0,1,0,8,1,5,50,14,9,1,5,4,5,7,4,4,5,4,5,2,13,23,2,9,1,1,C03,7,9,1,10,2,11,  ,23,23,1,21,8,C03,24.13547,120.637336,2
2018,9,28,15,50,臺中市,南區,0,1,0,8,1,5,50,4,1,1,5,4,5,7,1,1,10,5,5,2,17,19,2,9,1,1,C03,7,1,1,10,2,14,  ,19,19,1,21,8,C03,24.133,120.679519,2
2018,9,28,15,54,臺中市,太平區,0,0,,8,,,50,,,,,,,,,,,,,,,,,,,,B12,,,1,,2,,,12,,1,21,,B12,24.127175,120.729752,3