年,月,日,時,分,縣市,區,死,受傷,2-30,天候,光線,道路類別,速限,道路型態,事故位置,路面鋪裝,路面狀態,路面缺陷,障礙物,視距,號誌種類,號誌動作,分向設施,快車道或一般車道間,快慢車道間,路面邊線,事故類型及型態,主要肇因,受傷程度,主要傷處,保護裝備,行動電話,當事者區分_類別,車輛用途,當事者行動狀態,駕駛資格情形,駕駛執照種類,飲酒情形,車輛撞擊部位最初,車輛撞擊部位其他,肇事因素個別,肇事因素主要,肇事逃逸,職業,旅次目的,車種,GPS座標_緯度,GPS座標_經度,事故類別
2018,9,28,15,55,臺中市,西區,0,1,0,8,1,5,50,14,9,1,5,4,5,7,4,4,9,5,5,1,17,6,3,10,1,1,B03,7,5,1,8,2,1,  ,6,6,1,5,7,B03,24.149581,120.670174,2
2018,9,28,15,59,臺中市,北屯區,0,0,,8,,,50,,,,,,,,,,,,,,,,,,,,B03,,,1,,2,,,23,,1,22,,B03,24.181703,120.666187,3
2018,9,28,15,59,臺中市,沙鹿區,0,0,,8,,,50,,,,,,,,,,,,,,,,,,,,B03,,,1,,2,,,9,,1,21,,B03,24.203528,120.567226,3
2018,9,28,16,0,臺中市,西屯區,0,2,0,8,1,5,40,4,9,1,5,4,5,7,4,4,10,5,5,2,15,6,2,8,1,1,C03,7,9,1,10,2,12,  ,6,6,1,18,8,C03,24.180188,120.644192,2
2018,9,28,16,3,臺中市,西屯區,0,1,0,8,1,5,50,3,1,1,5,4,5,7,1,1,10,5,5,2,16,25,3,10,1,1,B03,7,9,1,8,2,2,  ,25,25,1,4,8,B03,24.185136,120.624794,2
2018,9,28,16,5,臺中市,南屯區,0,0,0,8,,,50,,,,,,,,4,,,,,,,23,3,  ,  ,  ,B03,  ,  ,1,  ,2,  ,  ,23,23,1,21,  ,B03,24.149002,120.625109,3
2018,9,28,16,7,臺中市,西區,0,1,0,8,1,5,50,4,1,1,5,4,5,7,2,1,10,5,5,2,16,26,3,10,1,1,B03,7,6,4,8,2,2,  ,26,26,1,5,5,B03,24.131012,120.667816,2
2018,9,28,16,9,臺中市,龍井區,0,1,0,8,1,5,60,4,2,1,5,4,5,7,2,1,1,2,1,2,17,23,3,10,1,1,B03,7,9,1,8,2,1,  ,23,23,1,22,8,B03,24.187232,120.583171,2
2018,9,28,16,11,臺中市,清水區,0,0,0,8,1,5,70,4,1,1,5,4,5,7,1,1,1,4,1,1,16,25,3,1,3,4,B03,7,5,1,8,11,1,  ,25,25,1,21,8,B03,24.28118,120.536618,3
2018,9,28,16,15,臺中市,南區,0,0,,8,,,50,,,,,,,,,,,,,,,,,,,,B03,,,3,,9,,,23,,1,22,,B03,24.114777,120.670296,3
2018,9,28,16,18,臺中市,中區,0,1,0,8,1,5,50,4,1,1,5,4,5,7,2,1,10,5,5,2,17,23,2,8,1,1,C03,7,15,1,10,2,14,  ,23,23,1,18,8,C03,24.14318,120.680299,2
2018,9,28,16,20,臺中市,南區,0,1,0,8,1,5,50,14,9,1,5,4,5,7,4,4,9,5,5,2,17,40,3,10,1,1,B03,7,15,1,8,9,15,  ,40,40,1,21,1,B03,24.131775,120.680501,2
2018,9,28,16,23,臺中市,北屯區,0,0,,8,,,50,,,,,,,,,,,,,,,,,,,,B12,,,1,,2,,,17,,1,7,,B12,24.181758,120.666213,3
2018,9,28,16,26,臺中市,北屯區,0,1,0,8,1,5,50,3,1,1,5,4,5,7,4,4,5,5,4,2,16,6,3,10,1,1,C03,7,5,1,10,2,12,  ,6,6,1,21,8,C03,24.174124,120.667696,2
2018,9,28,16,27,臺中市,西屯區,0,1,0,8,1,5,50,14,7,1,5,4,5,7,4,4,5,2,4,2,16,26,3,10,3,4,B02,7,11,1,8,2,5,  ,26,26,1,22,9,B02,24.1849,120.644588,2
2018,9,28,16,27,臺中市,西屯區,0,0,,8,,,40,,,,,,,,,,,,,,,,,,,,B12,,,1,,2,,,17,,1,22,,B12,24.208934,120.652686,3
2018,9,28,16,37,臺中市,西區,0,0,,8,,,50,,,,,,,,,,,,,,,,,,,,B03,,,1,,2,,,42,,1,  ,,B03,24.140949,120.660187,3
2018,9,28,16,43,臺中市,西屯區,0,0,,8,,,50,,,,,,,,,,,,,,,,,,,,B03,,,1,,2,,,6,,1,4,,B03,24.16037,120.64823,3
2018,9,28,16,52,臺中市,西區,0,2,0,8,1,5,40,4,1,1,5,4,5,7,4,4,10,5,5,2,15,6,2,9,1,1,C03,7,9,1,10,2,11,  ,6,6,1,5,5,C03,24.145941,120.65722,2
2018,9,28,16,52,臺中市,南區,0,1,0,8,1,5,50,4,1,1,5,4,5,7,1,1,10,5,5,2,14,12,3,10,1,1,B03,7,2,1,8,2,3,  ,12,12,1,21,8,B03,24.122275,120.682546,2
2018,9,28,16,55,臺中市,北屯區,0,0,0,8,1,5,50,14,9,1,5,4,5,7,4,4,5,4,5,2,14,12,3,10,3,4,B03,7,2,1,8,2,3,  ,12,12,1,21,8,B03,24.188308,120.68556,3
2018,9,28,16,56,臺中市,南屯區,0,0,0,8,,,40,,,,,,,,,,,,,,,,  ,  ,  ,  ,G03,  ,  ,1,  ,2,  ,  ,12,  ,1,21,  ,G03,24.140968,120.640838,3
2018,9,28,17,0,臺中市,清水區,0,2,0,8,1,8,40,3,1,1,5,4,5,7,3,1,10,5,5,2,16,6,2,9,1,1,C03,7,5,1,10,2,14,  ,6,6,1,5,1,C03,24.273946,120.577024,2
2018,9,28,17,8,臺中市,太平區,,,,8,,,50,,,,,,,,,,,,,,,,,,,,C03,,,1,,2,,,26,,1,6,,C03,24.137399,120.724178,3
2018,9,28,17,10,臺中市,北區,0,0,0,8,,,50,,,,,,,,,,,,,,,23,  ,  ,  ,  ,B12,  ,  ,1,  ,2,  ,  ,23,23,1,21,  ,B12,24.15776,120.702729,3
2018,9,28,17,10,臺中市,西屯區,0,1,0,8,2,5,50,14,7,1,5,4,5,7,4,4,1,2,4,2,12,23,2,7,1,1,C03,7,15,1,10,2,11,  ,23,23,1,18,8,C03,24.166788,120.650018,2
2018,9,28,17,10,臺中市,西屯區,0,1,0,8,2,5,50,14,9,1,5,4,5,7,4,4,5,5,5,2,16,26,3,10,1,1,C03,7,5,1,10,2,11,  ,26,26,1,22,8,C03,24.169376,120.593211,2
2018,9,28,17,14,臺中市,西屯區,0,2,0,8,3,5,40,14,8,1,5,4,5,7,4,4,10,5,5,2,16,19,2,9,1,1,C03,7,1,1,10,2,14,  ,19,19,1,22,8,C03,24.182604,120.613757,2
2018,9,28,17,18,臺中市,中區,0,1,0,8,1,5,50,4,1,1,5,4,5,7,4,4,10,5,5,2,15,6,3,10,1,1,B03,7,9,1,8,2,7,  ,6,6,1,5,1,B03,24.142209,120.681364,2
2018,9,28,17,18,臺中市,清水區,0,1,0,8,1,5,40,14,8,1,5,4,5,7,4,4,1,4,1,1,16,18,3,10,1,1,B03,7,3,1,8,2,2,  ,18,18,1,21,8,B03,24.273811,120.557913,2
2018,9,28,17,20,臺中市,西屯區,0,0,,8,,,40,,,,,,,,,,,,,,,,,,,,B03,,,1,,2,,,7,,1,4,,B03,24.168901,120.639061,3
2018,9,28,17,24,臺中市,西區,0,0,,8,1,5,50,14,9,1,5,4,5,7,4,4,5,2,5,2,17,,,,,,B03,,,1,,2,,,19,,1,22,,B03,24.139277,120.665297,3
2018,9,28,17,25,臺中市,西區,0,0,0,8,,,50,,,,,,,,,,,,,,,43,  ,  ,  ,  ,B03,  ,  ,1,  ,2,  ,  ,43,43,1,  ,  ,B03,24.138443,120.669785,3
2018,9,28,17,27,臺中市,大雅區,0,3,0,8,1,5,50,3,1,1,5,4,5,7,1,1,5,4,5,1,16,6,2,9,1,1,C03,7,5,1,10,2,11,  ,6,6,1,21,8,C03,24.216481,120.650947,2
2018,9,28,17,35,臺中市,烏日區,0,0,,8,,,40,,,,,,,,,,,,,,,,,,,,B01,,,1,,2,,,16,,1,10,,B01,24.11009,120.647389,3
2018,9,28,17,35,臺中市,東勢區,0,0,,8,,,50,,,,,,,,,,,,,,,,,,,,B03,,,1,,9,,,23,,1,  ,,B03,24.244873,120.836874,3
2018,9,28,17,39,臺中市,北屯區,0,0,,8,,,50,,,,,,,,,,,,,,,,,,,,B03,,,1,,2,,,23,,1,5,,B03,24.176341,120.680461,3
2018,9,28,17,40,臺中市,南區,0,0,,8,,,50,,,,,,,,,,,,,,,,,,,,   ,,,7,,11,,,43,,  ,  ,,   ,24.122078,120.655863,3
2018,9,28,17,40,臺中市,西屯區,0,1,0,8,3,5,40,14,8,1,5,4,5,7,4,4,1,5,1,2,12,1,3,10,1,1,C03,7,4,1,10,2,14,  ,1,1,1,21,8,C03,24.180511,120.620427,2
2018,9,28,17,43,臺中市,南區,0,0,,8,,,50,,,,,,,,,,,,,,,17,,,,,B03,,,1,,2,,,17,17,1,22,,B03,24.122356,120.666734,3
2018,9,28,17,49,臺中市,豐原區,0,0,,8,,,50,,,,,,,,,,,,,,,,,,,,C03,,,1,,2,,,42,,1,21,,C03,24.255791,120.743879,3
2018,9,28,17,50,臺中市,南區,0,1,0,8,3,5,50,14,8,1,5,4,5,7,4,4,9,5,4,2,16,6,3,10,1,1,B03,7,5,1,8,2,1,  ,6,6,1,21,8,B03,24.123566,120.654863,2
2018,9,28,17,50,臺中市,南屯區,0,0,,8,,,40,,,,,,,,,,,,,,,,,,,,B12,,,1,,11,,,23,,1,22,,B12,24.147585,120.63672,3
2018,9,28,17,50,臺中市,北屯區,0,0,,,,,80,,,,,,,,,,,,,,,,,,,,B03,,,1,,2,,,23,,1,5,,B03,24.157529,120.717364,3
2018,9,28,17,50,臺中市,沙鹿區,0,0,0,8,,,50,,,,,,,,,,,,,,,7,  ,  ,  ,  ,B03,  ,  ,1,  ,2,  ,  ,7,7,  ,  ,  ,B03,24.227077,120.575705,3
2018,9,28,18,1,臺中市,北屯區,0,1,0,8,3,5,50,4,1,1,5,4,5,7,4,4,10,5,5,2,16,23,3,10,1,1,B03,7,5,1,8,2,1,  ,23,23,1,4,1,B03,24.186432,120.697105,2
2018,9,28,18,11,臺中市,南區,0,0,,8,,,50,,,,,,,,,,,,,,,,,,,,C03,,,1,,2,,,23,,1,22,,C03,24.11028,120.657493,3
2018,9,28,18,14,臺中市,潭子區,0,1,0,8,3,5,50,4,1,1,5,4,5,7,1,1,1,4,4,1,16,25,3,10,1,1,B03,7,9,1,8,2,8,  ,25,25,1,22,8,B03,24.215943,120.694716,2
2018,9,28,18,15,臺中市,大雅區,0,2,0,8,3,5,50,3,1,1,5,4,5,7,4,4,5,5,5,1,17,6,2,7,1,1,C03,7,5,1,10,2,14,  ,6,6,1,21,8,C03,24.218754,120.648833,2
2018,9,28,18,16,臺中市,南屯區,0,0,0,8,,,50,,,,,,,,,,,,,,,,  ,  ,  ,  ,B03,  ,  ,1,  ,2,  ,  ,7,  ,1,21,  ,B03,24.153578,120.617313,3
2018,9,28,18,18,臺中市,西屯區,0,1,0,8,3,5,50,4,2,1,5,4,5,7,2,1,2,4,4,2,18,42,2,9,1,4,C03,7,9,1,10,2,15,  ,42,42,1,22,8,C03,24.155769,120.636407,2
2018,9,28,18,30,臺中市,南屯區,0,0,0,8,,,50,,,,,,,,4,,,,,,,23,3,  ,  ,  ,B03,  ,  ,1,  ,2,  ,  ,23,23,1,21,  ,B03,24.154649,120.643788,3
2018,9,28,18,30,臺中市,北屯區,0,0,,8,,,40,,,,,,,,,,,,,,,23,,,,,B03,,,1,,2,,,44,23,1,4,,B03,24.160349,120.717906,3
2018,9,28,18,30,臺中市,北屯區,0,0,,8,,,80,,,,,,,,,,,,,,,,,,,,B03,,,1,,2,,,23,,1,21,,B03,24.1692,120.720821,3
2018,9,28,18,30,臺中市,西屯區,0,0,,8,,,80,,,,,,,,,,,,,,,,,,,,B03,,,1,,2,,,16,,1,22,,B03,24.165982,120.630178,3
2018,9,28,18,34,臺中市,清水區,0,0,,8,,,60,,,,,,,,,,,,,,,,,,,,B03,,,1,,2,,,23,,1,21,,B03,24.275068,120.571113,3
2018,9,28,18,37,臺中市,西屯區,0,0,,8,,,50,,,,,,,,,,,,,,,4,,,,,B12,,,1,,2,,,44,4,1,  ,,B12,24.179646,120.614795,3
2018,9,28,18,45,臺中市,西屯區,0,0,,8,,,40,,,,,,,,,,,,,,,,,,,,A41,,,1,,2,,,7,,1,22,,A41,24.184754,120.636945,3
2018,9,28,18,50,臺中市,太平區,0,2,0,8,3,5,50,14,7,1,5,4,5,7,4,4,5,5,4,2,16,19,2,9,1,1,C03,7,1,1,10,2,14,  ,19,19,1,20,7,C03,24.149788,120.710969,2
2018,9,28,18,50,臺中市,沙鹿區,0,0,,8,,,40,,,,,,,,,,,,,,,,,,,,B03,,,1,,2,,,12,,1,9,,B03,24.241836,120.56814,3
2018,9,28,19,0,臺中市,北屯區,0,0,,8,,,50,,,,,,,,,,,,,,,,,,,,B03,,,1,,2,,,16,,1,5,,B03,24.164816,120.697923,3
2018,9,28,19,0,臺中市,西屯區,0,1,0,8,3,5,50,4,2,1,5,4,5,7,1,1,5,4,5,2,16,6,3,10,1,1,B03,7,6,1,8,2,5,  ,6,6,1,20,8,B03,24.180807,120.624992,2
2018,9,28,19,0,臺中市,外埔區,0,1,0,8,3,5,50,3,1,1,5,4,5,7,4,4,10,5,5,2,12,23,3,10,1,1,B03,7,9,1,8,2,1,  ,23,23,1,1,8,B03,24.344778,120.634061,2
2018,9,28,19,3,臺中市,南屯區,,,,8,,,50,,,,,,,,,,,,,,,,,,,,B03,,,1,,2,,,16,,1,22,,B03,24.144883,120.633689,3
2018,9,28,19,3,臺中市,南屯區,0,0,0,8,,,40,,,,,,,,,,,,,,,,  ,  ,  ,  ,B03,  ,  ,1,  ,2,  ,  ,12,  ,1,21,  ,B03,24.151958,120.644603,3
2018,9,28,19,6,臺中市,龍井區,0,0,,8,,,50,,,,,,,,,,,,,,,,,,,,B12,,,1,,2,,,23,,1,22,,B12,24.184871,120.585222,3
2018,9,28,19,8,臺中市,北屯區,0,0,,8,,,80,,,,,,,,,,,,,,,,,,,,B03,,,1,,2,,,16,,1,21,,B03,24.19683,120.686381,3
2018,9,28,19,12,臺中市,太平區,0,2,0,8,3,5,50,14,9,1,5,4,5,7,4,4,5,5,5,1,12,19,2,9,1,1,C03,7,1,1,10,2,14,  ,19,19,1,4,7,C03,24.120552,120.720752,2
2018,9,28,19,17,臺中市,南區,0,0,0,8,3,5,50,3,1,1,5,4,5,7,4,4,10,5,5,2,17,40,3,10,1,1,B03,7,13,1,8,2,4,  ,40,40,1,22,8,B03,24.118136,120.668556,3
2018,9,28,19,25,臺中市,西屯區,0,0,,8,,,50,,,,,,,,,,,,,,,,,,,,B01,,,1,,2,,,26,,1,4,,B01,24.166065,120.651947,3
2018,9,28,19,29,臺中市,西區,0,0,,8,,,50,,,,,,,,,,,,,,,,,,,,B03,,,1,,2,,,12,,1,5,,B03,24.136374,120.657431,4
2018,9,28,19,30,臺中市,南屯區,0,0,0,8,,,50,,,,,,,,4,,,,,,,23,3,  ,  ,  ,B03,  ,  ,1,  ,2,  ,  ,23,23,1,21,  ,B03,24.150009,120.622545,3
2018,9,28,19,33,臺中市,中區,0,0,0,8,,,50,,,,,,,,,,,,,,,,3,  ,  ,  ,B03,  ,  ,1,  ,2,  ,  ,7,  ,  ,21,  ,B03,24.143218,120.680295,3
2018,9,28,19,33,臺中市,大雅區,0,0,,8,,,50,,,,,,,,,,,,,,,,,,,,B03,,,1,,2,,,23,,1,23,,B03,24.216304,120.66672,3
2018,9,28,19,42,臺中市,東區,0,1,0,8,3,5,50,4,1,1,5,4,5,7,2,1,10,5,5,2,2,23,3,10,1,1,B12,7,5,1,1,2,1,  ,23,23,1,21,8,B12,24.130836,120.684758,2
2018,9,28,19,42,臺中市,西屯區,0,2,0,8,3,5,50,4,1,1,5,4,5,7,2,1,10,5,5,2,16,6,3,10,1,4,B03,7,6,1,8,2,2,  ,6,6,1,22,8,B03,24.172406,120.664137,2
2018,9,28,20,5,臺中市,南區,0,1,0,8,3,5,50,14,8,1,5,4,5,7,4,4,3,4,4,2,17,7,3,10,1,1,B03,7,7,1,8,2,5,  ,7,7,1,21,8,B03,24.118618,120.652251,2
2018,9,28,20,8,臺中市,太平區,0,2,0,8,3,5,50,14,9,1,5,4,5,7,4,4,5,4,5,1,16,26,2,9,1,1,C03,7,11,1,10,2,13,  ,26,26,1,7,8,C03,24.134524,120.733088,2
2018,9,28,20,26,臺中市,豐原區,0,1,0,8,3,5,50,14,9,1,5,4,5,7,4,4,5,2,5,2,26,23,3,10,1,1,C03,7,9,1,10,2,15,  ,23,23,1,4,8,C03,24.263236,120.712773,2
2018,9,28,20,46,臺中市,北區,0,1,0,8,3,5,50,14,7,1,5,4,5,7,4,4,3,4,4,2,12,7,2,9,1,1,C03,7,7,1,10,2,14,  ,7,7,1,5,9,C03,24.155566,120.694325,2
2018,9,28,20,49,臺中市,中區,0,1,0,8,3,5,50,4,1,1,5,4,5,7,4,4,10,5,5,2,15,6,2,5,1,1,C03,7,9,1,10,2,12,  ,6,6,1,21,8,C03,24.13926,120.68478,2
2018,9,28,21,15,臺中市,北屯區,0,0,0,8,,,50,,,,,,,,,,,,,,,13,  ,  ,  ,  ,B03,  ,  ,2,  ,2,  ,  ,13,13,1,22,  ,B03,24.173726,120.694181,3
2018,9,28,21,17,臺中市,西屯區,0,0,,8,,,0,,,,,,,,,,,,,,,,,,,,B03,,,1,,2,,,9,,1,22,,B03,24.158681,120.639991,3
2018,9,28,21,18,臺中市,潭子區,0,0,,8,3,5,50,4,13,1,5,4,3,7,1,1,5,5,4,1,14,,,,,,B03,,,1,,2,,,12,,1,22,,B03,24.211025,120.710338,3
2018,9,28,21,21,臺中市,太平區,0,1,0,8,3,5,50,3,1,1,5,4,5,7,1,1,10,5,5,2,17,42,2,9,1,1,C03,7,9,1,10,2,11,  ,42,42,1,21,8,C03,24.104635,120.72893,2
2018,9,28,21,24,臺中市,豐原區,0,1,0,7,3,5,50,4,1,1,5,4,5,7,2,1,5,4,4,2,17,6,3,10,1,1,B03,7,5,1,8,2,1,  ,6,6,1,21,8,B03,24.249222,120.712996,2
2018,9,28,21,30,臺中市,南屯區,0,0,0,8,,,50,,,,,,,,,,,,,,,,  ,  ,  ,  ,B03,  ,  ,1,  ,2,  ,  ,12,  ,1,21,  ,B03,24.136741,120.646548,3
2018,9,28,21,38,臺中市,太平區,0,1,0,8,3,5,50,4,1,1,5,4,5,7,4,4,10,5,5,2,17,13,3,10,1,1,C03,7,9,1,10,2,11,  ,13,13,1,21,8,C03,24.141578,120.724756,2
2018,9,28,21,41,臺中市,北屯區,0,1,0,8,3,5,50,14,8,1,5,4,5,7,4,4,1,4,4,2,16,7,3,10,1,1,C03,7,8,1,10,2,12,  ,7,7,2,21,8,C03,24.183404,120.665505,2
2018,9,28,21,48,臺中市,西屯區,0,1,0,8,3,5,50,14,7,1,5,4,5,7,4,4,5,4,4,2,13,23,2,1,1,1,B12,7,9,1,8,2,1,  ,23,23,1,4,8,B12,24.197627,120.625444,2
2018,9,28,21,53,臺中市,西區,0,0,0,8,,,50,,,,,,,,,,,,,,,23,3,  ,  ,  ,B03,  ,  ,1,  ,2,  ,  ,23,23,  ,5,  ,B03,24.147278,120.65671,3
2018,9,28,21,55,臺中市,西區,0,1,0,8,3,5,50,4,2,1,5,4,5,7,1,1,1,4,4,2,17,23,3,10,1,1,B03,7,6,1,8,2,1,  ,23,23,1,21,8,B03,24.159413,120.66128,2
2018,9,28,21,59,臺中市,西屯區,0,0,,8,,,50,,,,,,,,,,,,,,,,,,,,B03,,,1,,2,,,23,,1,22,,B03,24.176991,120.637438,3
2018,9,28,22,5,臺中市,北屯區,0,1,0,8,3,5,50,14,9,1,5,4,5,7,4,4,5,4,5,2,27,66,  ,  ,  ,  ,   ,  ,  ,  ,  ,  ,  ,  ,66,66,1,  ,  ,   ,24.168566,120.71808,2
2018,9,28,22,5,臺中市,北屯區,0,1,0,8,3,5,50,14,9,1,5,4,5,7,4,4,1,4,5,2,12,7,2,9,3,4,C03,7,7,1,10,2,11,  ,7,7,1,21,8,C03,24.201083,120.685111,2
2018,9,28,22,20,臺中市,大肚區,0,2,0,8,4,5,40,4,1,1,5,4,5,7,4,4,10,5,5,2,15,6,2,8,1,1,C03,7,9,2,18,2,11,  ,14,6,1,16,8,C03,24.144156,120.544015,2
2018,9,28,22,30,臺中市,大肚區,0,1,0,8,3,5,50,4,1,1,5,4,5,7,4,4,10,5,5,2,15,6,3,10,1,1,B03,7,9,1,8,2,2,  ,14,6,1,4,8,B03,24.151803,120.547313,2
2018,9,28,22,33,臺中市,大雅區,0,1,0,8,3,5,40,4,1,1,5,4,5,7,4,4,5,5,5,1,17,6,2,9,1,1,C03,7,9,1,10,5,12,  ,6,6,1,21,8,C03,24.225115,120.66817,2
2018,9,28,22,40,臺中市,北區,0,1,0,8,1,5,50,14,9,1,5,4,5,7,4,4,1,5,5,2,18,23,2,9,1,1,C03,7,9,1,10,2,12,  ,23,23,1,5,1,C03,24.165241,120.674265,2
2018,9,28,22,50,臺中市,西屯區,0,0,,8,,,40,,,,,,,,,,,,,,,,,,,,B03,,,1,,2,,,23,,1,21,,B03,24.161967,120.651267,3
2018,9,28,22,55,臺中市,西屯區,0,0,,8,,,50,,,,,,,,,,,,,,,,,,,,B03,,,1,,2,,,7,,1,4,,B03,24.162262,120.62892,3
2018,9,28,22,59,臺中市,北屯區,0,2,0,7,3,5,50,4,1,1,5,4,5,7,1,1,10,5,5,2,15,25,2,9,1,1,C03,7,9,1,10,6,12,  ,25,25,1,22,8,C03,24.175159,120.679892,2
2018,9,28,23,5,臺中市,北區,0,0,,8,,,50,,,,,,,,,,,,,,,,,,,,B03,,,1,,2,,,23,,1,  ,,B03,24.159094,120.686645,3
2018,9,28,23,10,臺中市,梧棲區,0,1,0,8,1,5,50,4,2,1,5,4,5,7,1,1,10,5,5,2,17,19,3,10,1,1,B03,7,1,1,8,2,8,  ,19,19,1,9,8,B03,24.253764,120.530051,2
2018,9,28,23,15,臺中市,北屯區,0,1,0,8,1,5,50,14,7,1,5,4,5,7,2,1,5,5,4,2,13,23,3,10,1,1,B03,7,14,1,8,2,3,  ,44,23,1,5,8,B03,24.173769,120.676047,2
2018,9,28,23,29,臺中市,南屯區,0,2,0,8,3,5,50,4,1,1,5,4,5,7,3,1,10,5,5,2,16,6,2,9,1,1,B03,7,9,1,8,2,2,  ,6,6,1,21,8,B03,24.117546,120.630585,2
2018,9,28,23,35,臺中市,西屯區,0,0,0,8,,,40,,,,,,,,,,,,,,,26,  ,  ,  ,  ,B03,  ,  ,1,  ,2,  ,  ,26,26,1,5,  ,B03,24.16923,120.635886,3
2018,9,28,23,45,臺中市,梧棲區,0,1,0,8,3,5,70,3,2,1,5,4,5,7,3,1,1,4,3,1,12,3,3,10,1,1,A31,7,9,1,1,2,7,  ,3,3,1,10,4,A31,24.244796,120.520805,2
2018,9,29,0,10,臺中市,西屯區,0,1,0,8,3,5,40,3,2,1,5,4,5,7,1,1,10,5,4,2,13,16,3,10,1,1,C03,7,9,1,10,2,14,  ,16,16,1,21,8,C03,24.206754,120.624476,2
2018,9,29,2,50,臺中市,中區,0,0,0,8,,,0,,,,,,,,,,,,,,,,3,  ,  ,  ,B03,  ,  ,1,  ,2,  ,  ,23,  ,  ,21,  ,B03,24.14282,120.677363,3
2018,9,29,4,44,臺中市,大雅區,0,1,0,8,3,5,50,14,8,1,5,4,5,7,4,4,9,4,4,2,12,23,2,1,1,1,B03,7,9,1,8,11,5,  ,23,23,2,12,9,B03,24.23371,120.65424,2
2018,9,29,5,8,臺中市,清水區,0,1,0,8,4,5,70,3,2,1,5,4,5,7,1,1,10,5,5,2,18,23,2,9,1,1,C03,7,9,1,10,2,14,  ,23,23,1,21,8,C03,24.311183,120.603468,2
2018,9,29,5,39,臺中市,南屯區,1,0,0,8,2,5,50,14,9,1,5,4,5,7,4,4,1,4,5,2,19,23,1,9,1,1,C03,7,9,1,10,2,12,11,23,23,1,18,8,C03,24.12567,120.64625,1
2018,9,29,6,30,臺中市,大肚區,0,0,,8,,,40,,,,,,,,,,,,,,,,,,,,B03,,,3,,2,,,6,,1,22,,B03,24.174627,120.589856,3
2018,9,29,6,44,臺中市,北屯區,0,0,,8,,,50,,,,,,,,,,,,,,,44,,,,,B03,,,1,,2,,,23,44,1,5,,B03,24.179386,120.667673,3
2018,9,29,6,45,臺中市,中區,0,1,0,8,1,5,50,4,1,1,5,4,5,7,2,1,10,5,5,2,16,6,3,10,1,1,B03,7,6,1,8,2,2,  ,6,6,1,21,8,B03,24.14244,120.679503,2
2018,9,29,6,46,臺中市,沙鹿區,0,0,,8,,,50,,,,,,,,,,,,,,,,,,,,B03,,,1,,2,,,26,,1,4,,B03,24.24326,120.56571,3
2018,9,29,6,52,臺中市,太平區,0,1,0,8,1,5,50,3,1,1,5,4,5,7,4,4,10,5,5,2,12,23,3,10,1,1,A12,7,9,1,6,2,2,  ,23,23,1,10,4,A12,24.12471,120.71561,2
2018,9,29,7,18,臺中市,龍井區,0,2,0,8,1,5,70,4,2,1,5,4,5,7,2,1,1,4,1,1,13,42,2,1,1,1,B03,7,9,1,8,2,1,  ,42,42,1,21,8,B03,24.185362,120.587443,2
2018,9,29,7,25,臺中市,烏日區,0,1,0,8,1,5,50,4,1,1,5,4,5,7,1,1,10,5,5,2,13,23,3,10,1,1,C03,7,9,1,10,2,11,  ,23,23,1,21,8,C03,24.110488,120.625828,2
2018,9,29,7,28,臺中市,大肚區,0,2,0,8,1,5,30,14,9,1,5,4,5,7,4,4,5,5,5,2,13,23,2,8,1,1,C03,7,4,1,10,2,11,  ,23,23,1,21,8,C03,24.156011,120.569251,2
2018,9,29,7,30,臺中市,太平區,0,0,,8,,,40,,,,,,,,,,,,,,,,,,,,B03,,,1,,11,,,43,,1,21,,B03,24.133267,120.724593,3
2018,9,29,7,34,臺中市,西屯區,0,0,0,8,1,5,70,,,,,,,,,,,,,,,42,  ,  ,  ,  ,B03,  ,  ,1,  ,2,1,  ,42,42,1,22,  ,B03,24.18532,120.587741,3
2018,9,29,7,35,臺中市,梧棲區,0,2,0,8,1,5,50,4,1,1,5,4,5,7,4,4,10,5,5,2,16,6,2,9,1,1,C03,7,5,1,10,2,14,  ,6,6,1,20,9,C03,24.242152,120.558163,2
2018,9,29,7,36,臺中市,潭子區,0,0,0,8,1,5,40,4,1,1,5,4,5,7,2,1,10,5,5,2,16,6,3,10,1,1,C03,7,5,1,10,2,13,  ,6,6,1,22,8,C03,24.21622,120.700745,3
2018,9,29,7,37,臺中市,西區,0,0,,8,,,60,,,,,,,,,,,,,,,,,,,,B01,,,1,,2,,,26,,1,10,,B01,24.157084,120.659669,3
2018,9,29,7,51,臺中市,北區,0,3,0,8,1,5,50,14,9,1,5,4,5,7,4,4,1,4,5,2,13,23,2,9,1,1,C03,7,9,1,10,2,11,14,23,23,1,22,9,C03,24.173027,120.678098,2
2018,9,29,7,56,臺中市,烏日區,0,1,0,8,1,5,40,4,1,1,5,4,5,7,3,1,10,5,5,2,15,6,2,8,1,1,C04,7,9,1,10,2,12,  ,6,6,1,21,8,C04,24.098063,120.640395,2
2018,9,29,7,57,臺中市,沙鹿區,0,0,,8,,,50,,,,,,,,,,,,,,,19,,,,,B03,,,1,,2,,,26,19,1,  ,,B03,24.222296,120.554899,3
2018,9,29,8,5,臺中市,北屯區,0,1,0,8,1,5,50,3,8,1,5,4,5,7,4,4,5,4,4,2,16,8,3,10,1,1,B03,7,5,1,8,2,4,  ,8,8,1,21,5,B03,24.159451,120.727015,2
2018,9,29,8,12,臺中市,北屯區,0,0,0,8,,,50,,,,,,,,,,,,,,,25,  ,  ,  ,  ,C03,  ,  ,7,  ,11,  ,  ,25,25,2,22,  ,C03,24.171073,120.694195,3