年,月,日,時,分,縣市,區,死,受傷,2-30,天候,光線,道路類別,速限,道路型態,事故位置,路面鋪裝,路面狀態,路面缺陷,障礙物,視距,號誌種類,號誌動作,分向設施,快車道或一般車道間,快慢車道間,路面邊線,事故類型及型態,主要肇因,受傷程度,主要傷處,保護裝備,行動電話,當事者區分_類別,車輛用途,當事者行動狀態,駕駛資格情形,駕駛執照種類,飲酒情形,車輛撞擊部位最初,車輛撞擊部位其他,肇事因素個別,肇事因素主要,肇事逃逸,職業,旅次目的,車種,GPS座標_緯度,GPS座標_經度,事故類別
2018,9,29,8,25,臺中市,烏日區,0,1,0,8,1,5,50,3,2,1,5,4,5,7,4,4,5,5,5,1,17,23,2,9,1,1,C03,7,9,1,10,2,15,  ,23,23,1,21,8,C03,24.105128,120.640065,2
2018,9,29,8,28,臺中市,北區,0,1,0,8,1,5,50,5,1,1,5,4,5,7,2,1,10,5,5,2,16,26,3,10,1,1,B03,7,6,1,8,2,2,  ,26,26,1,5,8,B03,24.154788,120.686096,2
2018,9,29,8,30,臺中市,大雅區,0,2,0,8,1,5,50,3,1,1,5,4,5,7,4,4,10,5,5,2,17,6,2,8,1,1,C03,7,5,1,10,2,12,  ,6,6,1,22,9,C03,24.226292,120.648398,2
2018,9,29,8,34,臺中市,北屯區,0,0,,8,,,50,,,,,,,,,,,,,,,,,,,,B03,,,1,,2,,,23,,1,  ,,B03,24.174173,120.671148,3
2018,9,29,8,36,臺中市,西屯區,0,0,,8,,,50,,,,,,,,,,,,,,,,,,,,B03,,,1,,2,,,23,,1,  ,,B03,24.182625,120.623528,3
2018,9,29,8,50,臺中市,和平區,0,0,0,8,1,5,30,14,9,1,5,4,5,7,4,4,10,5,5,1,13,23,3,10,1,1,E05,7,3,1,7,5,1,  ,23,23,1,22,8,E05,24.1445,121.1445,3
2018,9,29,8,52,臺中市,西區,0,0,0,8,,,50,,,,,,,,,,,,,,,6,  ,  ,  ,  ,B02,  ,  ,1,  ,2,  ,  ,6,6,1,5,  ,B02,24.139282,120.658831,3
2018,9,29,8,52,臺中市,烏日區,0,1,0,8,1,5,70,3,1,1,5,4,5,7,2,1,10,5,5,2,16,25,3,10,1,1,B03,7,6,1,8,2,2,  ,25,25,1,21,8,B03,24.10331,120.611331,2
2018,9,29,8,55,臺中市,南區,0,0,,8,,,50,,,,,,,,,,,,,,,,,,,,B03,,,1,,2,,,23,,1,4,,B03,24.125837,120.658969,3
2018,9,29,8,55,臺中市,太平區,0,0,,8,,,50,,,,,,,,,,,,,,,,,,,,B03,,,1,,2,,,23,,1,21,,B03,24.111663,120.730756,3
2018,9,29,9,0,臺中市,豐原區,0,1,0,8,1,5,50,14,9,1,5,4,5,7,4,4,5,4,5,1,17,21,2,9,1,1,C03,7,9,1,10,8,11,  ,21,21,1,12,8,C03,24.255043,120.717103,2
2018,9,29,9,3,臺中市,北區,0,1,0,8,1,5,50,3,1,1,5,4,5,7,2,1,10,5,5,2,13,16,2,8,1,1,C03,7,9,1,10,2,11,  ,16,16,1,21,8,C03,24.149878,120.684085,2
2018,9,29,9,10,臺中市,北屯區,0,0,0,8,1,5,50,14,9,1,5,4,5,7,2,1,4,3,5,2,13,7,3,10,1,1,B03,7,7,1,8,2,8,  ,7,7,1,21,8,B03,24.165244,120.694741,3
2018,9,29,9,10,臺中市,西屯區,0,1,0,8,1,5,50,4,1,1,5,4,5,7,1,1,10,5,5,2,17,6,3,10,1,1,B03,7,6,1,8,2,6,  ,6,6,1,21,8,B03,24.178501,120.624199,2
2018,9,29,9,10,臺中市,大甲區,0,1,0,8,1,5,50,5,1,1,5,4,5,7,4,4,10,5,5,2,15,6,2,8,1,1,C03,7,9,1,10,2,11,  ,6,6,1,4,1,C03,24.339234,120.621635,2
2018,9,29,9,21,臺中市,潭子區,0,2,0,8,1,5,50,4,1,1,5,4,5,7,1,1,5,4,5,1,16,6,2,9,1,1,C03,7,5,3,18,2,11,  ,6,6,1,22,8,C03,24.210426,120.710355,2
2018,9,29,9,30,臺中市,清水區,0,3,0,8,1,5,50,4,1,1,5,4,5,7,4,4,5,5,5,2,17,6,3,10,1,1,B12,7,5,1,8,2,2,  ,6,6,1,21,5,B12,24.290688,120.564542,2
2018,9,29,9,33,臺中市,太平區,0,1,0,8,1,5,50,14,7,1,5,4,5,7,4,4,9,5,4,2,12,23,3,10,1,1,C03,7,4,1,10,2,12,  ,23,23,1,5,8,C03,24.146666,120.733611,2
2018,9,29,9,35,臺中市,北屯區,0,1,0,8,1,5,50,14,7,1,5,4,5,7,4,4,9,5,5,2,16,43,2,9,1,1,C03,7,9,1,10,2,15,  ,43,43,1,22,8,C03,24.181957,120.701808,2
2018,9,29,9,35,臺中市,烏日區,0,1,0,8,1,5,50,3,1,1,5,4,5,7,1,1,10,5,5,2,16,26,3,10,1,1,B03,7,6,1,8,2,2,  ,26,26,1,21,8,B03,24.112656,120.609146,2
2018,9,29,9,46,臺中市,北區,0,1,0,8,1,5,50,14,7,1,5,4,5,7,4,4,1,4,5,2,13,23,3,10,1,1,B03,7,9,1,8,2,1,  ,23,23,1,5,8,B03,24.163255,120.678171,2
2018,9,29,9,49,臺中市,北屯區,0,0,,8,,,40,,,,,,,,,,,,,,,,,,,,B12,,,1,,2,,,10,,1,5,,B12,24.175643,120.687183,3
2018,9,29,9,50,臺中市,北區,0,1,0,8,1,5,50,3,2,1,5,4,5,7,4,4,5,5,5,2,16,19,2,9,1,1,C03,7,1,1,10,2,14,  ,19,19,1,21,8,C03,24.158858,120.677622,2
2018,9,29,9,50,臺中市,南屯區,0,2,0,8,1,5,50,14,11,1,5,4,5,7,4,4,5,4,4,2,16,26,2,9,1,1,C03,7,11,1,10,2,12,  ,26,26,1,21,8,C03,24.139286,120.614739,2
2018,9,29,9,50,臺中市,太平區,0,1,0,8,1,5,50,3,1,1,5,4,5,7,4,4,5,5,4,1,16,6,3,10,1,1,B03,7,6,1,8,2,2,  ,6,6,1,21,1,B03,24.125572,120.734907,2
2018,9,29,9,54,臺中市,南區,0,1,0,8,1,5,50,4,1,1,5,4,5,7,4,4,10,5,5,2,15,6,2,9,1,1,C03,7,9,1,10,2,11,  ,6,6,1,21,8,C03,24.112828,120.649673,2
2018,9,29,9,57,臺中市,北屯區,0,1,0,8,1,5,50,4,1,1,5,4,5,7,4,4,5,5,4,2,16,10,3,10,1,1,B03,7,11,1,8,2,4,  ,10,10,1,22,8,B03,24.165992,120.708598,2
2018,9,29,9,59,臺中市,南屯區,0,0,0,8,,,40,,,,,,,,4,,,,,,,23,3,  ,  ,  ,B12,  ,  ,1,  ,2,  ,  ,23,23,1,21,  ,B12,24.149664,120.612583,3
2018,9,29,10,7,臺中市,中區,0,0,,8,,,50,,,,,,,,,,,,,,,,,,,,A04,,,1,,2,,,16,,1,5,,A04,24.14303,120.680188,4
2018,9,29,10,8,臺中市,南區,0,0,0,8,,,50,,,,,,,,,,,,,,,23,3,  ,  ,  ,B03,  ,  ,1,  ,2,  ,  ,23,23,  ,4,  ,B03,24.127693,120.669753,3
2018,9,29,10,10,臺中市,東區,0,0,0,8,,,50,,,,,,,,,,,,,,,9,  ,  ,  ,  ,B03,  ,  ,1,  ,2,  ,  ,9,9,1,  ,  ,B03,24.140766,120.710158,3
2018,9,29,10,12,臺中市,南區,0,0,,8,,,50,,,,,,,,,,,,,,,,,,,,B03,,,1,,2,,,26,,1,4,,B03,24.111725,120.650176,3
2018,9,29,10,12,臺中市,西屯區,0,0,0,8,1,5,50,,,,,,,,,,,,,,,12,  ,  ,  ,  ,B03,  ,  ,1,  ,2,7,  ,12,12,1,22,  ,B03,24.182431,120.642494,3
2018,9,29,10,16,臺中市,太平區,0,1,0,8,1,5,50,3,1,1,5,4,5,7,3,1,10,5,5,2,16,6,3,10,1,1,B03,7,5,1,8,2,1,  ,6,6,1,9,6,B03,24.15278,120.726112,2
2018,9,29,10,20,臺中市,西屯區,0,1,0,8,1,5,50,14,7,1,5,4,5,7,4,4,9,4,4,2,17,16,2,9,1,1,C03,7,9,1,10,2,11,  ,16,16,1,22,8,C03,24.18432,120.626861,2
2018,9,29,10,23,臺中市,西屯區,0,0,,8,,,50,,,,,,,,,,,,,,,,,,,,B12,,,1,,2,,,6,,1,  ,,B12,24.174431,120.658861,3
2018,9,29,10,24,臺中市,西屯區,0,1,0,8,1,5,50,4,1,1,5,4,5,7,1,1,10,5,5,2,18,42,2,9,1,1,C03,7,9,1,10,2,14,  ,42,42,1,22,9,C03,24.198978,120.655315,2
2018,9,29,10,25,臺中市,南屯區,0,1,0,8,1,5,50,4,2,1,5,4,5,7,1,1,5,4,4,2,12,17,3,10,1,1,B03,7,9,1,8,2,2,  ,17,17,1,22,9,B03,24.125238,120.631523,2
2018,9,29,10,29,臺中市,沙鹿區,0,1,0,8,1,5,50,12,7,1,5,4,5,5,4,4,4,5,4,2,16,42,3,10,1,1,B03,7,9,1,8,2,2,  ,42,42,1,5,9,B03,24.238478,120.571715,2
2018,9,29,10,36,臺中市,北區,0,2,0,8,1,5,50,4,1,1,5,4,5,7,1,1,10,5,5,2,17,25,3,10,3,4,B03,7,9,1,8,2,15,15,25,25,1,22,9,B03,24.157236,120.676311,2
2018,9,29,10,37,臺中市,清水區,0,1,0,8,1,5,50,3,1,1,5,4,5,7,4,4,5,5,5,1,16,6,2,1,4,1,F01,7,5,8,20,2,16,  ,6,6,1,15,8,F01,24.262325,120.552765,2
2018,9,29,10,48,臺中市,南區,0,1,0,8,1,5,50,5,1,1,5,4,5,7,1,1,10,5,5,2,17,42,3,10,1,1,B01,7,9,1,3,2,2,  ,42,42,1,21,8,B01,24.126243,120.677283,2
2018,9,29,10,50,臺中市,西屯區,0,2,0,8,1,5,50,4,1,1,5,4,5,7,1,1,10,5,5,2,17,43,2,9,1,1,C03,7,9,1,10,2,13,  ,43,43,1,21,8,C03,24.187485,120.640543,2
2018,9,29,10,51,臺中市,龍井區,0,1,0,8,1,5,50,4,1,1,5,4,5,7,4,4,10,5,5,2,15,6,3,10,1,1,C03,7,9,1,10,2,12,  ,6,6,1,3,5,C03,24.210324,120.541249,2
2018,9,29,10,53,臺中市,龍井區,0,2,0,8,1,5,50,4,1,1,5,4,5,7,4,4,10,5,5,2,3,14,2,9,1,1,C03,7,9,1,10,2,11,  ,14,14,1,21,8,C03,24.180743,120.590391,2
2018,9,29,11,0,臺中市,南屯區,0,0,0,8,,,50,,,,,,,,4,,,,,,,23,3,  ,  ,  ,B03,  ,  ,1,  ,2,  ,  ,23,23,1,21,  ,B03,24.135997,120.611789,3
2018,9,29,11,0,臺中市,太平區,0,0,,8,,,50,,,,,,,,,,,,,,,,,,,,B12,,,1,,2,,,6,,1,  ,,B12,24.150249,120.710692,3
2018,9,29,11,10,臺中市,清水區,,,,8,,,50,,,,,,,,,,,,,,,,,,,,C03,,,1,,2,,,42,,1,20,,C03,24.272045,120.57506,3
2018,9,29,11,15,臺中市,東區,0,0,0,8,1,5,50,14,7,1,5,4,5,7,4,4,9,5,4,2,16,10,3,10,1,1,B03,7,11,1,8,2,8,  ,10,10,1,5,8,B03,24.133638,120.692365,3
2018,9,29,11,15,臺中市,沙鹿區,0,0,,8,,,50,,,,,,,,,,,,,,,,,,,,B03,,,1,,2,,,26,,1,  ,,B03,24.235321,120.558832,3
2018,9,29,11,17,臺中市,北屯區,0,3,0,8,1,5,50,3,1,1,5,4,5,7,3,1,10,5,5,2,16,10,2,9,1,1,C03,7,9,1,10,2,11,12,23,10,1,5,8,C03,24.164671,120.699586,2
2018,9,29,11,20,臺中市,南屯區,0,1,0,8,1,5,50,4,1,1,5,4,5,7,2,1,10,5,5,2,16,25,2,9,1,1,C03,7,9,1,10,2,14,14,25,25,1,5,1,C03,24.130566,120.644509,2
2018,9,29,11,26,臺中市,大肚區,0,0,,8,,,70,,,,,,,,,,,,,,,,,,,,A11,,,1,,2,,,7,,1,10,,A11,24.142335,120.548913,3
2018,9,29,11,28,臺中市,西屯區,0,0,,8,,,40,,,,,,,,,,,,,,,,,,,,B03,,,1,,2,,,42,,1,22,,B03,24.16854,120.639545,3
2018,9,29,11,30,臺中市,沙鹿區,0,1,0,8,1,5,40,3,1,1,5,4,5,7,4,4,10,5,5,2,15,6,2,9,1,1,C03,7,9,1,10,2,12,  ,6,6,1,18,5,C03,24.225341,120.572979,2
2018,9,29,11,32,臺中市,西屯區,0,0,,8,,,40,,,,,,,,,,,,,,,,,,,,B03,,,1,,2,,,23,,1,  ,,B03,24.174253,120.658818,3
2018,9,29,11,33,臺中市,北屯區,0,0,,8,,,40,,,,,,,,,,,,,,,,,,,,B03,,,1,,2,,,12,,1,  ,,B03,24.181978,120.688439,3
2018,9,29,11,37,臺中市,中區,0,2,0,8,1,5,50,3,1,1,5,4,5,7,4,4,10,4,5,2,17,18,2,9,1,1,C03,7,3,6,18,2,15,  ,18,18,1,5,5,C03,24.142582,120.682497,2
2018,9,29,11,39,臺中市,南屯區,0,0,,8,,,50,,,,,,,,,,,,,,,,,,,,B03,,,1,,2,,,12,,1,22,,B03,24.124247,120.633271,3
2018,9,29,11,40,臺中市,后里區,0,0,0,8,1,5,50,14,9,1,5,4,5,7,4,4,5,5,5,2,17,42,3,10,1,1,B12,7,9,1,8,2,2,  ,42,42,1,21,8,B12,24.307452,120.719755,3
2018,9,29,11,42,臺中市,太平區,0,2,0,8,1,5,40,14,9,1,5,4,5,7,4,4,10,5,5,2,16,6,2,7,1,1,C03,7,1,1,10,2,11,  ,6,6,1,9,8,C03,24.151014,120.712076,2
2018,9,29,11,43,臺中市,西屯區,0,0,0,8,1,5,50,14,8,1,5,4,5,7,4,4,9,4,4,2,12,19,3,10,3,4,B03,7,1,1,8,9,5,  ,19,19,2,22,9,B03,24.168582,120.658278,3
2018,9,29,11,43,臺中市,潭子區,0,0,,8,,,50,,,,,,,,,,,,,,,,,,,,B12,,,1,,2,,,23,,1,  ,,B12,24.196937,120.696637,3
2018,9,29,11,54,臺中市,西區,0,1,0,8,1,5,50,4,1,1,5,4,5,7,2,1,10,5,5,2,13,23,2,8,1,1,C03,7,9,1,10,2,11,  ,23,23,1,5,5,C03,24.138747,120.669406,2
2018,9,29,12,0,臺中市,北區,0,1,0,8,1,5,50,4,1,1,5,4,5,7,3,1,10,5,5,2,15,6,3,10,1,1,B03,7,9,1,8,2,4,  ,6,6,1,22,9,B03,24.157528,120.673621,2
2018,9,29,12,0,臺中市,大甲區,0,1,0,8,1,5,40,4,1,1,5,4,5,7,1,1,10,5,5,2,16,6,3,10,1,4,B03,7,5,1,8,2,5,  ,6,6,1,20,8,B03,24.348523,120.619293,2
2018,9,29,12,6,臺中市,西區,0,1,0,8,1,5,50,5,1,1,5,4,5,7,2,1,10,5,5,2,16,23,2,9,1,1,C03,7,9,1,9,2,11,  ,23,23,1,5,8,C03,24.132044,120.668761,2
2018,9,29,12,12,臺中市,南區,0,2,0,8,1,5,50,3,1,1,5,4,5,7,4,4,10,5,5,2,16,10,2,7,1,1,B03,7,11,1,8,2,4,  ,10,10,1,4,8,B03,24.124147,120.676373,2
2018,9,29,12,16,臺中市,大里區,0,0,,,,,,,,,,,,,,,,,,,,,,,,,,,,,,,,,,,,,,,,,3
2018,9,29,12,29,臺中市,太平區,0,2,0,8,1,5,50,3,1,1,5,4,5,7,4,4,5,5,5,1,16,23,2,9,1,1,C03,7,9,1,10,2,11,  ,23,23,1,18,1,C03,24.121914,120.718944,2
2018,9,29,12,36,臺中市,北區,0,1,0,8,1,5,50,4,1,1,5,4,5,7,4,4,10,5,5,2,15,6,2,9,1,1,C03,7,9,1,10,2,14,  ,6,6,1,5,8,C03,24.165639,120.667535,2
2018,9,29,12,39,臺中市,西屯區,0,1,0,8,1,5,40,14,8,1,5,4,5,7,4,4,1,3,4,2,17,19,3,10,1,1,B03,7,1,1,8,2,4,  ,19,19,1,22,8,B03,24.208351,120.65136,2
2018,9,29,12,42,臺中市,西屯區,0,0,0,8,1,5,40,,,,,,,,,,,,,,,6,  ,  ,  ,  ,B03,  ,  ,1,  ,2,5,  ,6,6,1,22,  ,B03,24.178764,120.618794,3
2018,9,29,12,53,臺中市,西屯區,0,1,0,8,1,5,40,4,1,1,5,4,5,7,1,1,5,5,4,2,16,8,2,8,1,1,C03,7,5,1,10,2,13,  ,8,8,1,21,8,C03,24.165399,120.661928,2
2018,9,29,12,55,臺中市,西區,0,1,0,8,1,5,50,4,1,1,5,4,5,7,1,1,10,5,5,2,16,6,3,10,1,1,B03,7,5,1,8,2,6,  ,6,6,1,5,5,B03,24.153601,120.653041,2
2018,9,29,13,0,臺中市,南屯區,0,0,0,8,1,5,50,4,1,1,5,4,5,7,2,1,10,5,5,2,16,26,3,10,1,1,B03,7,6,1,8,2,6,6,26,26,1,5,5,B03,24.140007,120.647749,3
2018,9,29,13,9,臺中市,烏日區,0,1,0,8,1,5,50,3,1,1,5,4,5,7,4,4,10,5,5,2,13,23,2,9,3,4,C03,7,9,3,18,2,11,  ,23,23,1,21,8,C03,24.138118,120.586456,2
2018,9,29,13,24,臺中市,北區,0,2,0,8,1,5,40,14,20,2,5,4,5,7,4,4,10,5,5,2,2,23,2,7,4,5,F01,7,9,8,20,2,16,  ,23,23,1,22,9,F01,24.155351,120.685887,2
2018,9,29,13,24,臺中市,西屯區,0,0,,8,,,50,,,,,,,,,,,,,,,,,,,,C03,,,1,,2,,,19,,1,21,,C03,24.180868,120.616469,3
2018,9,29,13,27,臺中市,南屯區,0,0,,8,,,50,,,,,,,,,,,,,,,,,,,,B12,,,1,,2,,,12,,1,22,,B12,24.150787,120.646269,3
2018,9,29,13,27,臺中市,北屯區,0,2,0,8,1,5,50,3,9,1,5,4,5,7,4,4,8,3,5,2,12,23,2,9,1,1,C03,7,9,1,10,2,11,  ,23,23,1,21,8,C03,24.185681,120.702321,2
2018,9,29,13,36,臺中市,西區,0,0,,8,,,50,,,,,,,,,,,,,,,,,,,,B03,,,1,,2,,,12,,1,  ,,B03,24.136934,120.674719,3
2018,9,29,13,45,臺中市,西區,0,1,0,8,1,5,50,4,1,1,5,4,5,7,1,1,10,5,5,2,17,43,3,10,1,1,C03,7,5,1,10,2,15,  ,43,43,1,5,5,C03,24.142959,120.660186,2
2018,9,29,13,45,臺中市,北屯區,0,0,,8,,,50,,,,,,,,,,,,,,,,,,,,B03,,,1,,2,,,23,,1,21,,B03,24.164944,120.697563,3
2018,9,29,13,50,臺中市,潭子區,0,1,0,8,1,5,40,3,2,1,5,4,5,7,4,4,10,5,5,2,11,23,3,10,1,1,C03,7,9,1,10,2,11,  ,23,23,1,22,8,C03,24.229231,120.710313,2
2018,9,29,13,51,臺中市,西屯區,0,2,0,8,1,5,50,4,2,1,5,4,5,7,2,1,1,4,4,2,12,17,2,9,1,1,C03,7,9,1,10,2,12,  ,17,17,1,22,8,C03,24.176092,120.655198,2
2018,9,29,13,53,臺中市,龍井區,0,1,0,8,1,5,50,3,2,1,5,4,5,7,1,1,5,5,5,1,16,25,3,10,1,1,B03,7,9,6,18,2,8,  ,25,25,1,22,8,B03,24.191213,120.587681,2
2018,9,29,13,55,臺中市,霧峰區,0,1,0,8,1,5,50,4,1,1,5,4,5,7,4,4,10,5,5,2,16,27,3,10,1,1,B03,7,6,1,8,2,5,  ,27,27,1,5,8,B03,24.076426,120.707785,2
2018,9,29,13,58,臺中市,西屯區,0,1,0,8,1,5,50,14,7,1,5,4,5,7,4,4,5,4,4,2,13,16,2,9,1,1,C03,7,9,1,10,2,11,  ,16,16,1,22,8,C03,24.20822,120.651266,2
2018,9,29,14,0,臺中市,西屯區,0,0,0,8,,,40,,,,,,,,,,,,,,,16,  ,  ,  ,  ,B01,  ,  ,1,  ,2,  ,  ,16,16,1,  ,  ,B01,24.158978,120.656818,3
2018,9,29,14,9,臺中市,南區,0,0,0,8,,,50,,,,,,,,,,,,,,,,3,  ,  ,  ,B12,  ,  ,1,  ,2,  ,  ,23,  ,1,21,  ,B12,24.114755,120.670378,3
2018,9,29,14,10,臺中市,南屯區,0,0,,8,,,40,,,,,,,,,,,,,,,,,,,,C03,,,1,,11,,,38,,1,22,,C03,24.138904,120.607915,3
2018,9,29,14,14,臺中市,大雅區,0,2,0,8,2,5,50,14,9,1,5,4,5,7,4,4,9,5,5,1,17,10,3,10,1,1,B03,7,11,1,8,2,4,  ,10,10,1,21,8,B03,24.243264,120.657992,2
2018,9,29,14,18,臺中市,南屯區,0,1,0,8,1,5,40,14,9,1,5,4,5,7,4,4,10,5,5,2,26,23,3,10,1,1,B03,7,9,1,8,2,2,  ,23,23,1,21,8,B03,24.139846,120.621108,2
2018,9,29,14,18,臺中市,西屯區,0,3,0,8,1,5,40,3,9,1,5,4,5,7,4,4,10,5,5,2,17,43,2,9,1,1,C03,7,9,1,10,2,15,  ,43,43,1,21,8,C03,24.192495,120.598836,2
2018,9,29,14,20,臺中市,西屯區,0,1,0,8,1,5,40,14,8,1,5,4,5,7,4,4,1,4,4,2,17,43,3,10,3,4,C03,7,15,7,19,11,15,  ,43,43,1,22,9,C03,24.170456,120.645215,2
2018,9,29,14,21,臺中市,北區,0,2,0,8,1,5,50,4,1,1,5,4,5,7,4,4,10,5,5,2,16,7,2,9,1,1,C03,7,10,1,10,2,11,  ,7,7,1,5,8,C03,24.155268,120.669079,2
2018,9,29,14,22,臺中市,東勢區,0,0,,8,,,60,,,,,,,,,,,,,,,23,,,,,B03,,,1,,2,,,44,23,1,22,,B03,24.255006,120.82541,3
2018,9,29,14,23,臺中市,中區,0,0,,8,,,50,,,,,,,,,,,,,,,,,,,,B03,,,1,,2,,,42,,1,21,,B03,24.142298,120.684338,4
2018,9,29,14,23,臺中市,南區,0,0,0,8,,,50,,,,,,,,,,,,,,,23,3,  ,  ,  ,B02,  ,  ,1,  ,2,  ,  ,23,23,  ,22,  ,B02,24.113005,120.670063,3
2018,9,29,14,26,臺中市,大雅區,0,1,0,8,1,5,40,4,1,1,5,4,5,7,4,4,10,5,5,2,17,6,2,8,1,1,C03,7,5,1,10,2,11,  ,6,6,1,22,9,C03,24.243899,120.649442,2
2018,9,29,14,30,臺中市,清水區,0,2,0,8,1,5,40,11,9,1,5,4,5,7,4,4,10,5,5,2,18,23,2,9,1,1,C03,7,9,1,10,2,14,  ,23,23,1,18,5,C03,24.303634,120.62551,2
2018,9,29,14,35,臺中市,南區,0,2,0,8,1,5,50,4,1,1,5,4,5,7,4,4,10,5,5,2,15,6,2,8,1,1,C03,7,9,1,10,2,12,  ,6,6,1,4,8,C03,24.12846,120.648457,2
2018,9,29,14,36,臺中市,大里區,0,0,,,,,,,,,,,,,,,,,,,,,,,,,,,,,,,,,,,,,,,,,3
2018,9,29,14,38,臺中市,東區,0,0,0,8,1,5,50,4,2,1,5,4,5,7,1,1,10,5,5,2,14,12,3,10,1,1,B02,7,2,1,8,2,3,  ,12,12,1,5,8,B02,24.135181,120.703966,3
2018,9,29,14,39,臺中市,東勢區,0,1,0,8,1,5,50,4,1,1,5,4,5,7,4,4,10,5,5,2,16,23,3,10,1,1,C03,7,4,1,10,3,11,  ,23,23,1,21,8,C03,24.252313,120.828201,2
2018,9,29,14,40,臺中市,太平區,0,2,0,8,1,5,50,3,2,1,5,4,5,7,4,4,5,5,5,1,16,26,2,9,4,1,F01,7,11,8,20,2,16,  ,26,26,1,14,5,F01,24.122791,120.711045,2
2018,9,29,14,40,臺中市,潭子區,0,0,0,8,1,6,40,12,1,1,5,4,5,2,4,4,4,5,5,1,15,67,3,10,1,1,B03,7,9,1,8,2,1,  ,67,67,1,22,3,B03,24.200124,120.724792,3
2018,9,29,14,44,臺中市,太平區,0,0,,8,,,50,,,,,,,,,,,,,,,,,,,,C03,,,1,,2,,,25,,1,21,,C03,24.156835,120.717484,3
2018,9,29,14,50,臺中市,太平區,0,1,0,8,1,5,50,4,1,1,5,4,5,7,1,1,10,5,5,1,16,6,3,10,1,1,B12,7,6,1,8,2,2,  ,6,6,1,21,8,B12,24.149845,120.711499,2
2018,9,29,14,50,臺中市,大甲區,0,1,0,8,1,5,50,4,1,1,4,4,5,7,1,1,10,5,5,1,15,25,2,9,1,1,C03,7,9,1,10,2,11,  ,25,25,1,22,8,C03,24.346005,120.61959,2
2018,9,29,14,51,臺中市,大肚區,0,0,,8,,,70,,,,,,,,,,,,,,,,,,,,B03,,,1,,2,,,23,,1,21,,B03,24.126225,120.559845,3
2018,9,29,14,53,臺中市,南區,0,0,0,8,,,50,,,,,,,,,,,,,,,,  ,  ,  ,  ,   ,  ,  ,  ,  ,  ,  ,  ,  ,  ,  ,  ,  ,   ,24.114544,120.654398,3
2018,9,29,15,0,臺中市,北屯區,0,1,0,8,1,5,50,4,1,1,5,4,5,7,1,1,10,5,5,2,16,6,2,9,1,1,C03,7,9,1,10,2,11,  ,13,6,1,22,8,C03,24.18555,120.686159,2
2018,9,29,15,0,臺中市,烏日區,0,0,,,,,,,,,,,,,,,,,,,,,,,,,B12,,,1,,2,,,23,,1,21,,B12,24.105298,120.623973,3
2018,9,29,15,1,臺中市,西區,0,2,0,8,1,5,50,4,1,1,5,4,5,7,4,4,10,5,5,2,15,6,3,10,1,1,B03,7,9,1,8,2,1,  ,6,6,1,5,5,B03,24.152327,120.652018,2
2018,9,29,15,2,臺中市,烏日區,0,1,0,8,1,5,60,3,2,1,5,4,3,7,1,1,1,4,4,1,12,7,2,9,1,1,C03,7,7,1,10,2,14,  ,7,7,1,21,8,C03,24.107331,120.636216,2
2018,9,29,15,4,臺中市,西屯區,0,0,0,8,,,50,,,,,,,,,,,,,,,23,  ,  ,  ,  ,B03,  ,  ,1,  ,2,  ,  ,23,23,1,21,  ,B03,24.168606,120.656868,3
2018,9,29,15,4,臺中市,沙鹿區,0,1,0,8,1,5,40,3,2,1,5,4,5,7,1,1,3,2,3,2,17,23,2,9,1,1,C03,7,9,1,10,2,12,  ,23,23,1,18,5,C03,24.223493,120.577926,2
2018,9,29,15,7,臺中市,西屯區,0,0,,8,,,50,,,,,,,,,,,,,,,,,,,,B03,,,1,,2,,,23,,1,22,,B03,24.160576,120.650843,3
2018,9,29,15,7,臺中市,大雅區,0,1,0,8,1,5,60,3,1,1,5,4,5,7,1,1,1,4,4,1,17,9,3,10,1,1,B03,7,6,1,8,2,2,  ,9,9,1,21,8,B03,24.229098,120.642241,2
2018,9,29,15,9,臺中市,潭子區,0,0,,8,,,60,,,,,,,,,,,,,,,,,,,,B03,,,1,,2,,,23,,1,22,,B03,24.210674,120.686699,3
2018,9,29,15,10,臺中市,西屯區,0,1,0,8,1,5,50,14,9,1,5,4,5,7,4,4,9,5,5,2,17,23,2,9,3,4,C03,7,9,1,10,2,14,  ,23,23,1,22,9,C03,24.183661,120.593334,2
2018,9,29,15,13,臺中市,西區,0,0,,8,,,50,,,,,,,,,,,,,,,,,,,,B03,,,1,,2,,,23,,1,5,,B03,24.14919,120.675048,4
2018,9,29,15,14,臺中市,西屯區,0,1,0,8,1,5,50,14,9,1,5,4,5,7,4,4,9,5,5,2,17,23,2,9,3,4,C03,7,9,1,10,2,14,  ,23,23,1,22,9,C03,24.184835,120.594039,2
2018,9,29,15,14,臺中市,豐原區,0,0,,,,,,,,,,,,,,,,,,,,,,,,,B03,,,1,,2,,,12,,  ,  ,,B03,24.240841,120.720574,3
2018,9,29,15,15,臺中市,中區,0,2,0,8,1,5,50,4,1,1,5,4,5,7,1,1,10,5,5,2,16,6,3,10,1,1,B03,7,6,1,8,2,5,  ,6,6,1,5,5,B03,24.143268,120.678605,2