年,月,日,時,分,縣市,區,死,受傷,2-30,天候,光線,道路類別,速限,道路型態,事故位置,路面鋪裝,路面狀態,路面缺陷,障礙物,視距,號誌種類,號誌動作,分向設施,快車道或一般車道間,快慢車道間,路面邊線,事故類型及型態,主要肇因,受傷程度,主要傷處,保護裝備,行動電話,當事者區分_類別,車輛用途,當事者行動狀態,駕駛資格情形,駕駛執照種類,飲酒情形,車輛撞擊部位最初,車輛撞擊部位其他,肇事因素個別,肇事因素主要,肇事逃逸,職業,旅次目的,車種,GPS座標_緯度,GPS座標_經度,事故類別
2018,9,29,15,15,臺中市,大雅區,0,2,0,8,1,5,50,4,1,1,5,4,5,7,3,1,10,5,4,2,15,6,2,9,1,1,C03,7,9,1,10,2,14,  ,6,6,1,21,8,C03,24.23946,120.667188,2
2018,9,29,15,16,臺中市,西區,0,0,0,8,,,50,,,,,,,,,,,,,,,6,  ,  ,  ,  ,B03,  ,  ,1,  ,2,  ,  ,6,6,1,5,  ,B03,24.146763,120.649898,3
2018,9,29,15,20,臺中市,西區,0,0,,8,,,50,,,,,,,,,,,,,,,,,,,,B12,,,1,,2,,,6,,1,21,,B12,24.149444,120.66829,3
2018,9,29,15,30,臺中市,西屯區,0,0,0,8,,,50,,,,,,,,,,,,,,,23,  ,  ,  ,  ,B12,  ,  ,1,  ,2,  ,  ,23,23,1,  ,  ,B12,24.174301,120.647764,3
2018,9,29,15,30,臺中市,梧棲區,0,1,0,8,1,5,50,4,2,1,5,4,5,7,1,1,5,5,5,1,13,23,2,9,1,1,C03,7,9,1,10,2,11,  ,23,23,1,5,8,C03,24.242098,120.537065,2
2018,9,29,15,32,臺中市,大雅區,0,1,0,8,1,5,40,14,12,1,5,1,5,7,4,4,1,5,5,2,17,6,3,10,1,1,B03,7,6,1,8,2,8,  ,6,6,1,22,9,B03,24.222148,120.646735,2
2018,9,29,15,35,臺中市,北區,0,1,0,8,1,5,50,3,1,1,5,4,5,7,4,4,10,5,5,2,16,7,3,10,1,1,B03,7,8,1,8,2,6,  ,7,7,1,22,8,B03,24.167477,120.67299,2
2018,9,29,15,37,臺中市,北區,0,1,0,8,1,5,50,4,2,1,5,4,5,7,2,1,5,4,5,2,18,23,2,9,1,1,C03,7,9,1,10,2,15,  ,23,23,1,5,1,C03,24.167099,120.684839,2
2018,9,29,15,37,臺中市,西屯區,0,2,0,8,1,5,40,3,1,1,5,4,5,7,1,1,10,5,5,2,16,6,3,10,1,1,B03,7,5,1,8,2,1,  ,6,6,1,11,8,B03,24.166295,120.663948,2
2018,9,29,15,40,臺中市,西區,0,0,,8,,,50,,,,,,,,,,,,,,,,,,,,B03,,,1,,2,,,6,,1,  ,,B03,24.147863,120.668203,3
2018,9,29,15,45,臺中市,北屯區,0,0,,8,,,50,,,,,,,,,,,,,,,,,,,,B12,,,1,,2,,,23,,1,4,,B12,24.20076,120.665801,3
2018,9,29,15,50,臺中市,南屯區,0,0,,8,,,50,,,,,,,,,,,,,,,,,,,,B12,,,1,,2,,,23,,1,22,,B12,24.139953,120.646591,3
2018,9,29,16,1,臺中市,西屯區,0,0,,8,,,50,,,,,,,,,,,,,,,,,,,,B03,,,1,,2,,,23,,1,21,,B03,24.169591,120.63467,3
2018,9,29,16,7,臺中市,北區,0,0,0,8,,,50,,,,,,,,,,,,,,,,3,  ,  ,  ,B03,  ,  ,1,  ,2,  ,  ,25,  ,1,21,  ,B03,24.146191,120.686193,3
2018,9,29,16,9,臺中市,龍井區,0,1,0,8,1,5,50,4,1,1,5,4,5,7,4,4,10,5,5,2,15,6,2,8,1,1,C03,7,9,1,10,2,12,  ,6,6,1,20,8,C03,24.177205,120.545533,2
2018,9,29,16,10,臺中市,南屯區,0,0,0,8,1,5,50,4,1,1,5,4,5,7,2,1,10,5,5,2,16,25,3,10,1,1,B12,7,6,1,8,2,5,5,25,25,1,3,3,B12,24.15,120.620861,3
2018,9,29,16,19,臺中市,后里區,0,0,,8,,,50,,,,,,,,,,,,,,,,,,,,B03,,,1,,2,,,16,,1,4,,B03,24.301251,120.710531,3
2018,9,29,16,20,臺中市,北屯區,0,0,0,8,,,50,,,,,,,,,,,,,,,7,  ,  ,  ,  ,B03,  ,  ,1,  ,2,  ,  ,7,7,1,20,  ,B03,24.18246,120.690608,3
2018,9,29,16,22,臺中市,后里區,0,0,0,8,,,50,,,,,,,,,,,,,,,23,  ,  ,  ,  ,B12,  ,  ,1,  ,2,  ,  ,23,23,1,22,  ,B12,24.305329,120.720221,3
2018,9,29,16,23,臺中市,北屯區,0,0,,8,,,50,,,,,,,,,,,,,,,,,,,,C03,,,1,,2,,,6,,1,21,,C03,24.171986,120.722391,3
2018,9,29,16,25,臺中市,潭子區,0,1,0,8,1,5,50,3,2,1,5,4,5,7,1,1,5,4,5,2,16,7,2,9,1,1,C03,7,7,4,11,2,14,  ,7,7,1,22,8,C03,24.211082,120.707334,2
2018,9,29,16,26,臺中市,西屯區,0,0,,8,,,50,,,,,,,,,,,,,,,,,,,,B03,,,1,,2,,,16,,1,22,,B03,24.172391,120.658523,3
2018,9,29,16,27,臺中市,北區,0,1,0,8,1,5,50,3,1,1,5,4,5,7,1,1,10,5,5,2,16,25,3,10,1,1,C03,7,5,1,10,2,12,  ,25,25,1,22,8,C03,24.15361,120.689113,2
2018,9,29,16,32,臺中市,西屯區,0,0,0,8,,,30,,,,,,,,,,,,,,,23,  ,  ,  ,  ,B03,  ,  ,1,  ,2,  ,  ,23,23,1,  ,  ,B03,24.171136,120.659889,3
2018,9,29,16,35,臺中市,清水區,0,0,0,8,1,5,70,14,1,1,5,4,5,7,1,1,1,4,4,1,13,23,3,10,1,1,B02,7,9,1,8,2,1,  ,23,23,1,5,1,B02,24.301363,120.5955,3
2018,9,29,16,35,臺中市,清水區,0,2,0,8,1,5,60,3,1,1,5,4,5,7,1,1,10,4,4,2,16,25,3,10,1,1,B03,7,6,1,8,2,6,  ,25,25,1,5,5,B03,24.275384,120.547384,2
2018,9,29,16,36,臺中市,西屯區,0,1,0,8,1,5,40,14,9,1,5,4,5,7,4,4,10,5,5,2,16,40,3,10,1,1,B12,7,14,1,8,2,4,  ,40,40,1,11,8,B12,24.167317,120.644373,2
2018,9,29,16,36,臺中市,沙鹿區,0,1,0,8,1,5,50,4,1,1,5,4,5,7,1,1,10,5,5,2,17,42,2,9,1,1,C03,7,9,1,10,2,14,  ,16,42,1,21,5,C03,24.23475,120.5588,2
2018,9,29,16,44,臺中市,南屯區,0,0,0,8,1,5,50,3,1,1,5,4,5,7,4,4,10,,5,2,14,12,3,10,1,1,B12,7,2,1,8,2,6,  ,12,12,1,22,8,B12,24.13857,120.607285,3
2018,9,29,16,45,臺中市,太平區,0,0,,8,,,50,,,,,,,,,,,,,,,,,,,,B03,,,1,,2,,,26,,1,21,,B03,24.131854,120.716772,3
2018,9,29,16,45,臺中市,烏日區,0,1,0,8,1,5,50,3,1,1,5,4,5,7,4,4,10,5,5,2,16,6,2,9,1,1,C03,7,6,1,10,2,14,  ,6,6,1,20,8,C03,24.109106,120.642123,2
2018,9,29,16,46,臺中市,西屯區,0,1,0,8,1,5,50,3,1,1,5,4,5,7,1,1,10,5,5,2,13,16,3,10,1,1,C03,7,15,1,10,2,13,  ,44,16,1,21,8,C03,24.175181,120.646481,2
2018,9,29,16,49,臺中市,北區,0,1,0,8,1,5,40,3,2,4,5,4,5,7,4,4,10,5,5,2,13,16,2,4,1,1,C03,7,9,1,10,2,11,  ,16,16,1,5,9,C03,24.153457,120.684525,2
2018,9,29,16,52,臺中市,南屯區,0,1,0,8,1,5,50,14,9,1,5,4,5,7,4,4,5,4,5,2,16,26,3,10,1,1,B03,7,5,1,8,2,5,  ,26,26,1,21,8,B03,24.153386,120.649605,2
2018,9,29,17,0,臺中市,南屯區,0,1,0,8,1,5,40,3,8,1,5,4,5,7,4,4,1,5,1,2,16,6,3,10,1,1,C03,7,6,1,10,2,13,  ,6,6,1,22,9,C03,24.149468,120.613349,2
2018,9,29,17,10,臺中市,太平區,,,,8,,,50,,,,,,,,,,,,,,,,,,,,B03,,,1,,2,,,23,,1,21,,B03,24.140293,120.722871,3
2018,9,29,17,12,臺中市,新社區,0,1,0,8,1,5,50,3,1,1,5,4,5,7,4,4,10,5,5,2,16,23,2,9,1,1,C03,7,4,2,18,2,11,  ,23,23,1,21,8,C03,24.229875,120.791896,2
2018,9,29,17,14,臺中市,東勢區,0,1,0,8,1,5,40,3,1,1,5,4,5,7,4,4,5,5,5,1,16,6,3,10,1,1,B03,7,5,1,8,2,1,  ,6,6,1,22,8,B03,24.25509,120.826292,2
2018,9,29,17,15,臺中市,大肚區,0,1,0,8,1,5,50,3,1,1,5,4,5,7,4,4,1,5,5,2,16,6,3,10,1,1,C03,7,6,4,8,11,13,  ,6,6,2,21,8,C03,24.118705,120.577078,2
2018,9,29,17,15,臺中市,潭子區,0,3,0,8,1,5,50,3,2,1,5,4,5,6,1,1,1,4,4,1,13,23,2,9,1,1,C03,7,9,1,10,2,11,  ,23,23,1,22,8,C03,24.201541,120.696648,2
2018,9,29,17,17,臺中市,神岡區,0,0,,8,,,50,,,,,,,,,,,,,,,,,,,,B03,,,1,,2,,,12,,1,21,,B03,24.246557,120.684957,3
2018,9,29,17,18,臺中市,北區,0,0,0,8,,,50,,,,,,,,,,,,,,,6,  ,  ,  ,  ,B03,  ,  ,1,  ,2,  ,  ,6,6,1,22,  ,B03,24.153142,120.686634,3
2018,9,29,17,22,臺中市,西屯區,0,0,,8,,,40,,,,,,,,,,,,,,,,,,,,B03,,,1,,2,,,17,,1,22,,B03,24.174297,120.63765,3
2018,9,29,17,36,臺中市,西屯區,0,2,0,8,1,5,50,14,7,1,5,4,5,7,4,4,5,5,4,2,12,26,2,6,1,1,B03,7,11,1,8,2,8,  ,26,26,1,22,8,B03,24.200339,120.643639,2
2018,9,29,17,40,臺中市,西區,0,2,0,8,1,5,50,4,1,1,5,4,5,7,4,4,10,5,5,2,15,6,2,9,1,1,C03,7,9,1,10,2,11,  ,6,6,1,20,8,C03,24.14888,120.673131,2
2018,9,29,17,46,臺中市,龍井區,0,1,0,8,3,5,50,14,9,1,5,4,5,7,4,4,5,5,5,1,12,43,3,10,1,1,B03,7,6,1,8,2,5,  ,43,43,1,9,1,B03,24.212219,120.525126,2
2018,9,29,17,54,臺中市,北區,0,1,0,8,3,5,50,4,2,1,5,4,5,7,1,1,5,5,4,2,17,8,2,9,1,1,C03,7,5,3,18,8,11,14,8,8,1,22,9,C03,24.14853,120.678279,2
2018,9,29,18,3,臺中市,北屯區,0,1,0,8,2,5,50,3,2,1,5,4,5,7,4,4,1,4,5,2,18,21,2,9,3,4,C04,7,9,1,10,5,12,  ,21,21,1,20,8,C04,24.180586,120.698902,2
2018,9,29,18,13,臺中市,大甲區,0,0,,8,,,50,,,,,,,,,,,,,,,,,,,,B03,,,1,,2,,,23,,1,21,,B03,24.344248,120.634761,3
2018,9,29,18,25,臺中市,西屯區,0,1,0,8,3,5,50,5,2,1,5,4,5,7,1,1,5,4,5,2,16,9,3,10,1,1,B03,7,6,1,8,2,6,  ,9,9,1,21,8,B03,24.200579,120.647341,2
2018,9,29,18,26,臺中市,清水區,0,0,,8,,,50,,,,,,,,,,,,,,,,,,,,C03,,,1,,2,,,6,,1,12,,C03,24.271308,120.574741,3
2018,9,29,18,30,臺中市,西屯區,0,0,,8,,,50,,,,,,,,,,,,,,,,,,,,C03,,,1,,2,,,16,,1,  ,,C03,24.167276,120.640811,3
2018,9,29,18,33,臺中市,北屯區,0,1,0,8,3,5,50,14,9,1,5,4,5,7,1,1,1,2,5,2,13,23,2,9,1,1,C03,7,9,1,10,2,11,  ,23,23,1,21,8,C03,24.170128,120.720703,2
2018,9,29,18,35,臺中市,北區,0,0,0,8,,,40,,,,,,,,,,,,,,,10,  ,  ,  ,  ,A12,  ,  ,1,  ,2,  ,  ,10,10,1,10,  ,A12,24.159168,120.669791,3
2018,9,29,18,40,臺中市,南區,0,1,0,8,3,5,50,14,9,1,5,4,5,7,4,4,10,5,5,2,14,12,3,10,1,1,B03,7,2,1,8,2,3,  ,12,12,1,21,8,B03,24.127658,120.674913,2
2018,9,29,18,42,臺中市,南屯區,0,1,0,8,3,5,50,14,9,1,5,4,5,7,4,4,5,4,5,2,14,12,3,10,1,1,B03,7,2,1,8,2,3,  ,12,12,1,22,9,B03,24.156348,120.650263,2
2018,9,29,18,45,臺中市,南屯區,0,1,0,8,3,5,40,14,12,1,5,4,5,7,4,4,5,5,4,2,29,61,  ,  ,  ,  ,   ,  ,  ,  ,  ,  ,  ,  ,61,61,1,  ,  ,   ,24.152295,120.616006,2
2018,9,29,18,55,臺中市,北屯區,0,0,0,8,3,5,40,10,16,1,5,4,5,7,4,4,10,5,5,1,13,23,3,10,3,4,B03,7,9,1,8,2,1,  ,23,23,1,21,8,B03,24.166988,120.72062,3
2018,9,29,18,58,臺中市,西屯區,0,0,,8,,,40,,,,,,,,,,,,,,,,,,,,B03,,,1,,2,,,7,,1,21,,B03,24.17292,120.63356,3
2018,9,29,19,13,臺中市,大雅區,0,0,,8,,,50,,,,,,,,,,,,,,,,,,,,B03,,,1,,2,,,23,,1,22,,B03,24.22879,120.65472,3
2018,9,29,19,15,臺中市,北屯區,0,2,0,8,3,5,50,4,1,1,5,4,5,7,2,1,10,5,5,2,15,25,3,10,1,1,B03,7,9,1,8,2,7,8,25,25,1,4,8,B03,24.180373,120.690815,2
2018,9,29,19,19,臺中市,西屯區,0,1,0,8,3,5,50,4,1,1,5,4,5,7,2,1,2,5,5,2,16,10,2,9,4,1,F01,7,11,8,20,2,16,  ,10,10,1,22,8,F01,24.174544,120.639468,2
2018,9,29,19,20,臺中市,梧棲區,0,1,0,8,3,5,50,3,2,1,5,4,5,7,4,4,5,4,5,1,16,6,3,10,1,1,B03,7,5,1,8,2,5,  ,6,6,1,19,8,B03,24.252324,120.536981,2
2018,9,29,19,21,臺中市,西區,0,1,0,8,3,5,50,4,1,1,5,4,5,7,4,4,10,5,5,2,16,8,2,9,1,1,C03,7,5,1,10,2,14,  ,8,8,1,21,8,C03,24.142849,120.667957,2
2018,9,29,19,49,臺中市,北屯區,0,0,,8,,,80,,,,,,,,,,,,,,,,,,,,B12,,,1,,2,,,23,,1,  ,,B12,24.201021,120.686075,3
2018,9,29,19,52,臺中市,西屯區,0,0,,,,,,,,,,,,,,,,,,,,,,,,,B12,,,1,,2,,,12,,1,22,,B12,24.176449,120.647165,3
2018,9,29,20,0,臺中市,西屯區,0,0,,8,,,50,,,,,,,,,,,,,,,,,,,,B02,,,1,,2,,,7,,1,22,,B02,24.16645,120.63277,3
2018,9,29,20,10,臺中市,大甲區,0,0,,8,,,40,,,,,,,,,,,,,,,,,,,,B03,,,1,,2,,,43,,1,10,,B03,24.379171,120.65217,3
2018,9,29,20,15,臺中市,南屯區,0,0,,,,,,,,,,,,,,,,,,,,,,,,,B03,,,1,,2,,,12,,1,12,,B03,24.131102,120.636756,3
2018,9,29,20,20,臺中市,西區,0,0,,8,,,50,,,,,,,,,,,,,,,,,,,,   ,,,8,,11,,,43,,1,  ,,   ,24.144083,120.677642,3
2018,9,29,20,51,臺中市,烏日區,0,0,,8,,,60,,,,,,,,,,,,,,,,,,,,B03,,,1,,2,,,23,,1,5,,B03,24.085966,120.647763,3
2018,9,29,21,2,臺中市,西屯區,0,0,,8,,,50,,,,,,,,,,,,,,,43,,,,,A02,,,1,,2,,,43,43,1,22,,A02,24.167954,120.641054,3
2018,9,29,21,5,臺中市,潭子區,0,1,0,8,3,5,60,3,2,1,5,4,5,7,1,1,1,4,4,1,13,26,2,9,1,1,C03,7,7,1,10,2,14,  ,26,26,1,22,9,C03,24.189471,120.702513,2
2018,9,29,21,30,臺中市,西屯區,0,1,0,8,3,5,40,14,8,1,5,4,5,7,4,4,1,5,5,2,18,21,2,9,1,1,C03,7,9,1,10,8,14,  ,21,21,1,21,8,C03,24.184069,120.612808,2
2018,9,29,21,30,臺中市,大肚區,0,1,0,8,3,5,70,4,1,1,5,4,5,7,1,1,10,5,5,2,16,6,3,10,1,1,B12,7,5,1,8,2,2,  ,6,6,1,18,1,B12,24.138406,120.551006,2
2018,9,29,21,44,臺中市,大雅區,0,0,,8,,,50,,,,,,,,,,,,,,,44,,,,,A11,,,1,,2,,,44,44,1,22,,A11,24.20866,120.62952,3
2018,9,29,21,57,臺中市,大里區,0,1,0,8,3,5,50,4,2,1,5,4,5,7,1,1,5,5,5,1,12,17,3,10,1,1,B03,7,9,1,6,2,15,  ,17,17,1,22,5,B03,24.086451,120.708698,2
2018,9,29,22,0,臺中市,外埔區,0,0,0,8,,,50,,,,,,,,,,,,,,,23,  ,  ,  ,  ,B03,  ,  ,1,  ,2,  ,  ,23,23,1,22,  ,B03,24.342053,120.638418,3
2018,9,29,22,6,臺中市,西區,0,0,,8,,,50,,,,,,,,,,,,,,,16,,,,,B03,,,1,,2,,,44,16,1,  ,,B03,24.151135,120.661682,3
2018,9,29,22,7,臺中市,烏日區,0,1,0,8,3,5,50,14,13,1,5,4,5,7,4,4,5,4,5,1,13,23,2,9,1,1,C03,7,9,1,10,2,11,  ,23,23,1,21,1,C03,24.11424,120.608484,2
2018,9,29,22,15,臺中市,西屯區,0,1,0,8,3,5,70,3,1,1,5,4,5,7,4,4,10,5,5,2,16,6,3,10,1,1,B03,7,6,1,8,2,2,  ,6,6,1,21,8,B03,24.177684,120.626507,2
2018,9,29,22,18,臺中市,南屯區,0,0,0,8,3,5,40,14,8,1,5,4,5,7,4,4,5,5,4,2,17,23,3,10,1,1,B03,7,9,1,8,2,5,  ,23,23,1,22,8,B03,24.155786,120.634529,4
2018,9,29,22,38,臺中市,北屯區,0,0,,8,,,50,,,,,,,,,,,,,,,,,,,,B12,,,1,,2,,,42,,1,  ,,B12,24.167601,120.700739,3
2018,9,29,23,10,臺中市,太平區,,,,8,,,40,,,,,,,,,,,,,,,,,,,,B03,,,1,,2,,,23,,1,21,,B03,24.15526,120.723426,3
2018,9,29,23,12,臺中市,北區,0,1,0,8,3,5,50,3,2,1,5,4,5,7,1,1,5,4,5,2,16,25,3,10,1,1,B03,7,9,1,8,2,2,  ,25,25,1,21,8,B03,24.148802,120.687113,2
2018,9,29,23,27,臺中市,西屯區,0,3,0,8,3,5,35,4,1,1,5,4,5,7,4,4,10,5,5,1,17,23,2,9,1,1,C03,7,5,1,10,2,12,  ,23,23,1,18,9,C03,24.173011,120.628638,2
2018,9,29,23,45,臺中市,北屯區,0,2,0,8,3,5,50,4,1,1,5,4,5,7,2,1,10,5,5,2,13,23,2,9,1,1,C03,7,9,1,10,2,11,  ,23,23,1,4,8,C03,24.163136,120.718863,2
2018,9,29,23,52,臺中市,北屯區,0,2,0,8,3,5,50,4,1,1,5,4,5,7,1,1,10,5,5,2,16,7,2,8,3,4,C03,7,10,1,10,2,11,  ,7,7,1,16,8,C03,24.172816,120.690744,2
2018,9,30,0,10,臺中市,西屯區,0,0,,8,,,50,,,,,,,,,,,,,,,,,,,,C03,,,1,,2,,,8,,1,18,,C03,24.174901,120.647035,3
2018,9,30,0,22,臺中市,西區,0,1,0,8,3,5,40,14,8,1,5,4,5,7,4,4,5,4,4,2,17,23,2,9,1,1,C03,7,9,6,10,2,11,  ,23,23,1,21,8,C03,24.157168,120.663581,2
2018,9,30,0,38,臺中市,大雅區,0,1,0,8,3,5,50,3,1,1,5,4,5,7,4,4,5,5,5,1,17,10,3,10,1,1,B03,7,11,1,8,2,8,  ,10,10,1,21,8,B03,24.220947,120.602452,2
2018,9,30,1,25,臺中市,西屯區,0,0,,8,,,50,,,,,,,,,,,,,,,,,,,,B03,,,1,,2,,,19,,1,22,,B03,24.172743,120.636053,3
2018,9,30,1,30,臺中市,北區,0,0,,8,,,50,,,,,,,,,,,,,,,,,,,,B01,,,1,,2,,,42,,1,10,,B01,24.144585,120.681941,3
2018,9,30,2,10,臺中市,潭子區,0,0,,8,,,50,,,,,,,,,,,,,,,,,,,,B01,,,1,,2,,,8,,  ,22,,B01,24.202365,120.706157,3
2018,9,30,3,38,臺中市,西區,0,1,0,8,3,5,50,4,1,1,5,4,5,7,1,1,1,4,1,2,23,23,3,10,1,1,B03,7,6,1,8,2,1,  ,23,23,1,21,8,B03,24.147983,120.672548,2
2018,9,30,4,20,臺中市,西屯區,0,0,,8,,,40,,,,,,,,,,,,,,,,,,,,B03,,,1,,2,,,12,,1,20,,B03,24.174018,120.634476,3
2018,9,30,6,0,臺中市,南屯區,0,0,,8,,,40,,,,,,,,,,,,,,,,,,,,B12,,,1,,2,,,19,,1,22,,B12,24.148951,120.623136,3
2018,9,30,6,20,臺中市,大甲區,0,2,0,8,1,5,40,4,1,1,5,4,5,7,4,4,10,5,5,2,16,6,2,8,1,1,C03,7,5,1,10,2,14,  ,6,6,1,4,8,C03,24.341744,120.621235,2
2018,9,30,6,25,臺中市,外埔區,0,0,0,8,1,5,50,3,7,1,5,4,5,7,1,1,4,5,4,1,13,23,3,10,1,1,B03,7,9,1,8,2,1,  ,23,23,1,21,8,B03,24.342364,120.637378,3
2018,9,30,6,51,臺中市,西區,0,1,0,8,1,5,50,4,1,1,5,4,5,7,4,4,10,4,5,2,16,16,3,10,1,1,B03,7,5,6,18,2,7,  ,44,16,1,5,8,B03,24.149686,120.661632,2
2018,9,30,7,1,臺中市,太平區,0,0,0,8,1,5,50,4,1,1,5,4,5,7,4,4,10,5,5,1,16,6,3,10,1,1,B03,7,5,1,8,7,2,  ,6,6,1,21,8,B03,24.158729,120.716545,3
2018,9,30,7,5,臺中市,北屯區,0,2,0,8,2,5,50,4,1,1,5,4,5,7,1,1,10,5,5,2,15,25,2,9,1,1,B03,7,9,1,8,6,2,  ,25,25,1,21,8,B03,24.1726,120.7225,2
2018,9,30,7,30,臺中市,大肚區,0,1,0,8,1,5,50,4,1,1,5,4,5,7,1,1,10,5,5,2,1,26,3,10,1,1,C03,7,4,1,10,11,14,  ,26,26,2,21,8,C03,24.172564,120.58041,2
2018,9,30,7,36,臺中市,北區,0,0,0,8,,,50,,,,,,,,,,,,,,,8,3,  ,  ,  ,B03,  ,  ,1,  ,2,  ,  ,8,8,  ,22,  ,B03,24.15487,120.682892,3
2018,9,30,8,13,臺中市,沙鹿區,0,1,0,8,1,5,50,4,1,1,5,4,5,7,1,1,10,5,5,2,15,25,2,9,1,1,C03,7,9,1,10,2,12,  ,25,25,1,5,5,C03,24.233186,120.562396,2
2018,9,30,8,54,臺中市,南區,0,1,0,8,1,5,50,14,7,1,5,4,5,7,4,4,9,5,5,2,16,6,3,10,1,1,B03,7,11,1,8,2,4,  ,6,6,1,21,8,B03,24.122518,120.653235,2
2018,9,30,8,58,臺中市,大甲區,0,2,0,8,1,5,50,14,9,1,5,4,5,7,4,4,5,4,5,1,16,8,2,8,1,1,C04,7,5,1,8,2,12,  ,8,8,1,21,8,C04,24.344952,120.626835,2
2018,9,30,9,21,臺中市,北區,0,1,0,8,1,5,50,4,1,1,5,4,5,7,1,1,10,5,5,2,17,25,3,10,3,4,B03,7,9,1,4,2,15,15,25,25,1,22,9,B03,24.165191,120.677217,2
2018,9,30,9,30,臺中市,北屯區,0,0,,8,,,50,,,,,,,,,,,,,,,,,,,,B12,,,1,,2,,,12,,1,22,,B12,24.185294,120.698196,3
2018,9,30,9,42,臺中市,清水區,0,2,0,8,1,5,50,14,7,1,5,4,5,7,4,4,1,4,4,2,3,51,2,9,4,5,H01,8,16,8,20,10,16,  ,51,51,1,20,8,H01,24.266358,120.57426,2
2018,9,30,9,46,臺中市,北屯區,0,0,,8,,,50,,,,,,,,,,,,,,,,,,,,B03,,,1,,2,,,23,,1,21,,B03,24.178278,120.720868,3
2018,9,30,9,50,臺中市,東區,0,0,,,,,,,,,,,,,,,,,,,,,,,,,B03,,,1,,2,,,16,,1,  ,,B03,24.125066,120.701563,3
2018,9,30,9,50,臺中市,沙鹿區,0,1,0,8,1,5,40,14,7,1,5,4,5,7,4,4,9,4,4,2,16,19,3,10,1,1,B12,7,1,1,8,2,8,  ,19,19,1,9,1,B12,24.213088,120.580131,2
2018,9,30,9,54,臺中市,北屯區,0,0,,8,,,50,,,,,,,,,,,,,,,,,,,,B03,,,1,,9,,,23,,2,4,,B03,24.170836,120.696,3
2018,9,30,10,1,臺中市,大里區,0,0,,8,,,40,,,,,,,,,,,,,,,,,,,,B03,,,1,,2,,,1,,1,21,,B03,24.094263,120.715083,3
2018,9,30,10,1,臺中市,大肚區,0,0,,8,,,50,,,,,,,,,,,,,,,,,,,,A12,,,1,,2,,,18,,1,10,,A12,24.151728,120.546293,3
2018,9,30,10,3,臺中市,后里區,0,1,0,8,1,5,50,4,1,1,5,4,3,5,3,1,10,5,5,2,9,60,3,10,4,5,H01,8,20,8,20,9,16,  ,60,60,1,20,9,H01,24.309501,120.726026,2
2018,9,30,10,13,臺中市,梧棲區,0,0,,8,,,50,,,,,,,,,,,,,,,,,,,,B12,,,1,,2,,,12,,  ,  ,,B12,24.246047,120.542362,4
2018,9,30,10,15,臺中市,西屯區,0,2,0,8,1,5,40,3,8,1,5,4,5,7,4,4,5,4,4,2,16,6,3,10,1,1,B03,7,6,1,8,2,2,  ,6,6,1,22,8,B03,24.166693,120.630473,2
2018,9,30,10,20,臺中市,大雅區,0,2,0,8,1,5,50,14,9,1,5,4,5,7,4,4,5,5,5,2,17,19,2,9,1,1,C03,7,1,1,10,2,11,  ,19,19,1,21,8,C03,24.222177,120.64988,2
2018,9,30,10,25,臺中市,南區,0,1,0,8,1,5,50,14,7,1,5,4,5,6,4,4,9,5,3,2,13,23,2,9,1,1,C03,7,9,3,18,2,11,  ,23,23,1,21,8,C03,24.123026,120.654186,2
2018,9,30,10,28,臺中市,梧棲區,0,0,,8,,,50,,,,,,,,,,,,,,,23,,,,,B03,,,1,,9,,,38,23,  ,  ,,B03,24.236535,120.537822,4
2018,9,30,10,34,臺中市,西區,0,0,,8,,,40,,,,,,,,,,,,,,,,,,,,C03,,,1,,2,,,16,,1,22,,C03,24.155644,120.662632,3
2018,9,30,10,37,臺中市,太平區,0,0,,8,,,50,,,,,,,,,,,,,,,,,,,,C03,,,1,,2,,,23,,1,  ,,C03,24.125855,120.71825,3
2018,9,30,10,40,臺中市,西屯區,0,0,0,8,,,40,,,,,,,,,,,,,,,19,  ,  ,  ,  ,B03,  ,  ,1,  ,2,  ,  ,19,19,1,  ,  ,B03,24.16952,120.636333,3
2018,9,30,10,42,臺中市,西屯區,0,0,0,8,1,5,40,,,,,,,,,,,,,,,17,  ,  ,  ,  ,B03,  ,  ,1,  ,2,2,  ,17,17,1,22,  ,B03,24.196473,120.658268,3
2018,9,30,11,3,臺中市,北區,0,0,0,8,,,50,,,,,,,,,,,,,,,25,3,  ,  ,  ,B03,  ,  ,1,  ,2,  ,  ,25,25,1,5,  ,B03,24.164727,120.664889,3
2018,9,30,11,6,臺中市,沙鹿區,0,2,0,8,1,5,50,3,1,1,5,4,5,7,4,4,10,5,4,2,3,23,2,9,1,1,C03,7,9,1,10,2,11,  ,23,23,1,18,5,C03,24.228214,120.574293,2
2018,9,30,11,15,臺中市,清水區,0,0,0,8,,,50,,,,,,,,,,,,,,,23,  ,  ,  ,  ,B03,  ,  ,1,  ,2,  ,  ,23,23,1,21,  ,B03,24.268603,120.53871,3
2018,9,30,11,19,臺中市,太平區,0,1,0,8,1,5,40,4,1,1,5,4,5,7,4,4,10,5,5,2,16,6,2,9,1,1,C03,7,9,1,10,2,11,  ,6,6,1,10,8,C03,24.130536,120.72217,2
2018,9,30,11,19,臺中市,沙鹿區,0,0,,8,,,50,,,,,,,,,,,,,,,,,,,,B03,,,1,,2,,,23,,2,19,,B03,24.238344,120.559892,3