年,月,日,時,分,縣市,區,死,受傷,2-30,天候,光線,道路類別,速限,道路型態,事故位置,路面鋪裝,路面狀態,路面缺陷,障礙物,視距,號誌種類,號誌動作,分向設施,快車道或一般車道間,快慢車道間,路面邊線,事故類型及型態,主要肇因,受傷程度,主要傷處,保護裝備,行動電話,當事者區分_類別,車輛用途,當事者行動狀態,駕駛資格情形,駕駛執照種類,飲酒情形,車輛撞擊部位最初,車輛撞擊部位其他,肇事因素個別,肇事因素主要,肇事逃逸,職業,旅次目的,車種,GPS座標_緯度,GPS座標_經度,事故類別
2018,9,30,11,33,臺中市,東勢區,0,1,0,8,1,5,50,3,1,1,5,4,5,7,1,1,10,5,5,2,12,26,3,10,1,1,B03,7,6,1,8,2,2,  ,26,26,1,21,8,B03,24.261843,120.823726,2
2018,9,30,11,34,臺中市,北屯區,0,0,,8,,,50,,,,,,,,,,,,,,,,,,,,B03,,,1,,2,,,16,,1,22,,B03,24.164055,120.71572,3
2018,9,30,11,45,臺中市,南區,0,1,0,8,1,5,50,14,22,1,5,4,5,7,4,4,9,5,5,2,9,23,3,10,1,1,C03,7,9,1,10,2,11,  ,23,23,1,21,8,C03,24.122296,120.681618,2
2018,9,30,11,55,臺中市,西區,0,0,0,8,,,50,,,,,,,,,,,,,,,23,3,  ,  ,  ,B12,  ,  ,1,8,2,2,  ,23,23,1,21,8,B12,24.145556,120.665238,3
2018,9,30,11,56,臺中市,南區,0,2,0,8,1,5,50,15,22,1,5,4,5,7,4,4,10,5,5,2,3,15,2,9,1,1,C03,7,6,1,10,2,12,  ,15,15,1,21,8,C03,24.130448,120.657601,2
2018,9,30,12,9,臺中市,太平區,0,2,0,8,1,5,50,4,1,1,5,4,5,7,4,4,10,5,5,2,15,23,2,9,1,1,C03,7,9,1,10,2,14,  ,23,23,2,21,1,C03,24.147032,120.701524,2
2018,9,30,12,12,臺中市,龍井區,0,1,0,8,1,5,40,4,1,1,5,4,5,7,4,4,10,5,5,2,16,6,2,8,1,1,C03,7,9,3,18,2,12,  ,6,6,1,21,8,C03,24.189186,120.596135,2
2018,9,30,12,15,臺中市,北屯區,0,1,0,8,1,5,50,4,1,1,5,4,5,3,4,4,10,5,5,2,14,12,2,1,1,1,B03,7,2,1,8,2,7,  ,12,12,1,5,8,B03,24.186263,120.684486,2
2018,9,30,12,36,臺中市,潭子區,0,2,0,8,1,5,50,4,2,1,5,4,5,7,1,1,5,4,4,2,13,23,3,10,1,1,B03,7,9,1,8,2,5,  ,23,23,1,22,8,B03,24.207268,120.70686,2
2018,9,30,12,52,臺中市,沙鹿區,0,2,0,8,1,5,40,11,9,1,5,4,5,7,4,4,10,5,5,2,11,17,2,8,1,1,C03,7,9,1,10,3,14,  ,17,17,1,5,5,C03,24.220883,120.573716,2
2018,9,30,13,0,臺中市,南屯區,0,0,,8,,,40,,,,,,,,,,,,,,,,,,,,B03,,,1,,2,,,23,,1,22,,B03,24.137306,120.63752,3
2018,9,30,13,7,臺中市,南屯區,0,0,0,8,,,50,,,,,,,,4,,,,,,,23,3,  ,  ,  ,B03,  ,  ,1,  ,2,  ,  ,23,23,1,21,  ,B03,24.132233,120.646363,3
2018,9,30,13,14,臺中市,西區,0,0,0,8,,,40,,,,,,,,,,,,,,,23,3,  ,  ,  ,B03,  ,  ,1,  ,2,  ,  ,23,23,  ,5,  ,B03,24.155894,120.65997,3
2018,9,30,13,15,臺中市,西屯區,0,0,,8,,,50,,,,,,,,,,,,,,,,,,,,C03,,,1,,2,,,17,,1,22,,C03,24.194343,120.624019,3
2018,9,30,13,18,臺中市,北屯區,0,0,,8,,,50,,,,,,,,,,,,,,,,,,,,B03,,,1,,2,,,23,,1,4,,B03,24.1821,120.7197,3
2018,9,30,13,27,臺中市,大雅區,0,1,0,8,1,5,40,3,1,1,5,4,5,3,4,4,10,5,5,1,17,6,3,10,1,1,B03,7,5,1,8,2,1,  ,6,6,1,21,8,B03,24.229733,120.656636,2
2018,9,30,13,29,臺中市,清水區,0,0,,8,,,50,,,,,,,,,,,,,,,,,,,,B03,,,1,,2,,,12,,1,19,,B03,24.271049,120.577757,3
2018,9,30,13,52,臺中市,清水區,0,0,,8,,,40,,,,,,,,,,,,,,,,,,,,B03,,,1,,2,,,7,,1,21,,B03,24.261685,120.539229,3
2018,9,30,14,6,臺中市,東區,0,0,,8,,,50,,,,,,,,,,,,,,,,,,,,B03,,,1,,2,,,19,,1,22,,B03,24.13639,120.68739,3
2018,9,30,14,7,臺中市,清水區,0,0,,8,,,40,,,,,,,,,,,,,,,,,,,,B12,,,1,,2,,,6,,1,7,,B12,24.269172,120.581823,3
2018,9,30,14,10,臺中市,中區,0,2,0,8,1,5,50,4,1,1,5,4,5,7,1,1,10,5,5,2,16,42,3,10,1,1,B03,7,6,1,8,2,5,  ,42,42,1,5,5,B03,24.13797,120.679934,2
2018,9,30,14,10,臺中市,大甲區,0,0,0,,,,,,,,,,,,,,,,,,,42,  ,  ,  ,  ,B03,  ,  ,1,  ,2,  ,  ,42,42,1,22,  ,B03,24.352252,120.61768,3
2018,9,30,14,14,臺中市,大雅區,0,1,0,8,1,5,50,4,1,1,5,4,5,7,4,4,5,5,5,1,15,6,2,9,1,1,C03,7,9,1,10,2,12,  ,6,6,1,21,8,C03,24.227345,120.640176,2
2018,9,30,14,15,臺中市,西屯區,0,1,0,8,1,5,50,14,9,1,5,4,5,7,4,4,3,5,5,2,16,6,3,10,1,1,B12,7,6,1,8,2,5,  ,6,6,1,21,8,B12,24.18161,120.625846,2
2018,9,30,14,18,臺中市,神岡區,0,2,0,8,1,7,15,15,22,1,5,4,5,7,4,4,5,5,5,1,2,23,2,8,1,1,C03,7,9,1,10,2,11,  ,23,23,1,21,8,C03,24.255929,120.656389,2
2018,9,30,14,28,臺中市,南屯區,0,0,0,8,1,5,50,15,7,1,5,4,5,7,4,4,5,4,4,2,13,23,3,10,1,1,B02,7,9,1,8,2,1,  ,23,23,1,22,8,B02,24.140414,120.627228,3
2018,9,30,14,31,臺中市,太平區,0,2,0,8,1,5,50,14,7,1,5,4,5,7,4,4,5,4,5,2,16,10,2,9,1,1,C03,7,11,1,10,2,14,  ,10,10,1,21,8,C03,24.127022,120.710639,2
2018,9,30,14,34,臺中市,烏日區,0,0,,8,,,50,,,,,,,,,,,,,,,,,,,,B03,,,1,,11,,,16,,1,21,,B03,24.107493,120.625205,3
2018,9,30,14,36,臺中市,潭子區,0,1,0,8,1,7,40,14,9,1,5,4,5,7,1,1,10,5,5,1,13,16,3,10,1,1,B03,7,9,1,8,2,1,  ,16,16,1,22,9,B03,24.218389,120.71748,2
2018,9,30,14,40,臺中市,西區,0,0,,8,1,5,50,14,7,1,5,4,5,7,2,1,5,2,5,,13,,,,,,B03,,,1,,2,,,23,,1,5,,B03,24.135957,120.682155,3
2018,9,30,14,40,臺中市,南區,0,1,0,8,1,5,50,4,7,1,5,4,5,7,1,1,10,5,5,2,17,42,2,9,1,1,C03,7,9,1,8,2,11,  ,42,42,1,21,8,C03,24.133786,120.657628,2
2018,9,30,14,50,臺中市,西區,0,2,0,8,1,5,50,4,1,1,5,4,5,7,4,4,5,4,5,2,17,26,3,10,1,1,B03,7,5,1,8,2,8,  ,26,26,1,21,8,B03,24.147399,120.662369,2
2018,9,30,14,50,臺中市,西屯區,0,2,0,8,1,5,50,3,2,1,5,4,5,7,1,1,5,5,4,2,16,19,3,10,1,1,B03,7,1,1,8,2,8,  ,19,19,1,18,8,B03,24.179296,120.592921,2
2018,9,30,15,19,臺中市,潭子區,0,1,0,8,1,5,60,3,1,1,5,4,5,7,4,4,1,4,4,1,16,6,3,10,1,1,B03,7,6,1,8,2,5,  ,6,6,1,22,8,B03,24.188421,120.702356,2
2018,9,30,15,20,臺中市,南區,0,0,0,8,,,50,,,,,,,,,,,,,,,16,3,  ,  ,  ,B03,  ,  ,1,8,2,  ,  ,16,16,  ,21,  ,B03,24.121715,120.649318,3
2018,9,30,15,20,臺中市,北屯區,0,4,0,8,1,5,50,4,1,1,5,4,5,7,1,1,10,5,5,2,15,25,2,9,3,4,C03,7,9,1,10,2,11,  ,25,25,1,21,8,C03,24.18041,120.690798,2
2018,9,30,15,20,臺中市,大里區,0,0,,8,,,50,,,,,,,,,,,,,,,,,,,,C03,,,1,,2,,,16,,1,22,,C03,24.115095,120.681072,3
2018,9,30,15,22,臺中市,東區,0,2,0,8,1,5,50,14,7,1,5,4,5,7,4,4,5,5,4,2,16,26,2,7,1,1,C03,7,9,1,10,2,11,  ,26,26,1,5,8,C03,24.132995,120.689588,2
2018,9,30,15,23,臺中市,北區,0,0,0,8,,,50,,,,,,,,,,,,,,,6,  ,  ,  ,  ,C03,  ,  ,1,  ,2,  ,  ,6,6,1,  ,  ,C03,24.161639,120.679952,3
2018,9,30,15,27,臺中市,北屯區,0,2,0,8,1,5,50,4,1,1,5,4,5,7,4,4,10,5,5,2,15,6,2,9,3,4,C03,7,9,1,10,2,14,  ,6,6,1,19,8,C03,24.167052,120.690119,2
2018,9,30,15,28,臺中市,西屯區,0,0,0,8,,,50,,,,,,,,,,,,,,,23,  ,  ,  ,  ,B03,  ,  ,1,  ,2,  ,  ,23,23,1,5,  ,B03,24.180575,120.642491,3
2018,9,30,15,30,臺中市,北屯區,0,2,0,8,1,5,40,4,1,1,5,4,5,7,1,1,10,5,5,2,13,42,3,10,1,1,B03,7,9,1,8,2,5,  ,42,42,1,5,8,B03,24.1613,120.7335,2
2018,9,30,15,30,臺中市,北屯區,0,0,0,8,,,50,,,,,,,,,,,,,,,23,  ,  ,  ,  ,B03,  ,  ,1,  ,2,  ,  ,23,23,1,9,  ,B03,24.178448,120.738421,3
2018,9,30,15,30,臺中市,西屯區,0,0,,8,,,40,,,,,,,,,,,,,,,,,,,,B03,,,1,,2,,,23,,1,21,,B03,24.179408,120.622447,3
2018,9,30,15,32,臺中市,中區,0,0,,8,,,50,,,,,,,,,,,,,,,,,,,,B03,,,1,,2,,,6,,1,  ,,B03,24.141515,120.683677,3
2018,9,30,15,35,臺中市,北屯區,0,1,0,8,1,5,50,4,1,1,5,4,5,7,4,4,10,5,5,2,15,43,3,10,1,1,B02,7,9,1,8,2,8,  ,43,43,1,21,8,B02,24.174941,120.719645,2
2018,9,30,15,40,臺中市,南屯區,0,1,0,8,1,5,50,4,1,1,5,4,5,7,1,1,10,5,5,2,16,6,3,10,1,1,B03,7,6,1,8,2,2,  ,6,6,1,21,8,B03,24.135026,120.652981,2
2018,9,30,15,40,臺中市,新社區,0,0,,8,,,50,,,,,,,,,,,,,,,,,,,,B12,,,1,,2,,,6,,1,22,,B12,24.202733,120.812326,3
2018,9,30,15,42,臺中市,龍井區,0,0,,8,,,50,,,,,,,,,,,,,,,,,,,,B03,,,1,,2,,,6,,1,9,,B03,24.177232,120.545851,3
2018,9,30,15,44,臺中市,北區,0,2,0,8,1,5,50,14,7,1,5,4,5,7,4,4,1,4,4,2,12,23,3,10,1,1,B03,7,9,1,8,2,5,  ,23,23,1,22,8,B03,24.146906,120.689315,2
2018,9,30,15,51,臺中市,南屯區,0,0,,8,,,50,,,,,,,,,,,,,,,,,,,,B12,,,1,,2,,,23,,1,22,,B12,24.147821,120.628662,3
2018,9,30,15,52,臺中市,西屯區,0,0,,8,,,50,,,,,,,,,,,,,,,,,,,,B03,,,1,,2,,,23,,1,22,,B03,24.163504,120.644195,3
2018,9,30,16,0,臺中市,東區,0,3,0,8,1,5,50,14,9,1,5,4,5,7,4,4,5,4,5,2,17,23,2,9,1,1,C03,7,9,2,18,2,11,  ,23,23,1,22,8,C03,24.128412,120.705314,2
2018,9,30,16,0,臺中市,清水區,,,,8,,,70,,,,,,,,,,,,,,,,,,,,B03,,,1,,2,,,16,,1,21,,B03,24.270477,120.567546,3
2018,9,30,16,3,臺中市,沙鹿區,0,0,,8,,,60,,,,,,,,,,,,,,,,,,,,B03,,,3,,2,,,42,,1,22,,B03,24.225722,120.576752,4
2018,9,30,16,5,臺中市,西區,0,1,0,8,1,5,40,4,1,1,5,4,5,7,1,1,10,5,5,2,16,42,3,10,1,1,B03,7,6,1,8,2,5,  ,42,42,1,5,8,B03,24.147786,120.67353,2
2018,9,30,16,8,臺中市,太平區,0,0,,8,,,40,,,,,,,,,,,,,,,,,,,,B03,,,1,,2,,,16,,1,9,,B03,24.103243,120.730727,3
2018,9,30,16,10,臺中市,北區,0,3,0,8,1,5,50,3,1,1,5,4,5,7,4,4,10,5,5,2,15,19,3,10,1,1,C03,7,1,1,10,2,11,  ,19,19,1,21,8,C03,24.159206,120.667075,2
2018,9,30,16,11,臺中市,南區,0,2,0,8,1,5,50,14,9,1,5,4,5,7,4,4,3,4,5,2,13,23,2,9,1,1,C03,7,9,1,10,2,11,  ,23,23,1,18,8,C03,24.119696,120.670092,2
2018,9,30,16,13,臺中市,龍井區,0,3,0,8,1,5,40,3,2,1,5,4,5,7,4,4,1,5,4,2,13,23,2,9,1,1,C03,7,9,1,10,2,11,  ,23,23,1,22,8,C03,24.185425,120.573897,2
2018,9,30,16,14,臺中市,西屯區,0,0,,8,,,40,,,,,,,,,,,,,,,,,,,,B03,,,1,,2,,,12,,1,22,,B03,24.183355,120.646753,3
2018,9,30,16,15,臺中市,南屯區,,,,8,,,40,,,,,,,,,,,,,,,,,,,,B03,,,1,,2,,,26,,1,22,,B03,24.152303,120.623945,3
2018,9,30,16,17,臺中市,西區,0,0,,8,,,50,,,,,,,,,,,,,,,,,,,,B03,,,1,,2,,,12,,1,5,,B03,24.149052,120.657403,3
2018,9,30,16,20,臺中市,大甲區,0,1,0,8,3,5,50,4,1,1,5,4,5,7,1,1,1,5,5,2,16,6,3,10,1,4,B03,7,5,1,8,2,8,  ,6,6,1,21,8,B03,24.342028,120.61751,2
2018,9,30,16,30,臺中市,北區,0,0,0,8,,,50,,,,,,,,,,,,,,,19,  ,  ,  ,  ,B03,  ,  ,1,  ,2,  ,  ,19,19,1,  ,  ,B03,24.16888,120.678612,3
2018,9,30,16,32,臺中市,石岡區,0,2,0,8,1,5,50,4,1,1,5,4,5,7,4,4,4,3,5,1,11,8,2,9,1,1,C03,7,5,1,10,2,11,  ,8,8,1,22,9,C03,24.275894,120.778345,2
2018,9,30,16,35,臺中市,北區,0,0,0,8,,,40,,,,,,,,,,,,,,,23,  ,  ,  ,  ,B03,  ,  ,1,  ,2,  ,  ,23,23,1,22,  ,B03,24.158808,120.677819,3
2018,9,30,16,37,臺中市,南區,0,1,0,8,1,5,50,14,9,1,5,4,5,7,4,4,1,5,5,2,13,23,2,8,1,1,C03,7,9,1,10,2,11,  ,23,23,1,4,8,C03,24.121211,120.649517,2
2018,9,30,16,38,臺中市,南區,0,0,,8,1,5,40,3,1,1,5,4,5,7,4,4,5,5,5,2,14,,,,,,B03,,,1,,2,,,12,,1,5,,B03,24.127603,120.673013,3
2018,9,30,16,40,臺中市,西區,0,0,,8,1,5,50,14,9,1,5,4,5,7,4,4,10,5,5,2,12,,,,,,B03,,,1,,2,,,23,,1,5,,B03,24.160998,120.660587,3
2018,9,30,16,50,臺中市,西區,0,0,,8,,,40,,,,,,,,,,,,,,,,,,,,B03,,,1,,2,,,26,,1,21,,B03,24.150632,120.664561,3
2018,9,30,16,55,臺中市,潭子區,0,1,0,8,1,5,50,3,1,1,5,4,5,7,1,1,8,5,5,1,15,23,3,10,1,1,B03,7,9,1,8,2,7,  ,23,23,1,22,9,B03,24.196124,120.697956,2
2018,9,30,17,9,臺中市,北屯區,0,0,,8,,,40,,,,,,,,,,,,,,,,,,,,B03,,,1,,2,,,19,,1,5,,B03,24.179281,120.74069,3
2018,9,30,17,15,臺中市,南屯區,0,0,0,8,1,5,50,14,9,1,5,4,,7,1,1,5,5,5,2,12,26,3,10,1,1,B03,7,4,1,8,2,2,  ,26,26,1,22,8,B03,24.144435,120.639413,3
2018,9,30,17,22,臺中市,西屯區,0,1,0,8,1,5,50,14,9,1,5,4,5,7,4,4,9,5,5,2,17,23,2,9,1,1,C03,7,9,1,10,2,12,  ,23,23,1,5,8,C03,24.170868,120.656866,2
2018,9,30,17,26,臺中市,西區,0,1,0,8,3,5,50,14,9,1,5,4,5,7,4,4,9,5,5,2,17,19,3,10,1,1,B03,7,1,1,8,2,8,  ,19,19,1,5,5,B03,24.14911,120.652544,2
2018,9,30,17,28,臺中市,太平區,0,1,0,8,2,5,50,14,7,1,5,4,5,7,4,4,5,5,4,1,12,17,3,10,1,1,B03,7,9,1,8,2,2,  ,17,17,1,21,8,B03,24.162876,120.704603,2
2018,9,30,17,29,臺中市,南屯區,0,0,,8,,,50,,,,,,,,,,,,,,,,,,,,B03,,,1,,2,,,16,,1,5,,B03,24.143868,120.634266,4
2018,9,30,17,30,臺中市,石岡區,0,0,,8,,,40,,,,,,,,,,,,,,,,,,,,B03,,,1,,2,,,12,,1,22,,B03,24.262508,120.814128,3
2018,9,30,17,31,臺中市,沙鹿區,0,1,0,8,1,5,40,4,1,1,5,4,5,7,4,4,10,5,5,2,15,6,2,9,1,1,C02,7,9,1,9,2,12,  ,6,6,1,21,8,C02,24.214499,120.580043,2
2018,9,30,17,33,臺中市,南屯區,0,1,0,8,1,5,50,4,1,1,5,4,5,7,4,4,10,5,5,2,16,6,3,10,1,1,C03,7,6,1,10,2,12,  ,6,6,1,22,8,C03,24.155888,120.646883,2
2018,9,30,17,38,臺中市,烏日區,0,1,0,8,2,5,60,14,12,1,5,4,5,7,4,4,1,4,4,1,17,6,3,10,1,1,B03,7,6,1,8,2,7,  ,6,6,1,21,8,B03,24.108863,120.606685,2
2018,9,30,17,46,臺中市,神岡區,0,2,0,8,3,5,40,14,9,1,5,4,5,7,4,4,9,5,5,2,11,19,2,9,4,1,F01,7,1,8,20,8,16,  ,19,19,1,21,8,F01,24.263339,120.679098,2
2018,9,30,17,52,臺中市,北屯區,0,1,0,8,3,5,40,14,8,1,5,4,5,7,4,4,1,4,4,2,12,40,3,10,1,1,B12,7,14,1,8,2,4,  ,40,40,1,21,8,B12,24.182849,120.701888,2
2018,9,30,17,55,臺中市,南屯區,,,,8,,,50,,,,,,,,,,,,,,,,,,,,B03,,,1,,2,,,26,,1,22,,B03,24.147428,120.638375,3
2018,9,30,17,58,臺中市,梧棲區,0,0,,8,,,40,,,,,,,,,,,,,,,,,,,,B03,,,1,,2,,,7,,1,9,,B03,24.245699,120.547756,4
2018,9,30,18,0,臺中市,潭子區,0,2,0,8,2,7,40,4,1,1,5,4,5,7,1,1,5,5,5,1,16,7,2,8,1,1,C03,7,8,1,10,2,13,  ,7,7,1,22,9,C03,24.204476,120.716382,2
2018,9,30,18,10,臺中市,北屯區,0,0,0,8,1,5,50,4,1,1,5,4,5,7,1,1,10,5,5,2,20,23,3,10,3,4,B03,7,6,1,8,2,2,  ,23,23,1,21,8,B03,24.171075,120.694068,3
2018,9,30,18,22,臺中市,西屯區,0,1,0,8,3,5,50,3,1,1,5,4,5,7,1,1,10,5,5,2,16,9,3,10,3,4,B03,7,6,1,8,2,5,  ,9,9,1,21,9,B03,24.157208,120.646733,2
2018,9,30,18,24,臺中市,南屯區,0,0,0,8,3,5,50,14,9,1,5,4,,7,1,1,1,2,5,2,12,26,3,10,1,1,B03,7,8,1,8,2,5,  ,26,26,1,22,8,B03,24.143701,120.647787,3
2018,9,30,18,28,臺中市,潭子區,0,0,,8,,,50,,,,,,,,,,,,,,,,,,,,B03,,,1,,2,,,16,,1,22,,B03,24.210497,120.710172,3
2018,9,30,18,30,臺中市,北屯區,0,0,,8,,,50,,,,,,,,,,,,,,,,,,,,B03,,,1,,2,,,23,,1,4,,B03,24.182078,120.688888,3
2018,9,30,18,30,臺中市,北屯區,0,0,,8,,,50,,,,,,,,,,,,,,,,,,,,B03,,,1,,2,,,43,,1,21,,B03,24.175622,120.689186,3
2018,9,30,18,36,臺中市,西區,0,0,,8,,,50,,,,,,,,,,,,,,,,,,,,B03,,,1,,2,,,26,,1,21,,B03,24.146722,120.653007,3
2018,9,30,18,48,臺中市,東區,0,0,0,8,3,4,50,14,7,1,5,4,5,7,4,4,1,4,5,2,13,43,3,11,3,4,B02,7,9,7,19,11,1,  ,43,43,2,21,8,B02,24.141382,120.68598,3
2018,9,30,19,2,臺中市,西屯區,0,0,,8,,,50,,,,,,,,,,,,,,,,,,,,B12,,,1,,2,,,16,,1,22,,B12,24.183483,120.61815,3
2018,9,30,19,11,臺中市,北區,0,1,0,8,3,5,50,4,2,1,5,4,5,7,1,1,10,5,4,2,13,16,2,8,1,1,C01,7,5,1,9,2,12,  ,16,16,1,22,8,C01,24.148244,120.683581,2
2018,9,30,19,25,臺中市,南屯區,,,,8,,,50,,,,,,,,,,,,,,,,,,,,B03,,,1,,2,,,16,,1,22,,B03,24.150934,120.649815,3
2018,9,30,19,40,臺中市,南屯區,0,1,0,8,3,5,50,3,1,1,5,4,5,7,1,1,10,5,5,2,13,23,3,10,1,1,B03,7,9,1,8,2,1,  ,23,23,1,22,9,B03,24.136328,120.610358,2
2018,9,30,19,47,臺中市,南區,0,0,0,8,3,5,50,14,8,1,5,4,5,7,4,4,5,4,4,2,17,23,3,10,1,1,B12,7,15,1,8,2,2,  ,23,23,1,21,8,B12,24.122022,120.654159,3
2018,9,30,19,50,臺中市,大里區,0,0,,8,,,70,,,,,,,,,,,,,,,,,,,,B03,,,1,,9,,,7,,1,22,,B03,24.100032,120.669657,3
2018,9,30,20,8,臺中市,西屯區,0,2,0,8,3,5,60,4,1,1,5,4,5,7,1,1,10,5,5,2,16,25,3,10,1,1,B03,7,5,1,8,2,5,  ,25,25,1,21,8,B03,24.164609,120.646448,2
2018,9,30,20,12,臺中市,梧棲區,0,2,0,8,3,5,40,4,1,1,5,4,5,7,3,1,10,5,5,2,17,43,2,9,1,1,C03,7,9,1,10,2,15,  ,43,43,1,11,1,C03,24.23446,120.539981,2
2018,9,30,20,13,臺中市,西屯區,0,0,,8,,,40,,,,,,,,,,,,,,,,,,,,B03,,,1,,2,,,42,,1,22,,B03,24.162766,120.628788,3
2018,9,30,20,17,臺中市,豐原區,0,1,0,7,3,5,50,4,1,1,5,4,5,7,1,1,5,4,4,2,17,6,3,10,1,1,B03,7,5,1,8,2,6,  ,6,6,1,21,8,B03,24.252155,120.723511,2
2018,9,30,20,20,臺中市,潭子區,0,0,,8,,,50,,,,,,,,,,,,,,,,,,,,B03,,,1,,1,,,23,,1,21,,B03,,,3
2018,9,30,20,24,臺中市,西屯區,0,1,0,7,3,5,50,14,7,1,5,4,5,7,4,4,5,4,4,2,17,38,3,10,1,3,B03,7,13,1,8,2,4,  ,38,38,1,22,8,B03,24.166871,120.651721,2
2018,9,30,20,26,臺中市,沙鹿區,0,0,,,,,,,,,,,,,,,,,,,,,,,,,B03,,,1,,2,,,12,,1,  ,,B03,,,3
2018,9,30,20,30,臺中市,北屯區,0,0,,8,,,40,,,,,,,,,,,,,,,,,,,,B03,,,1,,2,,,19,,1,4,,B03,24.17912,120.674553,3
2018,9,30,20,30,臺中市,大雅區,0,1,0,8,3,5,50,14,9,1,5,4,5,7,4,4,1,4,4,1,12,7,2,8,1,1,C03,7,7,1,10,2,14,  ,7,7,1,21,8,C03,24.221314,120.653034,2
2018,9,30,20,32,臺中市,南區,0,0,,,,,,,,,,,,,,,,,,,,,,,,,B03,,,1,,2,,,6,,1,4,,B03,24.125641,120.682564,3
2018,9,30,20,40,臺中市,豐原區,0,1,0,8,3,5,50,3,2,1,5,4,5,7,3,1,10,5,5,2,16,42,3,10,3,4,B03,7,6,1,8,2,4,  ,42,42,1,22,8,B03,24.254836,120.728068,2
2018,9,30,20,44,臺中市,南屯區,0,2,0,8,3,5,50,4,1,1,5,4,5,7,1,1,10,5,5,2,16,6,2,9,1,1,C03,7,5,1,10,2,12,  ,6,6,1,22,8,C03,24.140918,120.642245,2
2018,9,30,20,46,臺中市,龍井區,0,2,0,8,3,5,50,14,7,1,5,4,5,7,4,4,5,5,4,2,9,23,2,9,1,1,C03,7,9,1,10,2,11,  ,23,23,1,22,8,C03,24.181146,120.59095,2
2018,9,30,21,0,臺中市,北區,0,0,0,8,,,50,,,,,,,,,,,,,,,23,  ,  ,  ,  ,B03,  ,  ,1,  ,2,  ,  ,23,23,1,  ,  ,B03,24.171494,120.690272,3
2018,9,30,21,13,臺中市,北屯區,0,2,0,8,3,5,40,3,1,1,5,4,5,7,4,4,10,5,5,2,16,6,2,9,1,1,C03,7,5,1,10,2,11,  ,6,6,1,21,8,C03,24.182414,120.666733,2
2018,9,30,21,14,臺中市,北屯區,0,0,,8,,,50,,,,,,,,,,,,,,,,,,,,B03,,,1,,2,,,26,,1,  ,,B03,24.202662,120.7848,3
2018,9,30,21,15,臺中市,太平區,0,0,0,8,3,5,50,4,2,1,5,4,5,7,1,1,5,5,5,1,13,23,3,10,1,1,B03,7,9,1,8,5,1,  ,23,23,1,21,8,B03,24.150093,120.710512,3
2018,9,30,21,20,臺中市,南屯區,0,0,,8,,,50,,,,,,,,,,,,,,,,,,,,B03,,,1,,2,,,42,,1,22,,B03,24.142311,120.637777,3
2018,9,30,21,26,臺中市,西區,0,1,0,8,3,5,50,4,1,1,5,4,5,7,4,4,10,5,5,2,15,6,2,8,1,1,C03,7,9,1,10,2,11,  ,6,6,1,5,9,C03,24.152857,120.664575,2
2018,9,30,21,30,臺中市,北區,0,0,0,8,,,50,,,,,,,,,,,,,,,23,  ,  ,  ,  ,A11,  ,  ,1,  ,2,  ,  ,23,23,1,  ,  ,A11,24.147538,120.675457,3
2018,9,30,21,38,臺中市,沙鹿區,0,2,0,8,1,5,50,4,1,1,5,4,5,7,1,1,10,5,5,2,16,6,2,9,1,1,C03,7,5,1,10,2,11,  ,6,6,1,5,9,C03,24.224374,120.576705,2
2018,9,30,21,44,臺中市,南區,0,0,,8,3,5,50,4,1,1,5,4,5,7,2,1,10,5,5,2,15,,,,,,C03,,,1,,2,,,25,,2,18,,C03,24.124964,120.663952,3
2018,9,30,21,45,臺中市,西屯區,0,1,0,8,3,5,50,4,1,1,5,4,5,7,1,1,10,5,5,2,16,6,3,10,1,1,B03,7,5,1,8,2,8,  ,6,6,1,5,8,B03,24.161326,120.633815,2
2018,9,30,21,45,臺中市,石岡區,0,0,,8,,,70,,,,,,,,,,,,,,,,,,,,B03,,,1,,2,,,6,,1,  ,,B03,24.274324,120.776865,3
2018,9,30,21,50,臺中市,龍井區,0,0,,8,,,40,,,,,,,,,,,,,,,,,,,,B03,,,1,,2,,,23,,1,21,,B03,24.181465,120.591295,3
2018,9,30,22,15,臺中市,北屯區,0,0,,8,,,50,,,,,,,,,,,,,,,,,,,,B03,,,6,,2,,,19,,1,21,,B03,24.169658,120.702897,3
2018,9,30,22,15,臺中市,西屯區,0,1,0,8,3,5,50,3,1,1,5,4,5,7,4,4,10,5,5,2,13,16,2,9,1,1,C03,7,9,1,10,2,11,  ,16,16,1,21,8,C03,24.171946,120.648441,2
2018,9,30,22,54,臺中市,南區,0,1,0,8,4,5,50,11,7,1,5,4,5,7,4,4,1,4,5,2,12,23,3,10,1,1,B03,7,9,1,8,2,2,  ,23,23,1,5,5,B03,24.12224,120.661128,2
2018,9,30,23,5,臺中市,大里區,0,1,0,8,3,5,50,4,1,1,5,4,5,7,3,1,10,5,5,2,15,6,3,10,1,1,B12,7,9,1,8,2,1,  ,6,6,1,22,8,B12,24.108645,120.686258,2
2018,9,30,23,27,臺中市,北屯區,0,1,0,8,3,5,50,14,7,1,5,4,5,7,4,4,5,5,4,2,12,23,3,10,1,1,B12,7,9,6,8,2,2,  ,23,23,1,21,8,B12,24.176456,120.680016,2